user_id,name,email,gender,city,signup_date
U000001,Angel Hill,donaldgarcia@example.net,Other,New Roberttown,3/13/2025
U000002,Jesse Guzman,jennifermiles@example.com,Male,South Bridget,3/5/2024
U000003,Adam Shaffer,jpeterson@example.org,Male,Curtisfurt,7/7/2025
U000004,Melanie Munoz,blairamanda@example.com,Other,New Kellystad,3/7/2024
U000005,Janet Williams,kendragalloway@example.org,Female,South Joshuastad,1/29/2025
U000006,Michael Santiago,lynchgeorge@example.net,Male,East Steven,4/21/2024
U000007,Sara Watts,gabriellecameron@example.org,Male,Port Antonio,7/3/2024
U000008,Joseph Clark,jason76@example.net,Male,Thomasberg,8/3/2024
U000009,Anna Baker,zhurst@example.com,Other,East William,6/17/2024
U000010,Brandon Rodriguez,laurahenderson@example.org,Male,Jamesmouth,3/3/2024
U000011,Tasha Valencia,frazierdanny@example.net,Other,Kaylamouth,12/27/2024
U000012,Ryan Chavez,teresa28@example.org,Other,Meaganhaven,3/17/2024
U000013,Eric Farmer,georgetracy@example.org,Other,Natashaport,2/20/2025
U000014,John Bradley,millertodd@example.org,Male,East Donna,6/12/2024
U000015,Frederick Rose,ibrandt@example.net,Other,Lake Larry,10/9/2025
U000016,Debra Kim,omartinez@example.org,Female,Andrewside,11/11/2025
U000017,Jeffrey Jones,perezrebecca@example.com,Male,New Johnfort,6/6/2024
U000018,David Walls,esanchez@example.com,Male,North Collin,5/26/2024
U000019,Rodney Owens,nuneztracey@example.org,Male,South Jessicaville,10/21/2024
U000020,James West,dwhite@example.org,Male,South Lindseyside,6/19/2024
U000021,Denise Fernandez,novaksara@example.org,Male,South Todd,3/7/2024
U000022,Richard Brown,ysmith@example.com,Other,Mitchellside,5/26/2024
U000023,Tommy Lee,tanyariley@example.net,Other,Lake Leeton,3/28/2025
U000024,Wesley Farrell,brianromero@example.org,Male,New Carlosbury,2/3/2025
U000025,Shelly Hudson,harveyrobert@example.net,Other,Sarahborough,10/3/2024
U000026,Leon Baker,emilyevans@example.com,Male,North Stephenshire,4/3/2025
U000027,Charles Lewis,david51@example.org,Other,Justinmouth,11/12/2025
U000028,Jade Carr,contrerasangela@example.net,Other,East Josephville,7/24/2025
U000029,Eric Campbell,jenniferharris@example.net,Other,Williamview,5/22/2025
U000030,Meghan Davis,ccalderon@example.org,Other,Kellieview,9/11/2025
U000031,Scott Thornton,rodriguezsierra@example.net,Female,New Barry,4/20/2024
U000032,Angela Jordan,parkerrachel@example.org,Male,Jasonbury,9/9/2024
U000033,Michael Castro,vdickson@example.org,Female,Port Francisco,4/1/2025
U000034,Gregory Gutierrez,jillcook@example.com,Other,West Erik,7/1/2025
U000035,Patrick Williams,dwalker@example.com,Female,Loribury,4/24/2025
U000036,Donna Ross,michelle45@example.net,Male,Frazierside,6/1/2024
U000037,Anthony Wiley,gregory40@example.org,Male,Reedmouth,8/14/2024
U000038,Tracey Wilson,jonathanfletcher@example.org,Other,West Ryan,10/25/2024
U000039,Samantha Hanson,cortezkevin@example.com,Female,Nguyenport,10/11/2025
U000040,James Ortega,lbyrd@example.net,Female,Richardtown,1/14/2025
U000041,Jason Floyd,steven73@example.net,Female,Leonburgh,7/26/2024
U000042,Justin Beck,clarence34@example.org,Male,East Andrew,3/26/2025
U000043,Thomas Atkinson,gibsonolivia@example.net,Male,Lake Heather,6/16/2024
U000044,John Douglas,staffordmichelle@example.org,Female,Robinsonhaven,12/4/2024
U000045,Angela Lowery,bryantlaurie@example.net,Male,Stephaniemouth,11/13/2024
U000046,Jennifer Wagner,vmerritt@example.com,Male,Greenbury,2/23/2025
U000047,Joshua Strickland,rsims@example.com,Female,Lake Justinview,7/28/2025
U000048,Patricia Miller,jessebenson@example.net,Male,North Robert,8/17/2024
U000049,Steven Brown,xprice@example.net,Female,Port Nicoleshire,8/14/2024
U000050,Adam Bell,acastaneda@example.net,Female,South Jeffrey,9/17/2024
U000051,Anthony Rogers,dramsey@example.org,Other,South Brittanytown,10/25/2024
U000052,Roy Camacho,brentgray@example.org,Female,Murphyfurt,2/27/2024
U000053,Stephanie Fisher,ruizkaitlyn@example.org,Male,Jeffreyland,7/9/2024
U000054,Denise Webster,jamessmith@example.org,Other,East Thomas,6/18/2025
U000055,Stacie Marshall,katie29@example.net,Female,Port Loriport,3/19/2024
U000056,Anthony Collins,tsanders@example.org,Other,New Hannahbury,3/14/2024
U000057,Kendra Jefferson,hoganashlee@example.org,Male,Amandastad,3/10/2024
U000058,Deborah Smith,gshort@example.com,Female,Cynthiamouth,2/17/2024
U000059,Ryan Gross,christina87@example.com,Male,Petersenshire,4/28/2025
U000060,Melissa Rivas,ramirezshannon@example.com,Other,Rogersfort,7/2/2024
U000061,Hunter Lewis,matthew94@example.net,Female,New Stacyland,8/5/2025
U000062,Richard Peters,hannahbrewer@example.com,Other,Mcguireland,6/14/2024
U000063,Richard Sanchez,thomas85@example.com,Other,Michaelmouth,7/20/2024
U000064,John Martinez,leslienewton@example.net,Female,East Javier,7/4/2024
U000065,Jenny Bray,tina34@example.org,Other,Harrytown,11/27/2024
U000066,David Williams,tranheidi@example.org,Male,Garciatown,4/29/2025
U000067,Taylor Alexander,tammyking@example.com,Other,Port Cameronfort,1/27/2025
U000068,Crystal Brown,lisaavery@example.org,Male,North Angela,2/20/2024
U000069,Caitlin Montgomery,chayes@example.com,Male,Torreston,10/11/2024
U000070,Jody Meza,colleenbaker@example.org,Other,East Glenn,2/20/2025
U000071,Aaron Hayes,ocarter@example.com,Male,Jacquelinemouth,2/21/2024
U000072,Jesus Baker,ronaldstephens@example.net,Female,West Margaret,2/18/2024
U000073,Gabriel Parker,scott74@example.net,Male,Benderhaven,2/18/2024
U000074,Samuel George,mnavarro@example.com,Male,North Jeremyshire,1/4/2025
U000075,Andrew Hubbard,barbara27@example.net,Male,Moonburgh,2/5/2025
U000076,Ryan Olsen,harrisonricky@example.com,Female,Port Eugenechester,11/12/2025
U000077,Keith Landry,gibsonleonard@example.com,Female,Port Richardhaven,4/19/2025
U000078,Aaron Booth,mgutierrez@example.net,Female,Cindyfort,7/18/2025
U000079,Kathleen Harris,sarakim@example.net,Other,Martinezbury,3/3/2025
U000080,Lance Smith,hdavis@example.com,Female,Lake Marilynfort,4/30/2025
U000081,Kelly Thornton,edavenport@example.org,Male,Arnoldfurt,9/29/2025
U000082,Carol Francis,michellehill@example.com,Female,Sarahhaven,5/10/2024
U000083,Aaron Barber,cgrimes@example.net,Female,Reedside,7/1/2024
U000084,Nicholas Cantu,tinaallen@example.com,Male,Port Kimberly,6/5/2025
U000085,Julie Thornton,qhughes@example.net,Other,South Tammie,1/30/2024
U000086,Tammy Rivera,sawyerscott@example.net,Female,Smithberg,3/27/2024
U000087,Diana Moore,qharrington@example.com,Other,Santosmouth,10/7/2024
U000088,Michele James,courtney78@example.org,Other,East Crystalport,8/6/2025
U000089,Julie Hamilton,hodgesjane@example.org,Other,Jacksonport,11/13/2025
U000090,Brandon Flynn,michael62@example.org,Male,Knightburgh,9/9/2025
U000091,Christian Pitts,tyleraguilar@example.org,Other,Littlemouth,4/26/2024
U000092,Albert Ballard,erica21@example.com,Other,Vanessaport,6/23/2024
U000093,Roger Wright,james67@example.org,Male,South Ashley,3/13/2025
U000094,Victoria Phillips,khill@example.net,Other,New Julieport,1/28/2025
U000095,Jerry Pham,danaoliver@example.net,Other,Lake Colton,6/14/2025
U000096,Benjamin Kramer,rileyjessica@example.org,Male,Markchester,3/5/2025
U000097,David Ryan,alyssa42@example.com,Male,Coffeyport,4/30/2024
U000098,Matthew Wilson,taylortammy@example.net,Female,Coffeyside,5/25/2025
U000099,Krystal Smith,gibsonemily@example.net,Female,Brendastad,9/7/2024
U000100,Jesus Johnson,rose31@example.net,Female,Blankenshipport,3/15/2024
U000101,Darryl Williams,torrestravis@example.org,Other,New Derek,3/20/2025
U000102,Ellen Paul,umatthews@example.org,Other,Penafort,11/6/2024
U000103,Sheila Ramirez,jeff73@example.com,Other,Lake Michaelstad,2/25/2025
U000104,Joshua Donaldson,ndavis@example.net,Male,North Kristinbury,2/11/2024
U000105,Kristin Harris,brendali@example.org,Other,Kimtown,11/7/2025
U000106,Tracey Huerta,lauren10@example.org,Female,West Kristybury,7/8/2024
U000107,Alfred Baker,judyfox@example.net,Male,South Shanestad,2/6/2025
U000108,Daniel Gordon,acostaregina@example.net,Male,Stephentown,12/17/2024
U000109,Timothy Morales,henryrenee@example.org,Male,West Charleneland,2/11/2024
U000110,Claudia Richards,oscar98@example.com,Female,Wagnerchester,3/27/2024
U000111,Jacqueline Farrell,russellbeasley@example.com,Female,Mariafurt,3/8/2024
U000112,Cody Simmons,nicholas27@example.org,Female,Port Christopherchester,10/11/2024
U000113,Joanne Cain,willisanna@example.com,Male,South Michaelchester,3/7/2024
U000114,Jennifer Schmitt,michael98@example.org,Male,Lake Timothy,8/16/2025
U000115,Michael Hawkins,farmeraudrey@example.com,Other,New Sarahview,8/2/2025
U000116,Joshua Farmer,michael22@example.net,Other,Jonestown,1/20/2024
U000117,Alyssa Bennett,xpeterson@example.com,Female,Kimberlyshire,3/3/2024
U000118,Nicole Moore,craigjoseph@example.net,Male,Tuckermouth,2/11/2025
U000119,Jason Hunt,russell49@example.com,Other,Brandonfurt,10/10/2024
U000120,Brian Harris,katrinaduran@example.com,Female,Davidfort,11/4/2025
U000121,Gregory James,vincentwhitaker@example.com,Female,South Michelleton,5/25/2025
U000122,Steve Miller,barbara96@example.net,Other,Robertsfurt,10/25/2024
U000123,Mark Solis,xcollier@example.org,Female,Richardbury,1/15/2024
U000124,Richard Miller,julie35@example.org,Male,New Cynthiahaven,10/25/2024
U000125,Rebecca Bailey,joelthomas@example.org,Female,New Eric,12/14/2024
U000126,Charles Bean,kmarshall@example.net,Male,Maldonadoshire,6/3/2025
U000127,Valerie Morris,edward17@example.com,Male,Laurashire,3/15/2025
U000128,William Collins,xjohnson@example.com,Other,Lake Michelleland,2/8/2024
U000129,William Ford,colelisa@example.net,Other,West Cassidy,2/24/2025
U000130,Susan Hayes,toni18@example.net,Other,North John,12/8/2024
U000131,Scott Mills,michaelhardin@example.com,Female,Schroederton,10/26/2024
U000132,Deborah Jones,grantpaul@example.com,Other,West Christopher,6/23/2025
U000133,Sabrina Collins,tanderson@example.org,Other,Angelicamouth,3/29/2025
U000134,Elizabeth Calderon,lucasrodney@example.com,Female,West Kyleborough,7/10/2025
U000135,Katie Lee,ericphillips@example.org,Other,Lake Matthewberg,8/21/2024
U000136,Eric White,jenniferwilliams@example.com,Female,South Cheryl,2/12/2025
U000137,Kristen Young,kylestokes@example.com,Female,West Erika,5/29/2025
U000138,Scott Hammond,ashaw@example.org,Male,Port Cassandra,1/25/2025
U000139,Brett Castillo,angela18@example.org,Male,Christopherburgh,8/20/2025
U000140,Rebecca Hernandez,odavis@example.com,Other,Sarahchester,7/5/2024
U000141,Wayne Young,brooksanthony@example.org,Female,Laceyberg,2/6/2024
U000142,Samantha Kennedy,katherineharrison@example.net,Male,North Andrewborough,1/27/2024
U000143,Ana Acosta,srodriguez@example.org,Male,Davidbury,7/25/2025
U000144,Laura Bryant,copelandvincent@example.net,Male,Lake Zacharybury,10/14/2024
U000145,Kelly Smith,john62@example.net,Male,New Theresaland,5/6/2025
U000146,Amy Hartman,myerstheodore@example.net,Other,Zavalaview,10/14/2025
U000147,Michael Jones,jessicafuller@example.net,Male,Dennisstad,5/26/2025
U000148,Lisa Thompson,epollard@example.net,Other,Port Dennis,1/8/2025
U000149,Sherry Johnson,bradleygonzalez@example.org,Female,Sarahhaven,5/4/2025
U000150,Lisa Kennedy,mullinsjames@example.com,Other,Port Dianaview,9/29/2024
U000151,Micheal Preston,ykline@example.com,Male,South Heather,3/26/2024
U000152,Laura Adams,acostachristian@example.net,Female,New Kelly,9/8/2024
U000153,Mark Phillips,bmorrison@example.org,Female,Bellton,3/11/2024
U000154,Rhonda Mendez,yhill@example.org,Other,Lake Danastad,5/12/2025
U000155,Kara Moore,thomascathy@example.com,Female,East Carlosstad,12/16/2024
U000156,Stacy Johnson,erikarush@example.com,Other,Hinesshire,9/4/2024
U000157,Michael Edwards,john10@example.net,Female,South April,4/4/2024
U000158,David Hampton,nlewis@example.com,Other,Gonzalezberg,9/16/2025
U000159,Shannon Roach,zosborn@example.net,Male,Elizabethland,8/6/2025
U000160,Kelly Evans,jenniferho@example.net,Other,Port Michael,1/11/2025
U000161,Tracie Conner,kristyjohnson@example.net,Other,Tannerside,6/2/2024
U000162,Nicole Jones,ukey@example.com,Male,Hammondshire,3/29/2024
U000163,Teresa Day,howens@example.com,Other,Port Kimberly,2/20/2024
U000164,Hunter Burch,dshaw@example.org,Other,West Fred,3/13/2025
U000165,Jenna Reed,meghan43@example.net,Female,Davidport,8/8/2024
U000166,Clarence Davidson,georgeweber@example.net,Other,Meganshire,2/24/2025
U000167,Michelle Miller,debra96@example.net,Female,South Pamelaside,1/29/2024
U000168,Sue Webb,eevans@example.net,Male,East Scottfort,7/17/2024
U000169,Matthew Thomas,jessica56@example.org,Female,Zacharyville,11/13/2024
U000170,Steven Adams,donaldwilliams@example.com,Female,Wrightburgh,8/6/2024
U000171,Sarah Griffith,kathrynjimenez@example.net,Male,Jimenezport,7/10/2025
U000172,Christopher Long,nlevy@example.net,Female,Brandonport,12/6/2024
U000173,Nicole Pena,amitchell@example.org,Male,Andersonview,12/4/2024
U000174,Kathryn Diaz,jwilliams@example.org,Other,Angelaland,5/12/2025
U000175,Shannon Pierce,andersoncolin@example.com,Other,Angelastad,9/21/2024
U000176,James Hicks,williamsderrick@example.com,Female,Stoneberg,5/31/2025
U000177,Zachary Murphy,francisco94@example.net,Other,Williamhaven,2/18/2025
U000178,Jeanne Evans,richardsonemily@example.com,Male,Lauratown,12/30/2024
U000179,Joseph Rios,jennifersilva@example.org,Other,Hernandezbury,2/12/2025
U000180,Stacy Rodriguez,alexanderrobert@example.com,Male,South Warren,1/22/2024
U000181,Thomas Charles,thorntonapril@example.net,Other,Whitneyfort,2/22/2025
U000182,Lee Thompson,amy49@example.com,Female,East Joshua,12/25/2024
U000183,Shelly Hendrix,janet75@example.com,Other,Annview,7/23/2024
U000184,Ashley Daniels,xcardenas@example.org,Other,Bobbyland,7/15/2024
U000185,Scott Scott,ilewis@example.com,Other,Derrickshire,8/24/2024
U000186,Brent Stein,danawilliams@example.com,Male,Jenniferville,6/12/2024
U000187,Derrick Oconnell,richarddonovan@example.com,Male,Santosport,4/10/2025
U000188,Debbie Velez,pearsonjesse@example.net,Female,East Robertburgh,8/7/2024
U000189,Benjamin Huff,vlopez@example.com,Male,North Kennethville,9/30/2025
U000190,Matthew Gibson,ismall@example.net,Other,Nelsonville,9/27/2025
U000191,Jessica Wong,alexisrogers@example.com,Other,East Cheryl,8/14/2024
U000192,Richard Patterson,christopher12@example.org,Male,Morrisbury,3/12/2025
U000193,Patrick Griffin,stephanie49@example.net,Other,West Desireebury,1/5/2024
U000194,David Parker,tparks@example.com,Female,Lake Sabrinaport,2/12/2024
U000195,Jeffrey Bernard,vhernandez@example.net,Female,Robertside,9/8/2024
U000196,Katherine Pham,kathleenbecker@example.net,Male,New Seanstad,9/16/2025
U000197,Anne Brown,ashleyhernandez@example.com,Male,Wilsonborough,2/23/2024
U000198,Tracy Nolan,dstokes@example.org,Female,Bryantton,5/5/2025
U000199,Emily Parker,fosterlisa@example.net,Female,New Charles,1/17/2025
U000200,Isabella Weaver,michaelcesar@example.com,Male,West Robertberg,10/16/2024
U000201,Tiffany Brewer,ybrooks@example.com,Male,Bennettside,6/7/2025
U000202,Michelle Wilson,urice@example.org,Male,Port Andrewport,3/31/2024
U000203,Jennifer Coleman,pmorrow@example.com,Other,Ericborough,11/12/2024
U000204,Jessica Rodriguez,bmendez@example.org,Male,North Craig,10/3/2025
U000205,Carla Warner,sanchezbradley@example.com,Male,New Jeff,1/23/2024
U000206,Brian Gordon,jim95@example.net,Other,Joelberg,8/13/2025
U000207,Adriana Gutierrez,bruce92@example.net,Female,Peterston,11/5/2025
U000208,Shelly Powers,heather62@example.com,Male,Whiteside,10/27/2025
U000209,Melissa Turner,lindamelendez@example.net,Other,Faulknerside,11/19/2024
U000210,Paul Scott,deborah75@example.org,Male,North Joseph,12/28/2024
U000211,Carrie Russo,lindamatthews@example.net,Male,South Jason,4/5/2025
U000212,Kevin Stout,sharonhayden@example.org,Other,Rochaborough,9/12/2025
U000213,John Morris,oscar85@example.com,Female,Michaelfort,9/28/2024
U000214,Leah Bowen,robin55@example.com,Other,New Michelleberg,11/14/2024
U000215,Angela Silva,mphillips@example.com,Male,South Ashley,1/12/2024
U000216,Andrea Harding,jonathan77@example.com,Female,Lake Laura,6/17/2024
U000217,Jennifer Freeman,warrenmary@example.org,Other,Port Adamberg,4/25/2024
U000218,Jesse Mann,robinsonstephen@example.org,Other,Hopkinstown,7/30/2025
U000219,Andrea Smith,amanda40@example.net,Female,Drakeburgh,1/5/2024
U000220,Cole Hernandez,christineking@example.com,Male,Lauraland,3/14/2024
U000221,Richard Cunningham,kevinclayton@example.org,Other,North Richardfurt,9/12/2024
U000222,Brian Smith,christopherbruce@example.net,Other,Arielville,1/13/2025
U000223,Samantha Hall,enelson@example.net,Other,Rachelshire,9/4/2025
U000224,Harry Jefferson,alibrenda@example.net,Male,Hickmanport,3/26/2025
U000225,John Davenport,irhodes@example.com,Other,Camposberg,4/21/2024
U000226,Hannah Miller,brian63@example.org,Female,Cassiefurt,6/24/2025
U000227,Mark Walters,whenry@example.net,Female,Reynoldsshire,10/24/2025
U000228,Christopher Montgomery,jennifermiller@example.org,Other,Dawsonberg,3/27/2025
U000229,Levi Rodriguez,hahnsean@example.com,Other,East Christopherchester,5/20/2025
U000230,Angela Russell,davisangela@example.net,Female,Michelletown,11/3/2024
U000231,Paul Miller,ashleyjackson@example.com,Female,East Joseph,7/18/2024
U000232,Dustin Jackson,robert71@example.com,Other,Sherylfort,7/2/2024
U000233,James Rodriguez,adam65@example.net,Female,Brockmouth,2/10/2025
U000234,Ryan Colon,kevinmorrison@example.net,Male,South Leon,10/28/2024
U000235,Tanya Carter,yfaulkner@example.org,Male,Nicholasfurt,10/21/2025
U000236,Sarah Gonzalez,erinpierce@example.net,Male,Hahnborough,9/6/2024
U000237,Kelly Schwartz,ichambers@example.net,Male,Johnberg,10/26/2024
U000238,Kristina Jones,iaguilar@example.net,Female,Stephensstad,5/4/2025
U000239,Lisa Wheeler,rodriguezjohn@example.net,Male,Gabrielton,4/24/2025
U000240,Deanna Lucas,tammy61@example.org,Other,West Jeffreyhaven,1/20/2025
U000241,Gwendolyn Walker,peter98@example.org,Other,Whitneyfort,1/16/2025
U000242,Robert Nixon,guerrajessica@example.com,Male,Matthewborough,3/12/2024
U000243,Michael Davis,tflores@example.org,Other,North Melindaville,12/22/2024
U000244,Frank Riggs,zacharyarnold@example.com,Male,Mullenbury,4/8/2025
U000245,Crystal Lopez,vfoster@example.net,Male,South Brittany,6/29/2025
U000246,Janet Harris,raylauren@example.net,Male,West Mark,9/22/2024
U000247,Jose Huffman,candice96@example.net,Other,West Michaelmouth,11/8/2024
U000248,Lisa Mccarthy,samantha91@example.net,Other,West David,2/26/2025
U000249,Isaac Steele,ibarnes@example.net,Male,Hendersonfort,7/27/2024
U000250,Heather Brewer,angelaburns@example.org,Male,West Megan,3/10/2025
U000251,Michelle Crane,ytaylor@example.net,Male,Ortizfort,2/27/2025
U000252,Mary Burns,cunninghamlaura@example.org,Male,Antoniobury,10/11/2024
U000253,Gary Ellis,hdunn@example.net,Female,West Kimberlystad,1/2/2025
U000254,Katherine Wolf,bpayne@example.org,Male,West Nancy,1/5/2025
U000255,Jose Atkins,gonzalesvictoria@example.org,Other,Port Joan,1/23/2024
U000256,Michelle Bishop,imartin@example.org,Male,Port Brian,4/16/2025
U000257,Juan Ryan,tiffany44@example.net,Female,Stephaniehaven,8/27/2024
U000258,Erin Davis,rsellers@example.net,Other,Lake Michelle,11/5/2025
U000259,Jennifer Poole,kburns@example.net,Female,Courtneyfurt,6/19/2024
U000260,Cynthia Beard,powellkara@example.net,Male,Shawnfort,11/5/2024
U000261,Aaron Schroeder,simonstephen@example.net,Other,Melissaside,8/11/2024
U000262,Tammy Summers,sadams@example.com,Male,New Melissa,9/29/2024
U000263,Patricia Farmer,garciakristen@example.com,Other,North Sarahburgh,6/23/2025
U000264,Aaron Rubio,wendyblankenship@example.net,Other,Erikview,10/28/2024
U000265,Michael Miller,brettgarrett@example.net,Other,South Diana,3/4/2024
U000266,Aaron Woods,brittneystone@example.com,Female,North Heatherville,4/26/2025
U000267,Robert Anderson,perezchristopher@example.org,Male,West Michaelport,11/6/2025
U000268,Kiara Mullins,darlenebyrd@example.org,Female,New Debramouth,4/3/2024
U000269,Jason Goodman,cjensen@example.org,Female,North Donaldville,8/28/2024
U000270,Patrick Richmond,kylie34@example.net,Male,East Angelaport,2/7/2025
U000271,Hannah Abbott,jamie98@example.org,Male,Phillipston,6/16/2025
U000272,Laura Allen,frodriguez@example.net,Male,New Pamelatown,6/20/2025
U000273,Sarah Anderson,rdiaz@example.org,Other,Bestland,11/6/2025
U000274,Carlos Baker,livingstonstacy@example.com,Female,Courtneyhaven,1/12/2024
U000275,Rodney Morales,joshuacollins@example.net,Female,Port Eric,6/8/2025
U000276,Brenda Hines,collinssamuel@example.org,Female,East Christopherchester,8/11/2024
U000277,Cheryl Brown,davidzimmerman@example.net,Female,East Tylerstad,3/20/2024
U000278,Krista Le,nathanbrady@example.com,Female,Port Rachelmouth,12/23/2024
U000279,Joseph Brown,crawfordwilliam@example.org,Other,Villarrealburgh,7/6/2025
U000280,Jonathan Garcia,perezwilliam@example.org,Male,East Brandonstad,9/8/2024
U000281,Edward Velazquez,tranrobin@example.net,Other,Walkerbury,9/18/2024
U000282,Jennifer Nelson,duncandavid@example.net,Other,East Jeffreyhaven,10/11/2024
U000283,Stephanie Jones,xcline@example.com,Other,Christophermouth,11/2/2025
U000284,James Elliott,jodi37@example.com,Male,Cuevasborough,1/6/2024
U000285,Amy Flynn,adamortiz@example.org,Male,Cynthiatown,5/16/2025
U000286,Aaron Sandoval,dalton83@example.com,Female,Woodwardberg,10/12/2025
U000287,Christopher Morse,xhaynes@example.com,Other,New Codyberg,5/1/2025
U000288,Preston Vargas,grahamtamara@example.org,Female,Josemouth,3/11/2025
U000289,Phillip Decker,louis43@example.org,Male,East Kimberly,9/25/2025
U000290,Eric Martin,hedwards@example.net,Male,Tamiborough,2/3/2025
U000291,Steven Phelps,mooregina@example.net,Male,East Marymouth,11/5/2024
U000292,Jennifer Schmitt,rpalmer@example.com,Male,Loriburgh,4/11/2024
U000293,Richard Chavez,codygarcia@example.org,Other,North Bryanbury,1/22/2024
U000294,Madison Watson,aguilarjonathan@example.org,Female,North Jamesmouth,3/30/2024
U000295,Christopher Boone,david70@example.org,Male,Underwoodfurt,7/7/2025
U000296,Patrick Simmons,jason24@example.com,Female,Stephensonton,12/5/2024
U000297,Christina Holland,jjenkins@example.com,Male,North Joshuaberg,2/24/2025
U000298,Dawn Robles,crystalpham@example.org,Female,Caseystad,10/13/2024
U000299,Kimberly Cooper,paul20@example.com,Female,North Paula,11/24/2024
U000300,Brian Frey,katie32@example.org,Male,Lake John,6/16/2025
U000301,Kylie Mclaughlin,barbaramcgrath@example.com,Male,Savannahburgh,12/31/2024
U000302,Brittany Drake,robin05@example.net,Female,New Stacy,4/30/2024
U000303,Lisa Waller,gregory01@example.org,Other,New Jeffery,7/26/2025
U000304,Aaron Hardin,lindsaypeterson@example.org,Male,Brianberg,12/26/2024
U000305,Samantha Schroeder,susan56@example.net,Male,West Kevinberg,2/5/2025
U000306,Jessica Kim,lbanks@example.net,Other,Jeffreyshire,10/29/2025
U000307,Nicholas Gross,david09@example.com,Other,East Carriebury,7/11/2025
U000308,Dalton Crawford,julie35@example.com,Male,Lake Nicole,3/13/2025
U000309,Jenna Fowler,sean43@example.org,Male,West Jonathanville,3/1/2024
U000310,Brandon Kim,acosta@example.com,Male,Bellfurt,5/7/2025
U000311,Timothy Shields,franciscojones@example.org,Male,Andrewview,3/10/2024
U000312,Charles Jackson,emartin@example.net,Female,West Brookefort,10/12/2025
U000313,Ryan Valdez,gmoore@example.com,Female,East Robert,4/26/2025
U000314,Sara Fernandez,kenneth10@example.com,Female,Hernandezstad,1/14/2025
U000315,Christopher Colon,bgonzalez@example.org,Male,Lake Kelly,1/3/2024
U000316,Megan Parker,qruiz@example.com,Female,Lake Amyburgh,2/26/2024
U000317,Patrick Lopez,bakersteven@example.org,Male,Anneberg,9/10/2024
U000318,Elizabeth Miller,lindsey69@example.org,Male,Port Paulhaven,5/29/2025
U000319,Amanda Camacho,parmstrong@example.com,Female,Christianton,10/13/2024
U000320,Rachel Mcbride,davidtodd@example.org,Male,East Lindsey,12/9/2024
U000321,Rodney Mcneil,oharris@example.org,Female,Luisland,3/27/2024
U000322,Angela Arnold,april09@example.net,Female,Rodriguezberg,2/29/2024
U000323,Brianna Chang,buckleyanna@example.org,Female,Mikaylastad,4/11/2024
U000324,Joseph Pena,rjohnson@example.com,Female,New Charlotte,8/23/2025
U000325,Benjamin Preston,hannah07@example.com,Female,Andrewport,4/19/2025
U000326,Megan Garrison,comptonjeremy@example.com,Other,Schroedermouth,7/31/2024
U000327,Robert Brewer,scottmcintyre@example.com,Other,Malonestad,7/3/2024
U000328,Zachary Moore,jenna62@example.net,Other,East Jamesborough,7/15/2025
U000329,John Bryant,janet45@example.com,Other,Reidville,7/26/2025
U000330,John Burns,ethompson@example.net,Other,Maxview,4/10/2025
U000331,Haley Mitchell,kwilliams@example.org,Female,Lake Jeffrey,5/27/2025
U000332,Denise Palmer,wellsdavid@example.org,Male,East Johnnyport,5/21/2024
U000333,Jenna Hill,dyork@example.com,Male,South Kevin,5/2/2025
U000334,Cindy Silva,hunteileen@example.com,Female,Kennethville,12/22/2024
U000335,Matthew Hill,michelle44@example.org,Male,New Kathy,11/25/2024
U000336,Linda Lang,rguerrero@example.org,Male,Lake Tylerport,9/7/2025
U000337,Robert Price,aguilarwanda@example.org,Other,Jessicabury,6/26/2024
U000338,Danielle Alvarez,william28@example.org,Other,Connorberg,4/14/2025
U000339,Jessica Hansen,staceylam@example.net,Other,East Michaelport,5/21/2025
U000340,Olivia Watson,steven17@example.org,Male,South Pamelahaven,10/14/2024
U000341,Erin Moreno,jbrown@example.org,Other,West Robert,3/22/2024
U000342,Rebecca Ellis,michelle21@example.com,Female,Crystalburgh,1/24/2025
U000343,Brian Hayes,kathleenjackson@example.org,Male,Gloverland,8/2/2024
U000344,Ryan Jordan,ysanford@example.org,Male,New Jamesstad,3/29/2024
U000345,Patricia Sherman,andrewsmith@example.net,Other,East Heather,10/11/2025
U000346,David Reyes,gary04@example.com,Female,Lunahaven,8/23/2024
U000347,Pamela Cowan,wendy75@example.org,Other,Port Richard,8/19/2024
U000348,Jessica Anderson,lawrencegary@example.com,Other,South Nancyview,6/5/2024
U000349,Cindy Wheeler,stanleydesiree@example.org,Male,Lake Darrellmouth,6/11/2025
U000350,Amy Wells,jamiejennings@example.org,Male,Robertville,9/17/2024
U000351,Joseph Obrien,robertroach@example.net,Other,West Danielville,3/29/2025
U000352,Chelsea Strickland,michaelortiz@example.org,Male,New Tylerborough,12/6/2024
U000353,Timothy Young,powersrebecca@example.net,Male,Hernandezland,4/15/2025
U000354,Charles Cummings,dawn74@example.com,Male,Williamsburgh,6/17/2025
U000355,Melissa Ward,ronald11@example.org,Other,Port Devonburgh,8/20/2025
U000356,Patricia Friedman,natalie15@example.com,Male,North Richard,8/12/2024
U000357,Joseph Cruz,pmarsh@example.org,Other,East Heatherton,10/20/2025
U000358,Megan Garcia,rpham@example.com,Male,New Noah,11/2/2025
U000359,Anthony Cohen,timothyfreeman@example.com,Female,Williamsview,9/2/2024
U000360,Alexander Oneill,tiffanysantiago@example.com,Male,South Dorothybury,3/24/2025
U000361,Elizabeth Davidson,marygrant@example.net,Other,North Dawnburgh,11/25/2024
U000362,Taylor Simpson,charlesvasquez@example.org,Male,Taraton,12/11/2024
U000363,Andrea Gray,christianwallace@example.net,Other,Millerfort,12/12/2024
U000364,David Jimenez,garciarobert@example.net,Other,Port Christopherport,11/1/2024
U000365,Anna Pena,xclements@example.org,Male,Port Shawn,8/31/2025
U000366,Christine Kennedy,jennifer11@example.net,Other,North Matthew,1/18/2025
U000367,Tamara Carter,jacqueline02@example.com,Male,Port Jennifer,7/21/2025
U000368,Daniel Carr,davidphelps@example.org,Female,Summersborough,5/8/2025
U000369,Daniel Perry,bartonshannon@example.net,Other,South Adam,5/5/2025
U000370,Angela Reynolds,xglass@example.org,Other,Lake Lisa,5/18/2025
U000371,Diane Obrien,william66@example.net,Other,West Raymond,3/11/2024
U000372,Kelly Ballard,robertgraves@example.net,Other,Meganside,8/22/2024
U000373,Jennifer Walls,jamesweber@example.com,Female,Samanthaberg,8/11/2025
U000374,Debra Mullen,jennifer58@example.com,Female,Craigside,11/2/2025
U000375,Melanie Stokes,johnsondustin@example.net,Male,East Josephburgh,7/14/2024
U000376,Frances Thomas,vaughnkenneth@example.net,Other,West Lisaville,11/3/2025
U000377,Emma Hoffman,juliahoffman@example.org,Other,Heatherton,2/25/2025
U000378,Paul Frye,tammy00@example.net,Female,Jamesmouth,9/25/2025
U000379,Rhonda Bush,kari89@example.org,Male,West Shane,7/21/2025
U000380,Charles Rivers,bennettroy@example.net,Female,Davidshire,11/3/2025
U000381,Adam Owens,billmcfarland@example.net,Female,Port Sarahport,8/1/2025
U000382,Ashley Howard,alicia28@example.org,Male,South Amy,12/1/2024
U000383,Michael Ware,mark43@example.net,Other,Barajastown,10/2/2024
U000384,Michael Allen,susanfleming@example.com,Other,Moonville,3/19/2024
U000385,Amber Campbell,willie87@example.com,Female,West Rachelborough,9/20/2024
U000386,Christopher Davis,simsjason@example.net,Female,Port Gina,8/7/2024
U000387,Jamie Poole,elucas@example.net,Female,North Stephen,7/25/2025
U000388,Christopher Brown,angela93@example.com,Male,Hughesfurt,8/14/2024
U000389,Andre Nunez,maychristine@example.net,Male,Lake Melaniestad,10/23/2024
U000390,Daniel Buchanan,catherine47@example.com,Female,Shorttown,9/26/2025
U000391,Amanda Taylor,irobles@example.com,Other,West Erica,11/20/2024
U000392,Laura Daniel,susan08@example.net,Other,North Bobby,9/17/2025
U000393,Phillip Kelley,torreskaitlin@example.net,Male,Jasonhaven,1/26/2025
U000394,Jack Jensen,james29@example.org,Male,Newmanland,4/7/2024
U000395,Carlos Garcia,wlynn@example.org,Other,North Justin,7/17/2024
U000396,James Tucker,christina49@example.org,Male,Lindseychester,2/17/2024
U000397,Lawrence Floyd,xhill@example.org,Other,Nataliemouth,4/25/2024
U000398,Kim Tucker,thompsoncatherine@example.com,Female,New James,10/31/2024
U000399,Courtney Luna,atkinsoncrystal@example.net,Male,Hammondborough,5/16/2025
U000400,Andrea Stephens,jvaldez@example.com,Female,Walkershire,9/11/2025
U000401,Kelly Marshall,sanderswayne@example.net,Male,Port Tamara,5/16/2025
U000402,Gabrielle Todd,seanwhite@example.net,Male,Lake Jessica,11/2/2025
U000403,Billy Juarez,bryanwood@example.org,Female,New Rebecca,10/4/2025
U000404,Terry Gibson,williamsdeborah@example.org,Female,Maryview,9/4/2024
U000405,Ashley Bennett,pdiaz@example.org,Male,Nicholasbury,1/30/2025
U000406,Michael Parrish,msparks@example.org,Female,South Gabriel,12/19/2024
U000407,Dawn Lewis,ericguzman@example.org,Other,South Lisa,2/22/2024
U000408,Timothy Mendoza,brittanyholland@example.com,Other,East Bradleyshire,5/7/2025
U000409,Dennis Hunt,brianscott@example.org,Female,Greeneshire,2/9/2025
U000410,Natalie Luna,stacey37@example.net,Other,Dillonburgh,3/12/2025
U000411,Robert Thomas,cindydixon@example.org,Other,Sandrashire,5/30/2024
U000412,Nicholas Anderson,harrismichele@example.net,Other,Serranoville,2/17/2024
U000413,Rachel Greene,davisdonna@example.net,Male,Port Erikachester,5/1/2024
U000414,Mitchell Williams,zperez@example.com,Other,Bellshire,12/23/2024
U000415,Dennis Woods,reneemiller@example.net,Other,Scotttown,3/7/2024
U000416,Kristine Lane,meyernicholas@example.org,Female,Robertville,4/30/2025
U000417,Denise King,ncunningham@example.com,Other,Fischerchester,4/15/2024
U000418,Angela White,tking@example.net,Male,Kimfurt,1/12/2025
U000419,Melissa Hopkins,seanlyons@example.org,Male,East Williammouth,5/18/2025
U000420,Christina Cohen,martintamara@example.org,Female,Port Dustinchester,7/1/2025
U000421,Jose Wood,ramseysarah@example.com,Male,Jenniferton,3/1/2024
U000422,Lori Bowman,qsmith@example.net,Male,Jameshaven,10/8/2025
U000423,Jesse Jackson,warddiana@example.org,Other,West Kimberlystad,12/18/2024
U000424,Richard Gonzalez,mclaughlincasey@example.org,Other,Jessicaside,4/3/2025
U000425,Michael Richmond,jeremy37@example.com,Male,West Gregoryhaven,9/17/2025
U000426,Charles Phillips,prattsue@example.net,Female,Heatherfurt,3/13/2024
U000427,Kayla Todd,lmaldonado@example.org,Female,Wilsonland,1/20/2025
U000428,Kristina Robinson,laurengutierrez@example.com,Other,Lake Marilynbury,9/18/2024
U000429,Raymond Goodman,charles27@example.com,Male,Jefferyshire,7/15/2024
U000430,Stacey Vega,victorgonzalez@example.net,Other,Port Joseph,7/3/2024
U000431,Mary Huff,eric11@example.org,Female,Austinside,6/5/2024
U000432,Melanie Watson,travis94@example.com,Male,Port Sabrina,10/17/2025
U000433,Jeffrey Ray,foxrodney@example.net,Other,New Michaelburgh,7/10/2024
U000434,David Holmes,hannah03@example.com,Other,West Michaelview,11/8/2024
U000435,Jose Adams,michael76@example.org,Female,Haynesstad,5/8/2024
U000436,Richard Hayes,tiffanyparks@example.org,Other,Lindaside,9/6/2024
U000437,Oscar Thomas,thomassmith@example.com,Female,Taylorhaven,10/22/2024
U000438,Leslie Tucker,anna90@example.com,Female,Lake Frankborough,12/31/2024
U000439,Thomas Soto,qgarner@example.com,Male,Annview,7/10/2025
U000440,Robert Bell,barbarasantos@example.net,Male,Port Justin,8/23/2024
U000441,William Hampton,ypreston@example.net,Other,Stevenberg,8/10/2024
U000442,Danielle Mcfarland,kwelch@example.com,Female,North Fernandobury,8/16/2025
U000443,Denise Page,cnelson@example.com,Female,Gutierrezburgh,8/2/2024
U000444,David Young,shelby13@example.org,Male,Garcialand,8/7/2025
U000445,Thomas Brown,fwarren@example.org,Male,Christineland,10/2/2025
U000446,Nicole Parker,joanramos@example.org,Female,New Mary,3/23/2025
U000447,Elizabeth Dalton,michelle78@example.com,Male,Taylorside,1/20/2024
U000448,Carla Welch,omills@example.net,Other,Reginafort,5/1/2024
U000449,Linda Ramos,robert24@example.org,Female,New Lisaberg,1/4/2025
U000450,Taylor Smith,earroyo@example.com,Male,Port Russellport,8/23/2024
U000451,Laura Kelley,robertcastro@example.com,Other,East Jennifer,2/12/2025
U000452,Maria Walker,hendersonjohn@example.net,Female,Justinside,3/17/2025
U000453,Robert Castaneda,derrickrodriguez@example.com,Other,Nelsonfort,7/7/2025
U000454,Andrew Williams,lopezcurtis@example.com,Other,Lake Samuel,5/8/2024
U000455,Christopher Smith,matthewcollins@example.com,Female,Steventon,1/6/2024
U000456,Megan Lynn,adamsphilip@example.net,Other,Whiteview,8/13/2024
U000457,Maria Martinez,paulproctor@example.org,Male,East Stevenville,7/12/2025
U000458,Tina Kennedy,sharon20@example.net,Male,West Timothyport,12/22/2024
U000459,Paige Boyer,teresayoung@example.com,Male,Alexisview,5/15/2024
U000460,Randy Sanchez,perkinshannah@example.net,Other,West Kelli,2/3/2025
U000461,Vincent Parks,sarah00@example.com,Male,Lake Amanda,6/19/2024
U000462,Tony Stewart,linda73@example.org,Other,Howardberg,3/14/2024
U000463,Benjamin Mann,amy73@example.net,Male,New Michael,6/20/2024
U000464,Joshua Guerra,caseymoore@example.com,Female,Ambermouth,5/15/2025
U000465,Dana Gray,nicoleharvey@example.com,Other,West Jennifer,1/1/2024
U000466,Amber Hughes,jcannon@example.net,Other,Marcusmouth,3/26/2025
U000467,Alexandra Jones,gregoryjohnson@example.org,Male,Leeton,3/16/2024
U000468,Mary Barrett,brandon39@example.net,Female,North Sarahborough,1/25/2025
U000469,Sarah Collier,dowen@example.com,Male,Shortton,3/24/2025
U000470,Joseph Williams,davenportchristian@example.org,Male,North Jessicaside,7/17/2025
U000471,James Sandoval,angelagrant@example.net,Female,Port Daniellestad,9/20/2024
U000472,Jacqueline Simmons,jacksonhenry@example.com,Female,Dianeside,4/6/2025
U000473,Scott Gomez,andrea55@example.com,Male,Mckenziemouth,11/13/2025
U000474,Anna Lewis,michael77@example.com,Female,Lake Austinport,2/20/2025
U000475,Zachary Holder,adam33@example.com,Male,Port Lynnview,2/11/2025
U000476,William Duncan,clintonstevens@example.org,Other,West Michael,9/20/2025
U000477,Jesse Shepherd,duncanashley@example.org,Male,Lake Markfort,2/2/2025
U000478,Margaret Norris,larsonkevin@example.net,Other,Millerton,4/28/2024
U000479,Matthew Hobbs,hbutler@example.org,Male,Lake Kimberlyfurt,9/22/2025
U000480,Alice Flores,markwolfe@example.org,Female,Lake Jessicafurt,2/7/2024
U000481,Karen Johnston,walkerkeith@example.com,Other,East Matthew,10/26/2025
U000482,Julie Kelley,christopher86@example.net,Female,Port Dennis,11/21/2024
U000483,Tony Pearson,annshea@example.net,Other,East Charles,1/17/2025
U000484,Marcus Glass,rodriguezrobert@example.com,Other,Jamesstad,6/15/2025
U000485,Andrew Torres,christina79@example.org,Male,Williamsbury,2/10/2025
U000486,Nathaniel Todd,rodriguezbrian@example.net,Male,Port Marissa,5/16/2024
U000487,Matthew Brock,shannon05@example.org,Male,East Amy,7/15/2024
U000488,Ana Dean,heatherbarnett@example.com,Male,West Georgeport,5/28/2025
U000489,Heather Nelson,apena@example.org,Female,Guerrerostad,5/17/2024
U000490,Andrew Dillon,yhall@example.net,Male,West Toddside,8/14/2025
U000491,James Rasmussen,williamssandra@example.com,Male,Tracyburgh,3/1/2024
U000492,Gabrielle Kelly,joel84@example.org,Other,Natashatown,1/13/2024
U000493,Stacy Perez,penny21@example.net,Female,Meyerbury,10/7/2025
U000494,Ashley Simmons,renee57@example.net,Female,East Denise,10/12/2024
U000495,Gabriella Harris,kylethornton@example.net,Other,South Wendy,2/1/2025
U000496,Dustin Fitzpatrick,lonniegrant@example.net,Other,East Lonnieberg,10/29/2025
U000497,Kathy Beard,tali@example.com,Male,Edwinborough,5/12/2025
U000498,Jack Farmer,catherine93@example.net,Female,East Grace,3/14/2024
U000499,Hailey Woods,xjoseph@example.org,Male,Henryberg,9/2/2024
U000500,Jeremy Ortiz,schaeferstephanie@example.org,Other,Port James,4/22/2024
U000501,Stephanie Gonzales,dwatts@example.org,Male,Sullivanton,5/1/2024
U000502,Madison Cortez,vcarr@example.net,Female,New Danielmouth,2/19/2025
U000503,Bobby Forbes,cterrell@example.net,Male,Blackton,7/19/2025
U000504,Scott Wilkerson,steven64@example.net,Female,Lake Zacharyberg,5/9/2024
U000505,Debbie Davis,whitebrenda@example.net,Male,South Robert,11/13/2024
U000506,Harold Garza,nicoledavis@example.com,Male,Lake Jessica,11/4/2024
U000507,Jasmin Walters,millspatrick@example.net,Female,South Andrea,3/3/2024
U000508,George Rogers,fernandothomas@example.net,Female,South Kylemouth,1/31/2024
U000509,Henry Roach,adamcannon@example.org,Female,Jimenezfort,7/16/2024
U000510,Adam Andrade,jaykeller@example.com,Male,Ramostown,1/6/2025
U000511,Amy Harvey,brandonhernandez@example.net,Male,Benjaminton,6/16/2024
U000512,Mary Evans,williamsrobert@example.org,Male,Lake Justin,4/1/2025
U000513,Holly Armstrong,tammycurry@example.com,Other,North Kaylamouth,3/28/2025
U000514,Nicholas Jones,ebridges@example.com,Male,Taylorview,9/9/2024
U000515,Robert Clark,cherylrodriguez@example.net,Female,South Jenniferport,8/13/2024
U000516,Melanie Green,sara99@example.com,Female,Vasquezburgh,10/19/2024
U000517,Jesse Roberts,aaronjohnson@example.net,Female,Lake Melaniechester,8/27/2025
U000518,Matthew Castro,alexharris@example.com,Male,Kristyport,10/10/2024
U000519,Andrea Wang,jenningsmatthew@example.net,Female,Port Gregorymouth,7/24/2024
U000520,Sandra Mendoza,probles@example.org,Female,Mooremouth,7/24/2025
U000521,Amanda Rogers,dreilly@example.net,Other,Annettemouth,9/2/2025
U000522,Andrew Ray,lauren51@example.org,Other,Marymouth,1/14/2025
U000523,Courtney Kirby,hlopez@example.com,Female,Jenniferview,11/3/2025
U000524,Tyler Young,tgallegos@example.org,Other,Gregorystad,10/10/2024
U000525,Kimberly Gentry,zhunter@example.com,Other,East Matthew,6/20/2025
U000526,Morgan Collins,douglas18@example.net,Female,East Jenny,11/26/2024
U000527,Jennifer Boyd,collinsbradley@example.net,Male,West Steventon,11/10/2024
U000528,Katie Reese,lanelarry@example.org,Male,Jamesport,3/11/2024
U000529,Luis Alexander,nelsoneric@example.org,Female,New Anitaville,7/8/2024
U000530,Michael Flores,sherrybrock@example.net,Male,East Charles,5/21/2024
U000531,Matthew Wallace,anthonyberger@example.org,Other,South Brianchester,2/23/2025
U000532,Janet Vance,tjensen@example.com,Female,Lake Katherine,9/25/2024
U000533,Christian Livingston,fbradley@example.net,Male,Davisport,7/7/2025
U000534,Jennifer Marshall,staceythomas@example.net,Male,Robertafurt,4/13/2025
U000535,Samantha Rivera,shawn01@example.com,Other,West Timothyburgh,5/5/2024
U000536,Michael Andrews,sullivanjennifer@example.org,Female,Angelaland,7/12/2024
U000537,Amanda Morales,pallen@example.net,Female,South Patrick,6/26/2025
U000538,Lisa Garza,vbradley@example.net,Other,East Elaine,8/21/2024
U000539,Sarah Andrews,mwilson@example.com,Female,Angelamouth,2/23/2024
U000540,Stephanie Jones,jenningscandace@example.com,Female,Troyton,4/30/2024
U000541,Lisa Clay,shermandonna@example.com,Other,Petershire,3/2/2024
U000542,Jamie Rich,ashley46@example.net,Other,Veronicashire,11/1/2024
U000543,Valerie Powell,melissabrown@example.net,Male,North Jacquelinestad,1/6/2024
U000544,Julian Johnson,zpark@example.net,Female,Jenniferfurt,3/16/2024
U000545,Amy Bates,jtaylor@example.com,Other,Maryberg,9/17/2024
U000546,Monique Martinez,jonesalfred@example.net,Male,Barrettberg,7/16/2024
U000547,Dawn Perry,senglish@example.net,Female,Hansonmouth,2/27/2024
U000548,Andrea Cole,jeremiah69@example.org,Male,Bradfordbury,12/14/2024
U000549,Joseph House,arthur09@example.com,Other,Danielfort,5/2/2025
U000550,Christopher Cross,steven18@example.net,Female,East Thomasland,10/19/2025
U000551,Amber Riley,bergeramanda@example.org,Male,Gibsonfort,4/12/2025
U000552,Martin Gomez,keith09@example.net,Other,Jessicashire,1/27/2025
U000553,Crystal Lane,douglaskelly@example.net,Other,West Toddberg,6/27/2024
U000554,Melissa Ramirez,christinahill@example.com,Other,Lake Danielburgh,12/11/2024
U000555,Joanne Hopkins,lindsey43@example.com,Other,Port Alison,9/14/2025
U000556,Tracey Coffey,marymullins@example.com,Other,Youngmouth,1/23/2024
U000557,Gary Lane,brian41@example.org,Other,South Raymond,5/11/2025
U000558,Julie Goodwin,noahthornton@example.com,Other,Dustinchester,7/25/2024
U000559,Sara Cole,suzanne01@example.net,Male,Stephaniechester,1/9/2024
U000560,Denise Nelson,joseph14@example.net,Female,Murraybury,2/21/2025
U000561,Brianna Lee,erica25@example.net,Female,Lake Alanland,5/17/2025
U000562,Connor Garcia,ubell@example.com,Male,Jamestown,1/9/2024
U000563,Brian Wheeler,stephanielittle@example.net,Other,North Melissaberg,2/27/2025
U000564,Kathryn Wong,pauladominguez@example.com,Female,Stevenland,9/14/2024
U000565,Sandra Hill,qschwartz@example.com,Other,Fernandoland,3/12/2025
U000566,Bryan Price,scottlisa@example.org,Female,Jonesborough,7/8/2024
U000567,Gregory Vasquez,amberreynolds@example.net,Other,South Jenniferville,2/21/2025
U000568,Chad Luna,fsmith@example.org,Male,North Elizabethview,1/24/2024
U000569,Mark Myers,robertsonshelby@example.com,Other,Grahamland,4/13/2024
U000570,Aaron Finley,imartinez@example.com,Female,Evelynfurt,1/4/2025
U000571,Wendy Holland,amanda51@example.com,Other,Deborahburgh,2/7/2024
U000572,Tammy Guerrero,heather15@example.com,Female,Lake Samuelborough,1/14/2025
U000573,James Cortez,tracybrown@example.net,Other,Victormouth,4/5/2024
U000574,Allen Morgan,kristin06@example.org,Female,Port Desiree,10/23/2025
U000575,Shelby Berg,joycehall@example.org,Female,Lake Donaldtown,12/23/2024
U000576,Samantha Williams,alexischen@example.com,Female,South Cherylshire,11/18/2024
U000577,Lisa Wilson,bryanharris@example.com,Other,Nguyenshire,2/13/2024
U000578,Marc Oconnell,kathrynwatkins@example.com,Female,North Joshuachester,1/8/2025
U000579,Mitchell Martin,sarawilliams@example.org,Other,Stricklandtown,4/24/2024
U000580,Christopher Smith,mannbrittney@example.com,Male,Steelefort,8/24/2025
U000581,Jamie Bowman,ljenkins@example.net,Male,New Hectorfort,4/18/2025
U000582,Christopher Serrano,michael08@example.org,Female,North Valerie,2/22/2025
U000583,Christine Huffman,stevensims@example.org,Other,Brianville,10/30/2025
U000584,Gina Schmitt,kjimenez@example.net,Female,North Deannaport,6/28/2025
U000585,John Jensen,vwilliams@example.org,Other,East Kristen,5/23/2024
U000586,Darren Jacobson,uwatkins@example.com,Other,Lake Erica,11/27/2024
U000587,Kimberly Nguyen,youngrobert@example.org,Male,Vanceland,8/10/2024
U000588,Todd Zamora,javierlynch@example.org,Other,Brooksmouth,11/18/2024
U000589,Crystal Cantrell,matthewjohnson@example.net,Other,West Derekmouth,5/7/2025
U000590,George Cooper,cassandra92@example.net,Female,North Robert,11/9/2024
U000591,Michelle Robinson,rhood@example.org,Female,Fitzgeraldbury,12/22/2024
U000592,Ryan Walker,robinvillanueva@example.com,Other,North Vickiehaven,6/18/2024
U000593,Amanda Mendoza,chavezjohn@example.net,Male,Lake Jessicaborough,1/23/2024
U000594,Kenneth Holland,smithelizabeth@example.org,Female,Hodgeshire,3/31/2024
U000595,Shawn Ingram,xlopez@example.net,Female,Padillatown,1/17/2024
U000596,Chad Barry,alyssa46@example.com,Male,Port Gail,8/11/2025
U000597,Matthew Randolph,pamela16@example.com,Female,Harveystad,2/28/2025
U000598,Deborah Bush,devonrogers@example.net,Other,Lake Timothyshire,9/7/2024
U000599,Jacqueline Mullins,lukehurst@example.net,Other,Ramirezland,8/18/2025
U000600,Shaun Mason,harrisonamanda@example.net,Other,Shannonstad,9/12/2024
U000601,Sierra Lamb,lopeznicole@example.org,Female,South Rachaelport,7/1/2025
U000602,Chase Martin,terrytyler@example.org,Female,West Robertside,10/17/2025
U000603,Thomas Fisher,carterbryan@example.org,Female,Robertmouth,9/29/2025
U000604,Kristin Tucker,kellis@example.org,Female,Georgeview,3/24/2025
U000605,Nathan Roberts,hernandezjustin@example.org,Other,Lake Amanda,6/4/2024
U000606,Gregory Erickson,evanwilson@example.com,Male,South Jorge,5/4/2024
U000607,Anna Johnson,tiffany25@example.com,Other,New Kevin,5/6/2024
U000608,Richard Porter,staciereilly@example.org,Female,Lake Amyhaven,9/21/2025
U000609,Janice Wells,tara92@example.net,Other,Morganville,8/14/2024
U000610,Rachel Taylor,parkerrichard@example.org,Male,Howardmouth,5/15/2025
U000611,Danielle Silva,kimberlywang@example.org,Other,North Amandamouth,2/7/2024
U000612,Susan Daugherty,ulee@example.net,Male,Lake Michaelberg,4/8/2025
U000613,Ronald Hughes,mitchellmichael@example.com,Female,East Jessicamouth,5/4/2025
U000614,Robert Ramos,lindawaller@example.com,Other,Taylorshire,5/22/2025
U000615,Douglas Turner,carl96@example.org,Other,South Danielleview,2/12/2025
U000616,Angela Page,jamescollier@example.com,Other,Williamsport,10/10/2024
U000617,Kevin Hansen,ywalker@example.org,Other,West Kevin,7/24/2025
U000618,Dana Martinez,robert73@example.org,Female,Port Joshualand,3/14/2025
U000619,Michael Castillo,ooneill@example.net,Male,Mccannville,2/13/2025
U000620,Jessica Smith,francisco02@example.com,Male,Johnsberg,9/12/2024
U000621,Brian Ward,brandon48@example.net,Other,New Jamesburgh,9/1/2024
U000622,Carol Jackson,monique44@example.net,Female,Codyshire,6/7/2025
U000623,Douglas Taylor,nathan76@example.com,Male,North Jeffery,8/28/2024
U000624,Marie Pope,butlersabrina@example.org,Male,North Timothy,12/10/2024
U000625,Michael Montoya,gerald40@example.net,Male,East Davidberg,8/1/2024
U000626,Kyle Clark,colemankathryn@example.org,Male,North Kimchester,4/15/2025
U000627,Daniel Mcguire,harrisonrebekah@example.org,Male,West Elizabethville,1/30/2024
U000628,Samantha Harris,jackbell@example.org,Male,Port Julie,6/19/2025
U000629,Bethany Bell,williamjones@example.net,Female,New Jayborough,7/8/2024
U000630,George Webster,beltrancorey@example.org,Other,Richardsonshire,10/21/2025
U000631,Emily Rodriguez,tina63@example.net,Male,South Daniel,5/6/2024
U000632,David Rodriguez,tylerward@example.com,Female,North Markville,11/4/2025
U000633,Stephen Fitzgerald,aperez@example.com,Female,Lopezland,9/20/2024
U000634,Leah Crosby,harry71@example.com,Other,Millsland,9/4/2025
U000635,Ralph Neal,figueroapatricia@example.org,Other,West Theresamouth,3/22/2024
U000636,Megan Powell,maryhardy@example.com,Male,Katelynfurt,5/16/2024
U000637,Elizabeth Clements,jdixon@example.com,Other,North Johnfort,8/31/2024
U000638,Sherri Johnson,greertyrone@example.org,Other,South Cassandra,6/6/2024
U000639,Kevin Hanson,guerreroapril@example.com,Female,Harrisfort,8/11/2024
U000640,Jose Cooper,cisnerosanthony@example.com,Female,South Shannonfurt,12/1/2024
U000641,Barry Thompson,nicole27@example.com,Female,West Jennifer,10/29/2024
U000642,Daniel Leonard,kalvarez@example.net,Male,South Joseshire,11/29/2024
U000643,Christina Gomez,luke09@example.org,Male,Port Michael,10/26/2025
U000644,Brandy Hubbard,oscar65@example.com,Other,Bellbury,7/7/2025
U000645,Deborah Watkins,meltondanny@example.org,Other,New Markmouth,6/18/2024
U000646,Roberto Robertson,odomnicholas@example.com,Male,Ashleyfort,3/25/2025
U000647,Emily Rogers,garrett45@example.com,Male,South Cynthia,3/9/2024
U000648,Charles Jefferson,karlwilliams@example.net,Female,Ballardland,10/28/2025
U000649,Belinda Vargas,carlos87@example.com,Male,West Laura,5/5/2025
U000650,Kevin Brock,ualvarado@example.org,Male,Moraleshaven,3/21/2025
U000651,Kathryn White,burtonzachary@example.org,Other,Lewismouth,11/6/2024
U000652,Dana Lamb,umichael@example.net,Other,New Jamesmouth,7/2/2024
U000653,Edward Jennings,megan65@example.org,Female,Port Robert,4/11/2024
U000654,Debbie Scott,richardwilson@example.org,Male,East Lauraport,7/17/2025
U000655,Anita Graham,harrisjoseph@example.org,Other,Kristineview,11/13/2024
U000656,Gregory Phelps,dcasey@example.org,Male,Carolynland,3/26/2025
U000657,Richard Cox,sandersmary@example.org,Male,North Ashley,9/7/2025
U000658,David Beck,tyler13@example.net,Female,Port Lindsaymouth,12/8/2024
U000659,Jo Shaffer,selenarobinson@example.org,Male,East Tara,7/23/2025
U000660,Jonathan Lawrence,sferguson@example.org,Female,Amyfort,10/27/2024
U000661,Sylvia Suarez,michaelbaldwin@example.com,Other,Lake Tammyton,4/11/2025
U000662,Eileen Everett,johnnycruz@example.net,Other,Rebeccaville,7/29/2025
U000663,Joel Ramos,browningphillip@example.com,Other,Christopherbury,12/31/2024
U000664,Michele Martin,zwelch@example.net,Other,Mccormickview,7/22/2024
U000665,Madeline Shepard,vmclaughlin@example.net,Female,Mcdowellville,8/15/2025
U000666,Holly Hunter,robert85@example.com,Female,Port Brettburgh,7/17/2025
U000667,Krystal Taylor,tgonzalez@example.com,Other,North Erichaven,3/7/2025
U000668,Katrina Banks,melaniejennings@example.com,Other,Mendozaberg,5/3/2025
U000669,Grace Serrano,james65@example.org,Other,Waltershire,6/27/2024
U000670,Stacy Leblanc,rebeccamccann@example.org,Female,Jacquelineburgh,6/2/2024
U000671,Christine Burke,christopherrichardson@example.net,Other,North Jenniferchester,2/4/2024
U000672,Sarah Wilcox,twilson@example.org,Female,Port Lisa,6/12/2025
U000673,Julie Reyes,mgates@example.org,Male,Jessicaborough,7/1/2024
U000674,Ricky Thomas,theresa39@example.com,Other,West Brandi,10/13/2024
U000675,Christopher Harrison,terri63@example.net,Female,Ericksonview,3/18/2025
U000676,Angela Williams,thomasgomez@example.net,Female,North Jonfurt,2/19/2024
U000677,Ralph Wood,carpenterjorge@example.net,Female,Conradmouth,7/25/2024
U000678,Logan Moreno,jorgeedwards@example.org,Male,Savageview,3/31/2024
U000679,Sara Campbell,chloe48@example.com,Other,Staffordmouth,5/26/2025
U000680,Travis Dodson,isaacharrison@example.org,Female,Grahamfort,5/19/2025
U000681,Michael Fletcher,hellis@example.net,Other,North Michael,1/28/2024
U000682,Justin Conley,anna93@example.net,Female,New Katieburgh,5/19/2024
U000683,Chase Tate,clayanthony@example.net,Other,South Nathanielville,10/11/2024
U000684,Eric Miller,rgibson@example.net,Male,West Taramouth,7/26/2025
U000685,Jessica Navarro,jasonwilliams@example.net,Female,Marcuston,8/10/2024
U000686,Amy Guzman,rossgregory@example.com,Female,North Melissaburgh,5/23/2025
U000687,Richard Holland,davidhenry@example.com,Male,Rebeccaberg,9/22/2024
U000688,Cody Richardson,tracymcclure@example.com,Other,Annachester,9/2/2024
U000689,Roberto Richardson,ryansimmons@example.org,Female,Teresabury,3/2/2024
U000690,Jennifer Arias,robertssamuel@example.com,Male,Edgarberg,3/18/2025
U000691,Kevin Wright,dphillips@example.net,Female,North Williamhaven,4/13/2025
U000692,Cody Guerrero,michael91@example.net,Female,North Joymouth,10/17/2024
U000693,Ian Long,butlerjanet@example.com,Female,Toddmouth,5/2/2024
U000694,Joseph Levy,jasonmiller@example.net,Other,Monicaville,3/2/2025
U000695,Andrew Foster,jacksonthomas@example.net,Male,Meltonfort,10/23/2024
U000696,Lisa Jensen,fballard@example.org,Male,North James,7/26/2024
U000697,Heather Lopez,clarkdeborah@example.net,Male,South Megan,7/12/2025
U000698,Amanda Miller,bhernandez@example.org,Male,East Rachelmouth,8/10/2025
U000699,Thomas Heath,jameshudson@example.com,Female,West Alanchester,10/21/2025
U000700,Melinda Mclaughlin,benjamin67@example.net,Other,Hallton,10/31/2025
U000701,Robert Stewart,adamsdeborah@example.com,Male,South Cindystad,12/27/2024
U000702,Ryan Martin,taylorkim@example.net,Other,New Regina,11/2/2024
U000703,Carrie Kirby,sanderson@example.net,Male,Moyerstad,8/19/2024
U000704,Lauren Richard,justincurry@example.net,Male,Andersonborough,6/28/2025
U000705,Travis Leon,ntorres@example.net,Female,North Michaelview,4/16/2024
U000706,Eric Clayton,romanmatthew@example.org,Female,North Anna,9/1/2024
U000707,Victoria Glover,carrilloangela@example.org,Female,Lake Brentmouth,11/28/2024
U000708,Sydney Campos,harringtonchelsea@example.org,Other,New Danielville,6/30/2025
U000709,Rhonda Moore,jean87@example.net,Female,East Deborahmouth,8/18/2025
U000710,David Harris,ahammond@example.org,Female,Petersonhaven,7/14/2025
U000711,Joseph Espinoza,qward@example.org,Male,Port Karen,4/27/2024
U000712,Jeremy Pham,dhardin@example.net,Male,Sherrymouth,10/15/2024
U000713,Alejandro Drake,millerleroy@example.org,Female,Brownton,4/9/2024
U000714,Darlene Orr,levinetina@example.net,Female,Robertside,3/27/2025
U000715,Jennifer Edwards,alan48@example.net,Other,Lake Richard,8/20/2025
U000716,Paige Weber,zterry@example.net,Other,Roweport,3/16/2025
U000717,Amanda Price,abigailfernandez@example.org,Male,New Andreahaven,2/27/2024
U000718,Cynthia Johnson,john46@example.net,Other,Lake Brianstad,8/21/2024
U000719,William Martinez,westashley@example.org,Female,Morganbury,6/26/2024
U000720,Vanessa Cunningham,michaelmitchell@example.net,Female,Lake Nicholas,7/4/2025
U000721,Daniel Black,mackenzieward@example.org,Male,Lake Ronald,5/19/2025
U000722,Christopher Coleman,thomasgriffin@example.com,Female,Chapmanhaven,10/8/2024
U000723,Monica Silva,sbarajas@example.com,Female,Colonberg,6/16/2025
U000724,Todd Ellis,bensonstanley@example.org,Female,New Mike,12/11/2024
U000725,Carolyn Ortiz,woodkeith@example.net,Female,North Nathan,10/13/2025
U000726,Kevin Tucker,douglaslawrence@example.org,Other,Pamelaborough,11/8/2025
U000727,Jodi Smith,carlos06@example.com,Other,Arielmouth,5/5/2024
U000728,Thomas Cortez,kathleenwagner@example.com,Other,Contrerasberg,6/18/2025
U000729,Mark Marsh,zhughes@example.com,Other,Lake Pamelaview,8/15/2025
U000730,Michelle Mann,ann18@example.org,Other,New Amber,3/17/2025
U000731,Susan Boyd,bshaw@example.org,Male,North Joshua,6/2/2025
U000732,Maria Combs,imiller@example.net,Female,Richardton,5/20/2024
U000733,Sarah Morgan,robertheath@example.com,Male,Scottville,12/2/2024
U000734,Amber Mitchell,jonathandavis@example.com,Female,Gregoryton,11/1/2025
U000735,Mark Johnson,evanscorey@example.org,Female,Orozcoview,2/24/2025
U000736,Maria Martinez,johnharper@example.org,Female,Romerohaven,9/13/2024
U000737,Darin Brown,etran@example.com,Male,South Cynthiatown,9/20/2024
U000738,Tabitha Leonard,kathrynpearson@example.org,Female,Ashleymouth,7/3/2024
U000739,Cynthia Harris,nathanielgalloway@example.org,Female,Aliside,2/27/2024
U000740,Aaron Marshall,denise20@example.org,Other,Nelsonview,11/4/2024
U000741,Omar Bell,brendadixon@example.org,Other,Lake Amanda,7/28/2025
U000742,Christopher Hale,jessicalutz@example.com,Female,New William,2/17/2024
U000743,Nicole Dougherty,tiffany74@example.org,Other,Matthewmouth,7/2/2025
U000744,Mark Sloan,deborahsmith@example.com,Male,North Emilychester,10/17/2025
U000745,Heather Burns,ymedina@example.net,Female,New Anthonymouth,1/15/2025
U000746,Michael Hess,paul01@example.com,Male,Sharonmouth,4/4/2025
U000747,Julia Chang,james94@example.net,Other,East Tina,1/7/2024
U000748,Benjamin Vasquez,adrianjoyce@example.net,Other,Rodriguezview,10/23/2025
U000749,Troy Arnold,cameronanderson@example.org,Male,West Sarah,1/24/2025
U000750,Nicole Daniel,james08@example.net,Female,Erinmouth,8/8/2025
U000751,Ronald Nunez,nashmarcus@example.com,Other,Davidhaven,1/2/2024
U000752,Michael Blake,brandonhull@example.net,Other,Stewartfurt,11/15/2024
U000753,Christopher Armstrong,mooneyjeremiah@example.net,Other,Rosariobury,5/13/2024
U000754,Mark Brown,johnsonryan@example.org,Male,Marybury,5/14/2024
U000755,John Peterson,underwoodapril@example.org,Male,Port Carolmouth,3/14/2024
U000756,Colleen Riley,villegassabrina@example.com,Other,Pamelaland,6/6/2025
U000757,Bryan Lang,turnerconnie@example.org,Female,Lake Brianton,6/19/2025
U000758,Patrick Davis,mhall@example.net,Male,South Patrickchester,7/20/2024
U000759,Christine Morgan,gibsonmark@example.org,Female,North Alexanderland,8/24/2025
U000760,Mary Strong,danascott@example.com,Male,Hardymouth,2/9/2025
U000761,Devin Williams,larrygraham@example.net,Male,Larryside,5/7/2024
U000762,Dylan Parker,kelly08@example.net,Female,North John,6/14/2025
U000763,Anita Brown,james33@example.org,Female,Jaimefort,7/14/2025
U000764,Tina Greene,melissa95@example.net,Female,Robertburgh,4/20/2025
U000765,Nancy Lozano,arobinson@example.net,Male,Lake Jerry,3/12/2024
U000766,John Navarro,lindsay63@example.com,Female,Port Veronica,3/2/2025
U000767,Charles Johnson,thomasscott@example.net,Female,Bradleytown,9/5/2024
U000768,Justin Robinson,jennifer58@example.org,Female,East Andrew,5/16/2024
U000769,Renee Smith,nicholascobb@example.org,Female,Sharonport,7/30/2025
U000770,Mike Watson,shelleyrowland@example.net,Female,Johnsland,11/8/2024
U000771,Nicole Anderson,jamesgray@example.com,Female,Carolbury,3/22/2024
U000772,Kathryn Matthews,kristine53@example.org,Female,Moniquehaven,9/21/2025
U000773,Norma Clark,muellerkrystal@example.net,Male,East Williamhaven,10/24/2025
U000774,April White,alicia77@example.com,Female,Biancashire,9/12/2024
U000775,Jamie Jacobson,zroy@example.org,Male,Ronaldfurt,3/20/2025
U000776,Selena Brooks,taylorchristopher@example.com,Other,Jerryton,1/25/2025
U000777,Christine Simmons,xreynolds@example.com,Other,Joshuatown,11/14/2024
U000778,Jesus Brewer,rachel48@example.net,Male,Port Joshuabury,5/2/2024
U000779,Charles Johnson,matthewleonard@example.com,Female,Julieview,3/8/2024
U000780,Cassandra Taylor,alan44@example.com,Male,Bautistashire,5/10/2024
U000781,Alexander Valdez,michelleperez@example.net,Other,South Jesus,6/2/2025
U000782,Angela Harrison,fpeterson@example.com,Male,South Kayla,2/5/2025
U000783,Jason Cole,brooksbarbara@example.org,Other,Sherrytown,4/22/2025
U000784,Donna Gomez,robertjennings@example.com,Male,Marktown,12/7/2024
U000785,Antonio Taylor,ashley99@example.net,Male,Bairdborough,1/23/2025
U000786,Bryce Hughes,krodriguez@example.com,Male,Christopherville,10/10/2025
U000787,Gregory Serrano,mjohnson@example.org,Male,Campbellbury,4/6/2025
U000788,Alice Gibson,april25@example.com,Male,Mooreville,7/18/2024
U000789,Robert Paul,nfriedman@example.org,Other,West Ryan,3/29/2024
U000790,Thomas Munoz,briana87@example.com,Male,North Vickie,4/30/2025
U000791,Makayla Jacobs,aliciakent@example.com,Male,Fordton,10/31/2024
U000792,Keith Ibarra,treed@example.com,Male,Austinburgh,5/19/2025
U000793,Hayden Williamson,qellis@example.org,Female,South Hollyton,10/10/2024
U000794,Monica Hill,elizabeth13@example.com,Other,Riddleside,6/12/2024
U000795,Miguel Campos,murraycharles@example.net,Male,Jamesfurt,3/23/2024
U000796,Randy Smith,fletcherderek@example.net,Other,Washingtonland,8/8/2025
U000797,Diane Reeves,rtaylor@example.org,Male,Port Andrew,2/26/2024
U000798,Kelly Nichols,qjackson@example.org,Female,Ericstad,3/9/2024
U000799,Jennifer Stafford,scottwilliams@example.net,Other,South Hannahmouth,5/1/2024
U000800,Adam Barton,sarahbrooks@example.org,Female,North Allen,2/5/2024
U000801,Alexis Hoover,walkernicole@example.net,Female,Lake Gary,1/20/2024
U000802,Daniel Murphy,colleenvilla@example.com,Male,Martinezborough,10/11/2024
U000803,Marcus Smith,alexander37@example.org,Other,Lake Lisastad,3/13/2024
U000804,Nicole Jenkins,gbird@example.net,Other,West Susan,1/31/2024
U000805,Tina Horton,martinreid@example.net,Other,Tiffanyfort,2/14/2025
U000806,Andres Barr,oreyes@example.net,Other,New Briana,2/16/2024
U000807,Jesse Jensen,parkerjoann@example.org,Male,North Devinfort,11/7/2025
U000808,Edward Harris,youngjessica@example.com,Male,Dennismouth,7/21/2024
U000809,Kathleen Meyer,swong@example.org,Female,Port Jessica,3/16/2025
U000810,Jamie Brown,lauriehorton@example.org,Male,Boydburgh,8/22/2024
U000811,Adam Kane,mckaybrett@example.org,Other,East Christopher,10/29/2024
U000812,Marie Frederick,williamsimmons@example.com,Male,Frankborough,2/9/2025
U000813,Gregory Wright,barbara34@example.com,Female,West Raymondburgh,6/16/2024
U000814,Roberto Lynch,ywolf@example.com,Other,Port Patrickland,11/17/2024
U000815,Sandra Larson,angelathompson@example.com,Other,Torresport,6/3/2025
U000816,Catherine Jones,jennifergonzalez@example.org,Female,North Michellestad,9/13/2024
U000817,Sara Bentley,patrick49@example.org,Female,Dyerville,12/2/2024
U000818,Ariel Lee,xkrueger@example.net,Other,Williamfort,9/20/2024
U000819,Micheal Brown,vhouse@example.org,Male,South Austin,3/10/2025
U000820,Crystal Rhodes,josegibson@example.net,Male,West John,7/10/2025
U000821,Elaine Martin,wisedawn@example.com,Other,Mccarthyland,1/30/2025
U000822,Jacob Henderson,uwillis@example.com,Other,North Daisystad,12/20/2024
U000823,Joseph Clark,ahale@example.org,Other,Smithland,7/10/2025
U000824,Robert Butler,jessica22@example.com,Male,Lake Dennis,6/13/2025
U000825,Wayne Rodriguez,jacobbrown@example.org,Male,West Tonya,11/28/2024
U000826,Scott Durham,oneillgabriel@example.com,Other,South Davidland,8/19/2025
U000827,Brenda Woods,smithjoseph@example.org,Female,North Jasontown,8/22/2024
U000828,Abigail Hayden,sarah75@example.net,Other,Rogersmouth,9/13/2024
U000829,Lisa Everett,dgray@example.com,Other,Lindatown,11/14/2025
U000830,Holly Hardy,anthonymartinez@example.net,Male,Stephaniebury,11/8/2024
U000831,Christine Hopkins,qrobertson@example.org,Other,Lake Susanmouth,9/9/2024
U000832,Michael Williams,erica39@example.com,Male,Stevensonland,1/12/2024
U000833,Sheila David,shatfield@example.org,Female,Carterborough,8/26/2024
U000834,Molly Walter,andersonlaura@example.com,Other,Jacksonmouth,5/1/2025
U000835,Timothy Fernandez,jasonmullins@example.net,Female,North Ryantown,10/15/2025
U000836,Sarah Orr,jeffrey47@example.net,Other,Lake Derekside,4/19/2024
U000837,Travis Pope,monica99@example.org,Female,Nicholasfurt,3/9/2025
U000838,Kristen Burch,ostokes@example.com,Male,West Christopherland,3/23/2025
U000839,Brittany Lopez,berrydavid@example.com,Other,Raytown,8/20/2024
U000840,Brittany Lee,uwhitney@example.com,Other,New Elizabeth,7/31/2024
U000841,Daniel Smith,sstewart@example.org,Female,Frazierberg,2/8/2025
U000842,Dustin Ortega,georgekyle@example.net,Male,West Wendyshire,2/15/2025
U000843,Maria Simpson,zbrown@example.com,Female,Port Jennifer,11/23/2024
U000844,Sarah Walker,leblanckimberly@example.com,Female,Evansburgh,8/3/2025
U000845,Amy Rogers,wmooney@example.com,Male,Jonesport,11/8/2025
U000846,Sandra Haynes,udavis@example.net,Female,Port Sarahport,7/12/2024
U000847,Frank Taylor,jcarter@example.org,Female,Port Kaitlin,11/8/2024
U000848,Albert Barber,gregoryvanessa@example.org,Other,Clementschester,5/17/2025
U000849,Gary Brown,terri20@example.org,Female,Brittneyberg,4/9/2025
U000850,Richard Johnson,randyturner@example.net,Other,Lake Julie,3/4/2025
U000851,Vickie Lambert,stricklandmichelle@example.net,Male,Hillmouth,6/14/2025
U000852,David Miller,gmay@example.org,Female,New Ashleyshire,9/8/2024
U000853,Heather Davis,patrickcooke@example.net,Male,Evansberg,11/23/2024
U000854,Bryan Stout,richardhaynes@example.com,Other,Brownshire,3/9/2024
U000855,Lori Pearson,tammymerritt@example.org,Other,North Angela,1/3/2025
U000856,David Anderson,denisemiller@example.com,Other,North Tinahaven,7/1/2025
U000857,Tammy Jackson,wrightbrandon@example.net,Female,Donnamouth,7/23/2024
U000858,Tracy Edwards,catherine83@example.net,Other,Lake Loribury,4/5/2024
U000859,Donald Chase,susanguzman@example.org,Other,Joshuachester,1/26/2024
U000860,Jonathan James,ricardomiller@example.com,Female,Bentleyberg,2/20/2024
U000861,Chad Oconnor,jenniferelliott@example.net,Female,South Lorraine,1/1/2025
U000862,Kristin Gray,chrismartinez@example.org,Female,Jonesland,8/4/2024
U000863,Matthew Nelson,joshuagarcia@example.org,Other,Lynnville,9/5/2024
U000864,Jessica Parker,wdavis@example.net,Other,Andreaville,4/30/2024
U000865,George Potts,zwhite@example.net,Female,Woodsberg,9/5/2025
U000866,Gloria Reeves,douglasbradley@example.com,Female,Lake Daniellestad,6/26/2024
U000867,John Franklin,wwhite@example.com,Male,Joshuachester,4/28/2025
U000868,Jennifer Bradshaw,kevinhodge@example.com,Male,Townsendland,12/22/2024
U000869,Chase Allen,martinbrian@example.net,Female,Angelafort,3/10/2025
U000870,Alex Vaughan,timothyrobertson@example.net,Female,South Alexanderborough,7/6/2025
U000871,Julie Klein,john89@example.org,Male,Oconnellhaven,9/15/2025
U000872,Gregory Richardson,williefarley@example.com,Female,Graystad,9/10/2025
U000873,Matthew Shelton,robertstimothy@example.com,Other,North Joann,10/25/2025
U000874,Jeff Torres,wallspatricia@example.com,Other,West Adammouth,1/24/2025
U000875,Michael Smith,richardsmith@example.com,Other,Gonzalezhaven,8/12/2024
U000876,Eric Martinez,xsmith@example.net,Female,Jeremyfurt,12/17/2024
U000877,Michael Mcclain,daniel77@example.org,Female,West Julie,9/13/2024
U000878,Nicole Fletcher,lopezbilly@example.com,Male,Mannington,1/4/2024
U000879,James Mendoza,david78@example.com,Female,West Karen,4/19/2024
U000880,Ricardo Barber,ganderson@example.org,Female,East Maurice,6/17/2025
U000881,Gabrielle Williams,russell90@example.com,Male,Robertsfort,1/10/2024
U000882,Roy Williamson,johnwang@example.com,Female,Lake Lori,2/26/2024
U000883,Jasmine Patrick,jacobbond@example.net,Male,East David,5/15/2024
U000884,Joshua Lee,ronaldjensen@example.org,Female,South Richardport,10/1/2024
U000885,Tina Walker,gmendoza@example.com,Female,West Danielstad,4/23/2025
U000886,Michael Barnes,patty20@example.org,Female,Lake Julieborough,7/10/2024
U000887,Joshua Obrien,flopez@example.com,Female,Kevinville,7/14/2024
U000888,Felicia Townsend,markfigueroa@example.com,Other,Johnview,4/2/2025
U000889,Patrick Eaton,crystalguzman@example.org,Other,East Janet,5/23/2024
U000890,Charles Payne,kevin73@example.net,Female,North David,9/25/2025
U000891,Jennifer Snow,patricia71@example.com,Other,South Roberthaven,10/13/2024
U000892,Gary Hill,keithsosa@example.org,Male,Lake Lisa,6/24/2025
U000893,Amanda Palmer,martinkaren@example.com,Other,Moralesview,12/4/2024
U000894,Adam Armstrong,suarezkrystal@example.com,Male,Kevinbury,5/21/2024
U000895,Joseph Wilson,brandonallen@example.org,Male,West Sara,7/21/2024
U000896,Krystal Day,veronicaclark@example.org,Male,Lake Michaelstad,7/3/2024
U000897,Stacey Henson,jennifer69@example.com,Other,Tracietown,8/10/2024
U000898,Jeffrey Sanford,jonathansmith@example.net,Female,Lake Juliefurt,7/17/2025
U000899,Jonathan Sims,lisawalker@example.com,Female,New Crystal,10/8/2025
U000900,Randall Griffin,erichardson@example.org,Other,Whiteburgh,8/10/2025
U000901,Gregory Hudson,deborahsmith@example.org,Male,Port Phillip,7/11/2025
U000902,Chad Jones,spencerbrewer@example.com,Other,Lake Alisontown,2/19/2025
U000903,Nicholas Smith,hinesdeanna@example.org,Female,East Kayla,2/16/2025
U000904,Sheena Greene,rosariodaniel@example.net,Other,Melissaland,7/2/2024
U000905,Timothy Hart,tochoa@example.com,Other,Mooreton,5/18/2024
U000906,Joseph Stephens,bryancurtis@example.com,Female,New Oliviachester,1/6/2025
U000907,Rhonda Johnson,wcruz@example.net,Female,Jeremiahfurt,4/7/2024
U000908,Jennifer Valenzuela,hjackson@example.org,Male,West Michaelmouth,4/14/2025
U000909,Sandra Gillespie,munozgregory@example.net,Male,Carolchester,3/21/2024
U000910,Elizabeth Turner,michael14@example.com,Female,Sarahland,4/12/2024
U000911,Michelle Spence,lukemyers@example.net,Male,Briggsville,6/23/2025
U000912,Susan Ramirez,morrisdavid@example.com,Female,Luischester,1/30/2025
U000913,Teresa Guzman,devon36@example.com,Other,Ryanfort,11/25/2024
U000914,Lori Cruz,xrose@example.net,Male,Lake Christopher,12/30/2024
U000915,James Jefferson,angela21@example.org,Female,Michaelberg,9/4/2024
U000916,Douglas Castaneda,osanchez@example.org,Other,North Suzanne,7/20/2024
U000917,Nicholas Johnson,swatson@example.org,Other,South Maryburgh,4/26/2025
U000918,Michael Miller,smithmariah@example.com,Female,Port Ian,1/21/2024
U000919,Kaitlin Hale,theodore57@example.net,Female,West Danielton,5/23/2025
U000920,Antonio Potter,alexwall@example.net,Other,Spencerview,8/25/2025
U000921,Warren Fletcher,rhuynh@example.org,Other,Spenceberg,9/20/2025
U000922,Richard Brown,vwhite@example.net,Female,Port Heatherfort,5/23/2025
U000923,Dawn Wilcox,brianwatson@example.com,Female,West Daniel,8/2/2024
U000924,Carrie Bradford,allenfrancisco@example.org,Other,East Carlaport,2/23/2024
U000925,James Hickman,josephdavila@example.net,Other,New Valeriefort,5/8/2024
U000926,Leonard Harding,hooperkaren@example.com,Female,West Karen,2/1/2024
U000927,Terri Park,riverapeggy@example.net,Female,New Lindseyberg,5/11/2025
U000928,Laura Woods,robertsedward@example.com,Other,Lake Christopherbury,1/17/2024
U000929,Lindsey Pena,victoriamason@example.net,Female,Sethberg,8/27/2025
U000930,Michael Chase,twilliams@example.net,Female,Allenland,8/19/2024
U000931,Ashley Gamble,ballarddouglas@example.com,Female,South Clintonmouth,10/17/2025
U000932,Kenneth Jones,michael12@example.net,Female,Scottfort,4/26/2024
U000933,Kathryn Ramos,shelbybonilla@example.com,Male,West Michelefurt,10/31/2025
U000934,Christine Becker,nrichardson@example.com,Male,Christopherchester,10/6/2024
U000935,Jose Hutchinson,oliverdawn@example.net,Other,Lake Lori,12/12/2024
U000936,Melissa Roberts,ashleynash@example.org,Male,Sawyerland,1/6/2024
U000937,Taylor Nichols,lrodriguez@example.net,Female,South Kaylaborough,8/26/2024
U000938,Caleb Peterson,vlewis@example.com,Male,West Shawnside,10/1/2024
U000939,Theodore Bowman,ashley96@example.org,Other,Kristinefort,4/16/2024
U000940,Jason Johnson,onelson@example.org,Other,East Chadfurt,5/25/2024
U000941,Morgan Hayes,qwarren@example.com,Other,Port Brian,2/25/2024
U000942,Roy Richmond,franklin56@example.com,Male,Nicholsburgh,9/4/2025
U000943,Samuel Gaines,jmorrow@example.net,Male,North Jennifer,10/22/2025
U000944,Duane Beck,alexis72@example.com,Male,Danielchester,1/30/2025
U000945,Jennifer Mcneil,cynthiafowler@example.net,Other,North Jefferyborough,6/28/2024
U000946,Amy Martin,nrobinson@example.org,Female,West Lisatown,10/14/2024
U000947,Kurt Fuentes,lyonsdeborah@example.com,Female,Jenkinsstad,7/25/2024
U000948,Ronald Dickson,daniel27@example.com,Other,Gregoryburgh,7/20/2025
U000949,Patrick Bruce,swalters@example.net,Other,North Lindaville,1/6/2025
U000950,Allen Randolph,crawfordkaren@example.net,Other,Lake Seanshire,3/2/2024
U000951,Elizabeth Christian,jeffreygibson@example.com,Other,East Melissaville,7/5/2025
U000952,Laura Marshall,xsmith@example.org,Female,Josephview,8/27/2024
U000953,Raven Blankenship,adamstout@example.org,Male,North Ericstad,7/29/2024
U000954,April Figueroa,matthew96@example.org,Male,Leefurt,7/29/2025
U000955,Laurie Lane,sheilamyers@example.net,Female,South Rebecca,7/20/2025
U000956,Samuel Garcia,williamwelch@example.com,Male,Maryburgh,12/19/2024
U000957,James Davis,anthonyzimmerman@example.org,Female,Johnsonberg,10/10/2025
U000958,Cynthia Strickland,johnhurst@example.com,Male,New Mary,11/3/2025
U000959,Lindsay Gray,donna41@example.org,Female,Lake Traciville,5/11/2025
U000960,Sara Martinez,justinkline@example.org,Male,South Meganborough,3/16/2024
U000961,Travis Johnson,tuckerconnie@example.org,Other,Brooksmouth,9/24/2024
U000962,Shannon Martin,alejandro29@example.net,Other,North Theresastad,3/9/2025
U000963,Christina Payne,aimeescott@example.org,Male,New Anthony,11/26/2024
U000964,William Hernandez,danny30@example.com,Female,East Christopher,1/16/2024
U000965,David Hill,stephaniebailey@example.net,Male,Stuartfort,4/18/2025
U000966,Stacey Nielsen,gerald46@example.org,Male,Gabrielborough,10/25/2024
U000967,Tony Andrade,rcarlson@example.com,Other,New Patrickborough,10/14/2025
U000968,Nathaniel Chen,colepamela@example.net,Female,Brendaport,1/22/2025
U000969,Natalie Clements,raymond12@example.com,Other,Gibbsstad,2/17/2025
U000970,Jason Watson,kimberlymartinez@example.com,Male,Lake Markmouth,6/16/2024
U000971,Marc Hall,cruzcarolyn@example.net,Other,North Ann,1/23/2025
U000972,Sophia Aguirre,berrydebbie@example.net,Female,Stewartmouth,5/4/2025
U000973,Brandon Snyder,mooneyrobert@example.org,Male,Jacksonmouth,5/15/2024
U000974,Joel Smith,schneidermelissa@example.org,Male,Mitchellfurt,2/8/2025
U000975,Amanda Rose,deanna17@example.org,Other,Cummingsview,1/26/2024
U000976,Michael Miller,troy06@example.com,Female,Snyderville,8/4/2024
U000977,Sharon Garcia,brandonsmith@example.org,Female,Michellechester,7/30/2025
U000978,Christopher Ramsey,lisa80@example.net,Female,West Nicoleton,6/3/2024
U000979,Stacey Jones,hailey64@example.net,Female,East Brandy,3/16/2024
U000980,Luis Hernandez,qwalsh@example.org,Female,New Timothy,3/23/2024
U000981,Juan Barton,qperez@example.com,Male,West Angelicabury,12/1/2024
U000982,Jill Harris,jonestroy@example.org,Male,Lake Jasonfurt,3/27/2025
U000983,Dan Clark,kathleen47@example.net,Female,Port William,5/8/2024
U000984,Jeffery Cox,gparrish@example.org,Female,Lopezview,9/17/2025
U000985,Gina Lynn,thomasnancy@example.net,Male,East Allenmouth,10/16/2024
U000986,Anthony Stanley,hbell@example.net,Male,West Ryanberg,5/7/2024
U000987,Ryan Cook,gnelson@example.org,Female,Dennischester,9/28/2024
U000988,Jaime Thompson,alyssa78@example.com,Female,Lake Brendanbury,5/12/2024
U000989,Jeffrey Brown,johnstonjohn@example.net,Male,West Jeremyfurt,10/17/2025
U000990,Craig Gross,tyler23@example.com,Other,Janiceport,9/25/2024
U000991,Clinton Gordon,sstevenson@example.org,Other,West Erin,5/16/2025
U000992,Martin Gibson,waderonnie@example.org,Other,West Nicole,4/23/2024
U000993,Kathleen Smith,tara90@example.com,Male,South Daniel,4/26/2024
U000994,Ashley Mooney,aliciajackson@example.org,Male,North Kevinmouth,7/14/2025
U000995,Jessica Fritz,elizabeth45@example.com,Male,Port Michaelmouth,11/5/2024
U000996,Kim Vincent,rrodriguez@example.net,Other,East Tiffanybury,9/1/2025
U000997,Donald Jimenez,beckydominguez@example.com,Female,Jamieland,3/27/2025
U000998,Stephanie Fowler,natalie87@example.net,Male,West Renee,5/12/2024
U000999,Mark Lawrence,kyle09@example.net,Male,Maryville,8/26/2024
U001000,Spencer Donaldson,keith07@example.net,Male,South Erin,10/23/2024
U001001,Keith Grant,kevinroberts@example.com,Other,South Blakeport,12/23/2024
U001002,David Freeman,jordandonna@example.org,Female,West Devinport,7/18/2025
U001003,Wayne Mullen,stephaniereeves@example.org,Other,South Brenda,6/21/2025
U001004,Jeffery Kennedy,john66@example.com,Other,West Samanthaport,2/25/2024
U001005,Ryan Liu,feliciagonzalez@example.org,Other,Spencerport,4/28/2024
U001006,Kenneth Ho,ygardner@example.com,Male,East Alishamouth,7/27/2024
U001007,Gina Howard,ronald66@example.com,Other,New Anthonychester,12/10/2024
U001008,Donald Meadows,bettywatson@example.net,Female,Brianfurt,3/1/2024
U001009,Elizabeth Ford,fcombs@example.org,Female,Mariaville,3/27/2024
U001010,Connor Roberts,dvaughn@example.org,Female,Lake Jamieberg,8/16/2024
U001011,Tammy Taylor,kevincollins@example.org,Female,Hansonborough,1/19/2025
U001012,Aaron Munoz,meyerjohn@example.org,Other,Johnsonhaven,3/19/2024
U001013,Brian Martinez,lwebb@example.org,Female,Lorrainemouth,10/30/2024
U001014,Christina Reynolds,lopezlori@example.net,Female,East William,8/10/2025
U001015,James Castillo,elizabeth97@example.com,Other,Peterville,4/23/2025
U001016,Lisa Hernandez,stephen96@example.org,Other,Austinmouth,11/13/2024
U001017,Rebecca Estes,dkhan@example.com,Male,East Michaelhaven,1/30/2024
U001018,Rachel Warren,thompsonedward@example.net,Other,Stephenberg,5/24/2024
U001019,Kathryn Turner,pjones@example.com,Other,Estesburgh,7/9/2024
U001020,Sara Rowe,david59@example.net,Male,Breannafurt,1/29/2025
U001021,Anthony Quinn,colinrodriguez@example.net,Male,Morrisbury,2/16/2024
U001022,Lindsey Oconnor,danielgilmore@example.net,Other,Camposchester,11/2/2025
U001023,Bryan King,bradfordcharles@example.com,Male,East Manuelmouth,9/22/2025
U001024,Vanessa Berry,jameshenry@example.net,Female,Jeremiahburgh,9/15/2024
U001025,Allison Tyler,perkinscrystal@example.net,Other,East Arthurberg,10/23/2024
U001026,Michael Russell,petersonfaith@example.net,Male,Leeborough,9/3/2025
U001027,Thomas Bell,lauriegonzales@example.net,Male,Sawyershire,1/25/2025
U001028,Kimberly Evans,jimenezbrett@example.net,Male,Andrewport,2/23/2024
U001029,John Warner,brennaneric@example.com,Male,New Barbarahaven,9/22/2025
U001030,Vincent Ross,gardnerpatricia@example.net,Other,Gilesview,9/29/2025
U001031,Antonio Fisher,matthewhubbard@example.org,Male,New Lisa,3/22/2025
U001032,Katherine Gaines,youngcharles@example.net,Male,West Tinachester,8/13/2024
U001033,Cheyenne Miller,rpotts@example.net,Male,North Austinhaven,2/13/2025
U001034,Michael Woods,andrewbrown@example.org,Female,Flemingtown,6/3/2024
U001035,Brett Cannon,russellsimmons@example.org,Female,South Davidstad,1/12/2025
U001036,Matthew Hull,jessechapman@example.org,Other,Burgessside,8/28/2024
U001037,Vicki Smith,lisajones@example.org,Other,Whiteton,1/23/2025
U001038,Carrie Zamora,david67@example.net,Female,Lake Chaseview,8/2/2024
U001039,Jamie Thornton,priscilla37@example.net,Female,Shellyside,10/3/2025
U001040,Desiree Rose,luis88@example.org,Male,West Rachelfort,7/19/2024
U001041,James Taylor,kevintran@example.org,Male,Jennyberg,7/10/2024
U001042,Joe Alexander,bbenton@example.com,Female,West Joshuafurt,1/25/2024
U001043,Tammy Brown,ysimpson@example.com,Other,Williamsborough,7/24/2024
U001044,Donna Patel,anthony50@example.net,Female,Sandraview,9/16/2024
U001045,Brittany Todd,jessica96@example.com,Other,Port Danielfurt,7/8/2025
U001046,Sarah Mitchell,ucoleman@example.net,Female,Franciscofurt,10/13/2025
U001047,Victoria Allen,campbellfelicia@example.com,Male,East Kelseyport,11/15/2024
U001048,Ralph Gilbert,joseph49@example.org,Other,West Ashleymouth,8/18/2024
U001049,Melanie Wallace,gonzalessteven@example.com,Male,Littleside,7/25/2025
U001050,Brian Mcmillan,penny85@example.org,Female,Whiteview,5/29/2024
U001051,Troy Perez,dylanwilliamson@example.org,Other,North Diamond,6/26/2024
U001052,William Alexander,bobby30@example.net,Other,Theresatown,5/6/2024
U001053,Meredith Gomez,burkemichael@example.org,Other,Wilsonland,4/9/2025
U001054,Mark Watson,bjones@example.com,Male,North Mark,6/11/2024
U001055,Matthew Russell,thomas49@example.org,Female,West Bradley,6/23/2025
U001056,Rhonda Johnson,lindseydixon@example.net,Male,Shelbyfurt,9/28/2025
U001057,Antonio Barber,pfarmer@example.org,Other,East Arianashire,7/22/2025
U001058,Jessica Ryan,abbottallison@example.org,Male,Hopkinshaven,3/7/2025
U001059,Joseph Huff,rhonda53@example.com,Other,South Leslie,10/28/2024
U001060,Heather Wallace,wcox@example.net,Male,West Denisebury,10/27/2025
U001061,Robert Hudson,sarasanchez@example.com,Female,New Jorge,11/3/2024
U001062,Lee Miller,jwagner@example.net,Male,Chenborough,7/15/2024
U001063,Nancy Smith,barneskathy@example.net,Male,Newtonberg,9/7/2025
U001064,Mary Johnson,veronicaanderson@example.net,Male,Strongstad,8/17/2025
U001065,Heidi Allen,mcknightbrandon@example.net,Male,Stephaniechester,3/28/2024
U001066,Joy Graham,ugraves@example.org,Female,East Paulashire,3/7/2025
U001067,Emily Chavez,samuel89@example.com,Other,East Kennethmouth,2/9/2025
U001068,Zachary Fox,ymitchell@example.com,Other,East Bobby,2/3/2024
U001069,Nicole Simon,kstone@example.net,Other,Coryport,10/8/2025
U001070,Keith Tucker,nicoleroberts@example.com,Female,East Elizabethberg,4/23/2024
U001071,Andrea Romero,anthonyorr@example.net,Female,North Tracy,3/6/2024
U001072,Mike Campbell,hdennis@example.org,Male,Phillipsville,7/16/2025
U001073,Samantha Wilson,fsnyder@example.org,Female,Jessicaville,5/4/2025
U001074,Linda Garner,jessicamurphy@example.net,Other,Joshuahaven,10/24/2025
U001075,Charles Watts,hamiltonsarah@example.net,Female,Jamesside,4/4/2025
U001076,Natalie Johnson,sanchezbrenda@example.org,Other,West Theodore,3/28/2025
U001077,Jacob Crawford,jamesliu@example.net,Female,North Ryan,11/27/2024
U001078,Cheryl Mckinney,barnesjose@example.com,Female,Lake Michael,12/1/2024
U001079,Stephanie Humphrey,nancycontreras@example.com,Other,Harperside,12/28/2024
U001080,Colin Rodriguez,robert75@example.org,Other,Wilsonmouth,11/24/2024
U001081,Donna Bailey,xbush@example.com,Female,Burkebury,10/16/2025
U001082,Joseph Lewis,xbrown@example.com,Female,Emilychester,1/20/2024
U001083,Scott Ross,adamsjessica@example.com,Male,West Sethbury,9/24/2024
U001084,Garrett Harris,gouldchristina@example.com,Other,New Amber,1/26/2025
U001085,Andrew Gray,rhonda81@example.net,Male,New Jasonside,10/11/2025
U001086,Eric Nichols,kellymartin@example.com,Female,Robertside,5/15/2024
U001087,Shelby Johnson,fischeralisha@example.net,Other,Moodyton,5/16/2025
U001088,Kevin Hall,arthurbrady@example.com,Female,Andersonview,4/17/2024
U001089,Charles Wagner,vsmith@example.net,Other,North Jill,8/12/2025
U001090,James Obrien,kristen68@example.net,Female,West Joshuaborough,6/26/2025
U001091,Tanya Johnston,fcarter@example.org,Male,Hoffmanfort,3/9/2024
U001092,Jacqueline Hunter,fsmith@example.net,Male,Beanside,7/13/2024
U001093,Shaun Lane,sandersjesse@example.com,Male,Hartport,5/3/2025
U001094,Lisa Daugherty,hoffmanjared@example.com,Other,North Donald,8/15/2024
U001095,Thomas Sharp,briansnyder@example.com,Other,Joyberg,2/25/2025
U001096,Hannah George,adamsjason@example.net,Other,Gardnermouth,1/25/2024
U001097,Joe Murray,vrobertson@example.net,Male,North Ronaldland,10/18/2025
U001098,Katherine Martin,martinsamuel@example.org,Other,South Tylerhaven,9/13/2024
U001099,Kaitlyn Payne,hsmith@example.com,Female,Jenniferview,11/29/2024
U001100,Christina Watson,donaldmills@example.org,Other,Aprilview,12/23/2024
U001101,Jason Rivera,frankespinoza@example.com,Male,West Robertberg,11/18/2024
U001102,Victoria Smith,jamesdavis@example.com,Male,Codymouth,11/17/2024
U001103,Carl Fields,michaelsmith@example.org,Female,Justinchester,2/10/2025
U001104,Kevin Weber,jvilla@example.net,Other,North Brittany,2/3/2025
U001105,Javier White,martinezalexa@example.net,Other,Riverashire,3/11/2024
U001106,Tammy Mclaughlin,aclark@example.org,Female,North Sarah,2/17/2025
U001107,Douglas Alvarez,morrispaula@example.org,Female,New Lindsay,2/24/2025
U001108,Thomas Turner,allenphillip@example.com,Male,Kellyhaven,10/17/2024
U001109,Christian Jacobs,stephaniedougherty@example.com,Other,Port Samuel,8/4/2024
U001110,Heather King,grantryan@example.com,Female,North Michelle,10/29/2024
U001111,Kelli Reed,jlewis@example.org,Other,Brookstown,8/8/2025
U001112,Michael Lee,mark54@example.net,Female,New Joshuaview,5/13/2024
U001113,Raymond Forbes,joshua09@example.org,Male,Osbornmouth,3/14/2025
U001114,Thomas Golden,johnsonanthony@example.net,Female,Lake Jill,12/1/2024
U001115,David Barnes,browndana@example.org,Female,Connorside,8/18/2025
U001116,Melissa Rios,cookemily@example.com,Female,New Jennifer,7/8/2024
U001117,Alexis Beck,qmonroe@example.org,Female,East Mandyhaven,9/7/2024
U001118,Joseph Thompson,hilljames@example.net,Female,Thompsontown,4/10/2024
U001119,Ann Wilson,scarroll@example.org,Other,Davisland,7/31/2024
U001120,Christopher Stewart,wangkristina@example.org,Male,Stevenbury,5/4/2024
U001121,Erin Bender,julierojas@example.com,Male,South Janiceburgh,7/29/2024
U001122,Annette Gutierrez,joshuagonzalez@example.com,Female,Heidiview,7/9/2024
U001123,Michael Cox,rgallegos@example.org,Female,Port Brendaberg,3/4/2024
U001124,Jason Park,debbie43@example.com,Other,Christopherborough,1/2/2025
U001125,Taylor Johnson,holmescrystal@example.com,Female,South Brenda,6/25/2024
U001126,Nicholas Chapman,morrisdaniel@example.com,Female,East Robertmouth,9/11/2024
U001127,Rebecca Lopez,kevin78@example.org,Other,South Lisamouth,8/18/2024
U001128,Heather Simon,qflowers@example.net,Female,Carolynfort,2/10/2025
U001129,Kevin Arellano,kathrynsantana@example.net,Other,South Ronaldview,4/9/2025
U001130,Richard Johnson,sandratanner@example.net,Male,New Karen,10/14/2025
U001131,Mason Choi,parkerkatie@example.com,Female,Fostermouth,3/29/2024
U001132,Dylan Andrade,kyle23@example.org,Male,Davisbury,1/1/2024
U001133,Angela Rowe,woodsmelvin@example.com,Female,Halefort,4/15/2024
U001134,Marie Mccarthy,hugheslucas@example.org,Female,Mejiaport,4/2/2025
U001135,Jessica Coleman,wferguson@example.com,Female,East Nicoleburgh,7/14/2025
U001136,Mike Morgan,bishopkaren@example.org,Male,East Vincent,6/9/2025
U001137,Kevin Davis,bvaldez@example.org,Female,Larryfort,1/31/2024
U001138,Susan Fisher,raymondholmes@example.org,Other,Drakestad,1/24/2024
U001139,Craig Huffman,martindavid@example.net,Male,Parkstown,4/14/2025
U001140,Susan Morales,turnerjonathan@example.net,Other,New Lindsaymouth,11/28/2024
U001141,Kimberly Joseph,daniel26@example.net,Other,Bergland,12/9/2024
U001142,Matthew Villa,james97@example.com,Female,South Juanville,4/12/2024
U001143,Steve Williams,johnny54@example.org,Female,Guystad,8/16/2025
U001144,Sean Evans,larsonmichael@example.org,Male,Wrightland,10/12/2024
U001145,David Thomas,rjordan@example.com,Male,Barkerbury,12/31/2024
U001146,Rebecca Randolph,uwilliams@example.com,Other,East Chelseaville,9/20/2025
U001147,Tina Miller,roberto02@example.net,Female,Jenniferland,9/18/2024
U001148,Ryan Wilson,ashleycooley@example.net,Other,Lake Lauren,7/26/2025
U001149,Thomas Hodges,shill@example.org,Female,Walterton,9/12/2024
U001150,Renee Gregory,adam30@example.com,Other,West Joseph,2/17/2025
U001151,Theresa Flores,jeffreyfletcher@example.org,Female,New Keithmouth,2/13/2025
U001152,Cynthia Murphy,jalvarez@example.org,Male,Matthewstad,2/6/2025
U001153,Edward Dickerson,sclark@example.org,Male,Scottton,7/16/2025
U001154,Ashley Miller,whoffman@example.org,Female,Lake Traci,3/27/2025
U001155,Kelly Stewart,njohnson@example.net,Other,New Michael,9/9/2024
U001156,Wendy Johnson,angela73@example.com,Male,South Catherine,10/22/2024
U001157,Collin Robinson,duncangregory@example.org,Female,Piercestad,8/4/2025
U001158,Robert Greene,kaylee15@example.net,Female,Perezfurt,5/28/2025
U001159,Steven Mckenzie,lmoore@example.com,Other,Aaronmouth,12/4/2024
U001160,Diana Vega,reyesdenise@example.com,Female,Lopeztown,6/5/2025
U001161,Dillon Harvey,greenejessica@example.org,Male,Chelseaburgh,2/27/2025
U001162,Thomas Davis,andrew96@example.net,Male,Port Robin,1/24/2025
U001163,Jennifer Allen,mgiles@example.com,Other,West Calvin,11/9/2024
U001164,Becky Stevens,yfritz@example.org,Other,Porterville,1/22/2024
U001165,Mary Wiggins,johnbowen@example.org,Male,Lake Antoniochester,7/3/2025
U001166,Wendy Atkins,logansusan@example.net,Other,Lake Kimberlyside,8/16/2025
U001167,Samuel Carey,carterraymond@example.net,Male,West Reginaldhaven,5/3/2025
U001168,Scott Cobb,thomasjose@example.net,Female,Lake Garychester,3/6/2025
U001169,Donald Sanchez,gclark@example.com,Other,South Rachelfort,3/25/2025
U001170,Katherine Peterson,crivera@example.net,Male,Ashleyton,5/29/2025
U001171,Earl Roberts,nicoleelliott@example.net,Other,Kristopherburgh,6/4/2025
U001172,Kevin Marquez,eric22@example.net,Female,Micheleview,1/23/2025
U001173,Anthony Lewis,eddie04@example.com,Male,Woodsburgh,3/11/2025
U001174,Dawn Matthews,alexandra67@example.net,Male,Port Alicia,10/27/2025
U001175,Penny Smith,petersonkyle@example.org,Male,West Charlotte,4/29/2024
U001176,David Gonzalez,ostevens@example.org,Female,Lake James,5/13/2025
U001177,Raymond Garcia,william48@example.net,Male,Port Brianshire,3/30/2025
U001178,John Robles,hannahcurtis@example.org,Other,Lake Jennifer,12/23/2024
U001179,Tiffany Baker,christopher31@example.org,Male,Brucebury,5/1/2024
U001180,Kathleen Woods,herrerakimberly@example.com,Female,East Timothymouth,6/15/2024
U001181,James Daniels,carmenevans@example.org,Other,Callahanville,2/27/2024
U001182,Scott Day,qgay@example.com,Female,Travisburgh,5/7/2025
U001183,Timothy Campbell,joseph83@example.com,Other,Ericahaven,8/12/2024
U001184,Scott Rowland,tonyflores@example.net,Other,Simpsonburgh,7/30/2024
U001185,Ryan Torres,rpeterson@example.net,Female,East Kimberly,2/14/2024
U001186,Jason Shaw,katie71@example.net,Female,Saraborough,6/5/2025
U001187,Eric Moore,kfloyd@example.net,Female,West Sue,1/25/2025
U001188,Desiree Kramer,jeremy47@example.com,Female,Dustinmouth,11/2/2025
U001189,Maria Stewart,ronald66@example.org,Male,Brownchester,5/12/2025
U001190,Linda Proctor,andrew33@example.net,Female,Kennethstad,8/29/2024
U001191,Ronald Reyes,laurenwilliamson@example.com,Other,Danielbury,1/17/2024
U001192,Jennifer David,ccrane@example.net,Male,Wattsfort,4/19/2024
U001193,Valerie Willis,garciadanielle@example.com,Female,Samuelport,6/19/2024
U001194,Dennis Brady,tiffany62@example.org,Male,Audreyside,3/16/2024
U001195,John Armstrong,angela40@example.org,Other,Port Kristimouth,3/1/2024
U001196,Michael Mejia,jackmcdonald@example.com,Other,Masonview,10/16/2025
U001197,Julie Johnson,mayronald@example.com,Other,Port Allisonhaven,6/23/2024
U001198,Ariel Forbes,kristy74@example.net,Male,Cynthialand,9/12/2024
U001199,Terri Norman,laurenmathis@example.org,Male,Bishopborough,1/21/2025
U001200,Katie Jordan,steven25@example.org,Female,Lake Barbara,5/29/2025
U001201,Kimberly Stevenson,zpreston@example.net,Female,Adamfurt,11/6/2024
U001202,Jeffrey Simmons,mvaldez@example.net,Female,Patriciashire,1/13/2024
U001203,Kendra Harris,craigferguson@example.org,Other,New Michael,4/14/2024
U001204,Monica Hebert,jamesmartin@example.com,Female,East Kelsey,2/17/2024
U001205,Natalie Blackburn,flowersnicholas@example.com,Male,South Brandon,1/19/2024
U001206,James Wise,davisgregory@example.net,Female,East Katherineville,10/26/2024
U001207,Joy Howard,robert31@example.net,Other,Timothyhaven,10/5/2025
U001208,Stephen Smith,gross@example.com,Female,Sonyaland,3/17/2024
U001209,Melanie Turner,santoslisa@example.com,Other,West Jessicamouth,10/23/2024
U001210,Melanie Thompson,andersoneric@example.net,Other,Farmerton,2/1/2024
U001211,Jason Singh,nathan62@example.com,Other,East Sharon,2/11/2025
U001212,Judy Patrick,michaelbuckley@example.org,Female,South Jamesfurt,10/22/2025
U001213,Regina Baker,anthony05@example.org,Male,Johnsonberg,3/3/2025
U001214,Brandon Bennett,ericsmith@example.org,Female,South Vanessaville,9/16/2025
U001215,Steven Perry,mtaylor@example.net,Other,West Thomasview,10/24/2025
U001216,Diana Diaz,woodskaitlyn@example.net,Female,East Jeffrey,3/28/2024
U001217,Sheri Perez,pauljennifer@example.com,Female,East Jeremyburgh,3/29/2024
U001218,Kevin Page,hbarnett@example.net,Female,Kathleenberg,5/14/2025
U001219,Nicholas Thomas,adkinslauren@example.net,Other,Port Jamesburgh,8/12/2024
U001220,Cynthia Conley,fernandomorris@example.net,Other,Webbstad,1/10/2024
U001221,Molly Arellano,nhayes@example.com,Female,Amyville,5/8/2024
U001222,Diana Robertson,matthew24@example.com,Female,Ingrammouth,5/24/2025
U001223,Elizabeth Peterson,bryan56@example.net,Female,New Davidbury,3/29/2025
U001224,Maria Martinez,david54@example.com,Male,Tranland,10/28/2025
U001225,Teresa White,donaldbecker@example.org,Other,Lake Julie,10/22/2025
U001226,Kimberly Hart,mcbridemichael@example.org,Male,West Erik,12/25/2024
U001227,Cynthia Trevino,meganpotter@example.org,Other,Garrisonview,4/10/2025
U001228,Tanya Morales,asantana@example.com,Female,Morrisport,2/3/2024
U001229,John Peters,jason99@example.org,Male,Port Robertberg,1/1/2024
U001230,Ethan Stanton,petermoore@example.com,Female,Vargasbury,11/24/2024
U001231,Chad Richmond,donald61@example.net,Male,East Scott,7/24/2025
U001232,Kathleen Smith,meyeralexandria@example.net,Female,Hallmouth,4/4/2025
U001233,David Paul,whernandez@example.net,Other,Nancyton,7/23/2024
U001234,Patricia Rodriguez,ksimmons@example.net,Female,Blakebury,9/17/2024
U001235,Christopher Dennis,john76@example.com,Other,Lake Danielview,12/23/2024
U001236,Jessica Conway,robert45@example.org,Female,North Jenniferfort,7/30/2025
U001237,Troy Garza,dalton78@example.net,Female,Obrienfurt,6/15/2024
U001238,Daniel Massey,johnstondavid@example.org,Other,Bettychester,1/29/2024
U001239,Jennifer Williams,kphelps@example.net,Other,South Lisachester,7/11/2025
U001240,Anthony Bradley,mccoymark@example.com,Male,Phammouth,4/2/2025
U001241,Jon Cardenas,michael34@example.com,Female,West Stephenview,8/4/2025
U001242,Ethan Hansen,joy52@example.com,Male,West Michaelside,6/9/2025
U001243,Mary Perez,craig16@example.com,Male,Fowlerfurt,5/21/2025
U001244,Melissa Washington,linda52@example.org,Other,Allenborough,5/18/2024
U001245,Regina Graves,katherine82@example.com,Other,East Clarencefurt,2/1/2025
U001246,Dustin Peterson,randy61@example.net,Female,Christinaland,8/5/2025
U001247,Jeffrey Mckenzie,amycontreras@example.com,Male,South Jeffreybury,8/9/2024
U001248,Jeremiah Wong,dustinphillips@example.org,Female,Masseychester,6/16/2024
U001249,Yesenia Lee,melaniecarpenter@example.net,Male,Francisstad,1/15/2025
U001250,Joseph Wood,lukekelly@example.net,Other,West Michelle,7/3/2025
U001251,John Medina,colinlowery@example.net,Female,Nicholsville,11/5/2025
U001252,Cassandra Cortez,stevenandrews@example.org,Male,Montgomeryfort,7/6/2025
U001253,Calvin Forbes,castroangelica@example.org,Other,Thomasberg,2/8/2025
U001254,Michael Blevins,ashley09@example.com,Male,Padillaberg,2/13/2024
U001255,Jason Hayes,mark98@example.com,Female,Port Amber,11/5/2025
U001256,Leonard Smith,josephmichael@example.org,Other,New Brycechester,4/11/2025
U001257,Jessica Wright,maryjohnson@example.com,Male,West Christopherfurt,5/14/2025
U001258,Stacy Hughes,ejames@example.org,Male,Isaacport,1/27/2025
U001259,Jasmine Koch,qdavis@example.com,Female,East Michael,8/30/2024
U001260,Christopher Hayes,warrenandrew@example.net,Female,New Brianstad,3/18/2025
U001261,Aaron Galloway,smithpaul@example.org,Female,Micheleburgh,3/6/2024
U001262,Christine White,theresadavis@example.net,Other,New Neil,5/8/2024
U001263,Scott Singleton,williamolsen@example.com,Other,New Benjaminside,5/1/2024
U001264,Laura Martinez,savannah15@example.net,Female,New April,8/30/2025
U001265,Tyler Munoz,sharon86@example.com,Other,Lake Angelamouth,9/7/2025
U001266,Donald Horne,zlopez@example.org,Male,Brianfort,6/17/2024
U001267,Renee Zimmerman,abbottchristopher@example.net,Female,Rhondashire,7/8/2025
U001268,Amanda Long,justintaylor@example.org,Other,Sherylchester,1/28/2025
U001269,Nicholas Henry,jgarcia@example.com,Other,Torresport,10/3/2024
U001270,Holly Rose,lopezchristopher@example.net,Female,Lake Lee,6/11/2025
U001271,Anthony Rasmussen,ilopez@example.org,Female,Rodgershaven,2/2/2024
U001272,William Maldonado,lozanocorey@example.org,Other,Lake Luke,8/3/2025
U001273,Tyler Duncan,williamspatrick@example.net,Other,West Adambury,5/3/2025
U001274,Rose Rivera,valerieserrano@example.com,Female,Williamsberg,3/27/2025
U001275,Christy Scott,tbecker@example.net,Other,Jamieview,2/13/2025
U001276,Alejandro Colon,mramirez@example.com,Male,Carolfurt,10/6/2024
U001277,Katie Anderson,chadwilson@example.org,Other,Jonesside,1/29/2024
U001278,Sherry Scott,smitchell@example.com,Male,Danielville,8/11/2024
U001279,Nicole Harris,peterstyler@example.org,Male,South Timothyville,9/27/2024
U001280,Marissa Lopez,allenchristina@example.com,Other,South Carla,6/5/2024
U001281,Sarah Wang,kaylahardy@example.org,Other,East Matthewview,1/29/2024
U001282,Michael Gonzalez,myerseric@example.com,Female,East Jackborough,9/22/2025
U001283,Jennifer Johnson,pjones@example.net,Male,Angelaberg,8/17/2024
U001284,Lonnie Rodriguez,ortizamanda@example.net,Other,Lake Sarah,1/9/2025
U001285,Douglas Garcia,adamsmith@example.org,Male,Mackville,9/10/2024
U001286,Kathleen Johnson,smithmadison@example.com,Female,Campbellfurt,8/9/2025
U001287,Kaitlin Vega,michael77@example.org,Male,Herrerastad,11/3/2024
U001288,Justin Simon,kkidd@example.com,Other,South Lindaberg,6/2/2024
U001289,Robert Hobbs,vanessamartinez@example.net,Other,Jaredfurt,1/30/2024
U001290,Robert Quinn,dfarley@example.com,Male,Markfurt,10/15/2024
U001291,Alyssa Sanchez,ashleygould@example.net,Female,Rachelside,4/1/2024
U001292,Laura Brooks,jason27@example.org,Male,Evanschester,8/12/2025
U001293,Jeff Arnold,donnagiles@example.com,Other,South Andrew,2/4/2024
U001294,Ashley Jackson,danielleandrews@example.org,Female,South Leslie,5/21/2024
U001295,Joanna Farmer,wstewart@example.net,Male,Lake Coltonland,6/17/2024
U001296,Alan Atkins,riverachristopher@example.com,Male,Lake Edward,2/28/2024
U001297,Mary Cox,brandy77@example.com,Female,West Kevin,5/25/2024
U001298,Ernest Gilmore,robertpatel@example.net,Male,Mooreside,7/2/2025
U001299,Holly Campbell,theresabeck@example.org,Female,Daviston,3/6/2025
U001300,Parker Gray,katiewillis@example.com,Female,Richardsburgh,4/2/2024
U001301,Andrew Vasquez,nicole15@example.org,Female,East Claire,11/1/2024
U001302,Sabrina Rodriguez,suzanneflores@example.net,Female,West Carriefort,4/8/2025
U001303,Patricia Butler,michaelking@example.net,Male,Tinatown,1/11/2024
U001304,Rebecca Williams,jackiebaker@example.com,Male,Billymouth,11/30/2024
U001305,Mason Johnson,navarroandrew@example.com,Other,South Norman,3/27/2025
U001306,Emily Terry,michael86@example.com,Female,Davidstad,1/25/2024
U001307,Andrea Burns,christopher71@example.net,Other,Michelleville,5/6/2025
U001308,David Gill,charlesbrooks@example.org,Other,Port Christopher,1/16/2024
U001309,Jennifer Doyle,molly91@example.org,Male,Welchmouth,2/21/2024
U001310,Daniel Martinez,jamesreese@example.org,Male,North Jennifer,6/21/2025
U001311,Ryan Jennings,brendanmiller@example.com,Male,South Lisa,3/3/2024
U001312,Tyler Mccarthy,rroberts@example.net,Male,South Jacksontown,4/29/2025
U001313,Terri Baker,hollywarner@example.org,Other,East Melinda,2/24/2024
U001314,Jeremy Foster,carolyn84@example.org,Female,Kingstad,6/1/2025
U001315,Alyssa Pena,juan21@example.org,Other,South Maxton,5/18/2025
U001316,Lisa Miller,floreskelsey@example.com,Other,New Josemouth,2/27/2025
U001317,Judy Castillo,fevans@example.com,Male,East Brenda,11/4/2024
U001318,Michael Marshall,ynguyen@example.com,Female,Meltonmouth,1/30/2024
U001319,Douglas Christensen,iherring@example.com,Other,Fritzberg,11/5/2024
U001320,Alexis Moody,edwardshah@example.org,Male,North Peterberg,9/30/2024
U001321,James Crawford,kevinmoses@example.net,Male,Jeremyfort,7/4/2024
U001322,Victor Graham,tonywade@example.com,Female,North Stephaniefort,2/19/2025
U001323,Donald Stone,alara@example.com,Other,West Crystalmouth,2/19/2025
U001324,Gabriella Patterson,georgealyssa@example.com,Female,Lindsayberg,3/7/2025
U001325,Tara Brown,pwood@example.org,Female,Haleymouth,9/9/2024
U001326,Rachel Alvarez,angela95@example.net,Female,East Tammy,3/9/2025
U001327,Ashley Pruitt,lisawright@example.net,Other,Zamoramouth,6/18/2025
U001328,Cody Christensen,christopher77@example.net,Male,Carlfurt,12/15/2024
U001329,Lacey Hill,michaelstrickland@example.com,Female,East Cynthia,6/15/2025
U001330,Mallory Olson,kristenfrye@example.com,Female,Cassandraside,8/11/2024
U001331,Lisa Lopez,phillipsbruce@example.org,Other,Johnfurt,5/16/2024
U001332,Lori Smith,james40@example.org,Other,Millermouth,10/16/2024
U001333,Victoria Griffin,mpeters@example.com,Male,Danielview,6/14/2025
U001334,James Obrien,frank25@example.org,Male,North Mindyside,11/7/2024
U001335,Donald Decker,opierce@example.com,Female,Randallmouth,11/22/2024
U001336,Kathleen Schneider,ariel90@example.net,Female,Lake Jenniferberg,2/23/2025
U001337,Sara Taylor,millsshelby@example.org,Other,Port Michaelstad,12/5/2024
U001338,Robert Potter,dmorales@example.net,Female,Mayfurt,8/19/2024
U001339,Amy Davis,shanewilson@example.com,Other,East Brian,4/20/2025
U001340,Andrew Day,timothywilliams@example.org,Female,Port Devin,4/12/2025
U001341,Paul Walters,wsmith@example.com,Other,Johnsonchester,8/6/2024
U001342,Billy Lawrence,jeromehenry@example.com,Female,New Nicolehaven,1/11/2025
U001343,Frank Lewis,hermanjulie@example.com,Female,Angelahaven,9/6/2025
U001344,Mary Webster,matthew54@example.com,Female,Lake Justintown,9/22/2024
U001345,Tammy Powers,hharris@example.org,Male,Ballardborough,10/31/2024
U001346,Ashley Burgess,oliviameyers@example.com,Female,Brownbury,5/16/2024
U001347,Nicole King,collinsjavier@example.org,Female,Jamiefurt,1/22/2025
U001348,Stephen Myers,samanthacastillo@example.net,Male,Laurabury,5/7/2025
U001349,Daniel Smith,harveymercedes@example.com,Male,West Seanshire,2/23/2024
U001350,Colton Richardson,tashaharmon@example.com,Female,West Roberttown,10/19/2025
U001351,Austin Wilson,joseconrad@example.org,Other,Lake Julietown,7/22/2024
U001352,Sarah Thompson,millerjimmy@example.net,Female,Josephshire,8/25/2025
U001353,Jessica Hernandez,sandersnicholas@example.org,Other,Reynoldsmouth,11/24/2024
U001354,Teresa Ray,douglassusan@example.com,Female,Jenniferborough,10/9/2024
U001355,Andrew Nelson,jimmywest@example.org,Other,Port Annachester,7/2/2025
U001356,Jacqueline Conner,mitchellchristopher@example.com,Female,Hooverside,1/17/2025
U001357,Donna Watson,malikfowler@example.com,Male,New Richard,4/22/2024
U001358,Michael Carter,alowe@example.com,Other,Millerview,11/15/2024
U001359,Marvin Howard,ihayes@example.net,Female,North Matthew,8/28/2025
U001360,Tonya Thomas,amber29@example.org,Female,Port Heather,9/20/2025
U001361,Robert Rodriguez,stonebarbara@example.com,Male,Lake Jeremy,2/25/2024
U001362,Matthew Wilson,amy68@example.net,Other,Robinsonstad,4/30/2025
U001363,Gwendolyn Travis,daniellechavez@example.net,Other,Lake Aaron,5/27/2025
U001364,William Rodriguez,ruthneal@example.com,Other,Port Richard,6/26/2025
U001365,Amber Davis,andrewjohnson@example.org,Male,East Maria,7/18/2025
U001366,Carl Chavez,hendersonmichael@example.com,Other,Lake Carlamouth,4/10/2025
U001367,Jared Patterson,lreid@example.org,Other,Rowlandfort,9/22/2024
U001368,Anthony Haynes,xmullins@example.org,Female,Barkerstad,8/6/2024
U001369,Gail Vang,fjohnson@example.org,Female,Kingland,10/11/2025
U001370,Jennifer Baldwin,gibsonkaitlyn@example.org,Male,Johnsonport,2/26/2024
U001371,Jane Hayes,rdavis@example.org,Other,New Seanhaven,1/12/2025
U001372,Joshua Cunningham,kingdavid@example.net,Female,Thompsonmouth,5/3/2024
U001373,Francisco Roberts,ronald21@example.org,Male,Tuckertown,7/19/2024
U001374,Julie Valdez,kelseywilliams@example.org,Other,West Michelle,9/21/2024
U001375,Trevor Reeves,garciadonald@example.net,Male,South Tylerchester,2/3/2025
U001376,Alicia Benson,barnesarthur@example.com,Other,Jonesland,1/15/2024
U001377,Stacy Howard,phunter@example.org,Female,North Fernandoshire,6/28/2024
U001378,James Keller,angela71@example.net,Other,New Robert,5/7/2024
U001379,Jesse Hernandez,juliemyers@example.com,Other,New Kristinville,1/17/2025
U001380,Joseph Moreno,nicole25@example.org,Other,Solisborough,12/24/2024
U001381,Timothy Lewis,paulschultz@example.net,Other,East Elizabethhaven,3/30/2025
U001382,Kathleen Woods,knightjohn@example.com,Male,Sharonview,4/9/2024
U001383,Karen Williams,kimberly03@example.net,Other,Peterbury,10/4/2024
U001384,David Mendez,wlucas@example.net,Male,East Carol,5/27/2025
U001385,Kendra Reynolds,butleranna@example.net,Other,Port Darlene,7/15/2024
U001386,Phillip Marshall,kevin89@example.com,Other,Melissafort,9/9/2024
U001387,Paul Pitts,taylordavis@example.com,Male,Amandaland,12/15/2024
U001388,Joseph Nelson,brooke35@example.com,Female,New James,6/21/2024
U001389,James Rogers,kaylazamora@example.org,Female,Jamesstad,10/27/2025
U001390,Angela Harris,lperkins@example.org,Male,Danielleborough,5/2/2025
U001391,Cynthia Rogers,zbrooks@example.com,Other,Sarahmouth,2/13/2025
U001392,Dustin Obrien,david68@example.com,Female,North Jacobview,1/2/2025
U001393,Shawn Ewing,william63@example.com,Other,South Courtneyfort,9/26/2025
U001394,Thomas Hughes,taylordavid@example.org,Male,Port Chadville,2/11/2025
U001395,Joseph Bowers,qharris@example.net,Male,North Danielview,1/10/2025
U001396,John Robinson,sarah53@example.org,Female,New Breannabury,7/13/2024
U001397,Tammy Reyes,bestchristopher@example.net,Female,Lisaville,4/27/2024
U001398,Megan Walker,llynch@example.org,Other,Danielbury,3/6/2024
U001399,Ryan Valencia,ogriffin@example.org,Female,South Jennifermouth,4/4/2025
U001400,Pamela Jefferson,wjohnson@example.com,Male,Lake Travis,4/12/2024
U001401,Alexandria Morris,yromero@example.com,Male,West Drew,6/24/2025
U001402,Mary Vega,kristinclark@example.com,Male,Richardbury,2/22/2024
U001403,Rachel Gray,ryu@example.net,Other,Lake Heidi,5/4/2025
U001404,Lauren Price,michael07@example.com,Female,Blankenshipland,11/5/2024
U001405,Michael Adams,timothy23@example.net,Other,Port Barry,10/26/2024
U001406,Brandon Perez,christopherdominguez@example.org,Other,Christianview,9/17/2024
U001407,Kelly Garrison,monica23@example.com,Female,Garrettland,11/5/2024
U001408,Christopher Williams,keithharrison@example.com,Male,East Andre,6/7/2024
U001409,Carrie Jones,adamskrista@example.net,Female,Port Stevenstad,10/19/2025
U001410,Eric Frederick,kristinnguyen@example.org,Female,Williamtown,5/9/2025
U001411,Patricia Long,brandonmoore@example.org,Female,Port Chelsea,12/8/2024
U001412,Krista Ford,hthompson@example.net,Other,East Danielle,9/8/2024
U001413,Carlos Bennett,mitchellallison@example.com,Female,Piercefurt,5/31/2025
U001414,Steven Holland,kristin96@example.com,Male,Jacksonfort,8/30/2025
U001415,Benjamin Jones,meagan19@example.com,Female,Bennettstad,3/27/2024
U001416,Tony Christensen,ryanlittle@example.org,Male,Grimesberg,1/17/2024
U001417,Kevin Sanchez,lesterrebecca@example.com,Male,Rossmouth,3/19/2025
U001418,Jamie Anderson,sanchezdustin@example.net,Male,West Nathanielstad,9/11/2024
U001419,Paul Valdez,smiller@example.com,Other,Williamsfort,11/14/2024
U001420,Mark Collins,alexgarcia@example.net,Other,Brianhaven,2/16/2024
U001421,Adriana Johnson,ncook@example.com,Other,Christyport,5/29/2024
U001422,Laurie Richards,bblake@example.net,Female,Lake Kimberlyshire,9/8/2024
U001423,Yolanda Hernandez,trivera@example.com,Other,Douglasborough,12/12/2024
U001424,Patrick Foster,williamsalexander@example.org,Female,South Ashley,3/4/2024
U001425,Margaret Hernandez,veronica30@example.org,Male,Port Benjamin,10/12/2024
U001426,Kristin Robinson,sandysnyder@example.org,Female,Cainmouth,5/12/2025
U001427,Tiffany Jefferson,barbara85@example.net,Male,Alisonshire,2/25/2025
U001428,Joshua Wheeler,jeremyjohnson@example.com,Female,Markhaven,12/21/2024
U001429,Teresa Esparza,cranekevin@example.com,Other,Port Earlbury,7/24/2024
U001430,Jeffery Blanchard,gstein@example.net,Male,Robertfurt,7/31/2025
U001431,Mark Miller,cindyfry@example.net,Female,Port Leeton,10/13/2024
U001432,Lisa Moore,vgood@example.com,Female,West Joefort,10/24/2024
U001433,Randy Lewis,satkinson@example.org,Other,West Erik,9/26/2025
U001434,Nicholas Miller,millerjoan@example.org,Other,Vasquezland,8/11/2024
U001435,Laura Terry,victoriasmith@example.org,Other,East Kellystad,10/1/2025
U001436,Samantha Graves,williamspatricia@example.com,Female,North Wendyland,4/9/2025
U001437,Christina Underwood,kristineprince@example.com,Other,West Brittneyhaven,11/6/2025
U001438,Cheyenne Taylor,qobrien@example.org,Female,South Catherineport,2/19/2024
U001439,Melissa Ortega,wpatrick@example.net,Other,Kellyfurt,1/22/2024
U001440,Sarah Bauer,elizabeth33@example.com,Female,Lake Eric,10/12/2024
U001441,Briana Wilson,boltondavid@example.net,Male,West Kayleemouth,2/24/2024
U001442,Jennifer Graham,spearselizabeth@example.net,Other,Sharonborough,1/31/2025
U001443,Diana Diaz,elee@example.org,Male,Port Melissaview,9/4/2025
U001444,Lisa Ford,ubowers@example.com,Female,Port Mark,9/23/2024
U001445,Robert Edwards,adrianlogan@example.com,Male,Davismouth,10/23/2025
U001446,Nicole Allen,mkrueger@example.net,Other,South Benjamin,4/11/2024
U001447,Michael Cooper,matthew17@example.net,Other,East Dylan,1/7/2024
U001448,Michaela Manning,alyssa89@example.net,Female,South Kayla,4/10/2025
U001449,Benjamin Maynard,amber70@example.com,Other,Andrewshire,5/15/2025
U001450,Latoya Wells,mhickman@example.net,Male,West Mary,3/4/2025
U001451,Joseph Snow,montoyaelizabeth@example.net,Other,Ralphtown,6/1/2024
U001452,Billy Crane,aallen@example.com,Male,North Leahview,12/29/2024
U001453,Rachel Case,shawstephanie@example.net,Other,Kaylaton,1/1/2025
U001454,Betty Ferguson,kimberly36@example.net,Female,Gregoryborough,12/5/2024
U001455,Ruben Murphy,staceysmith@example.org,Other,Garyport,1/10/2024
U001456,Robert Bullock,jessicaward@example.com,Female,Whitneyside,4/4/2025
U001457,Charles Moore,farrellaaron@example.org,Other,Port Kayleeview,3/13/2025
U001458,Daniel Hayes,masonmary@example.net,Female,Dixonfort,10/22/2025
U001459,Joshua Miller,gomezpaul@example.org,Male,Jessicaland,4/1/2025
U001460,Francis Peterson,timothymiddleton@example.net,Male,Anthonyfurt,11/9/2025
U001461,Ryan Aguirre,mlewis@example.net,Male,Ayalaland,6/26/2025
U001462,Julie Davenport,dgrant@example.com,Male,Dawnborough,10/29/2025
U001463,Benjamin Lopez,andre55@example.com,Female,West Michelleland,9/7/2025
U001464,Cody Meyer,watkinsthomas@example.net,Female,Davidton,4/1/2024
U001465,Danielle Sanchez,gcarter@example.org,Male,Elizabethberg,6/21/2025
U001466,Lisa Kidd,matthew61@example.net,Male,Charlesport,4/21/2025
U001467,Richard Johnson,mark12@example.net,Male,West Danielview,5/20/2025
U001468,Lucas Martinez,brandimiller@example.org,Other,Larryside,6/9/2025
U001469,Robin Miller,rebecca41@example.com,Male,West Samanthachester,5/31/2025
U001470,Mathew Figueroa,caseyrush@example.net,Female,North Patriciaton,3/4/2024
U001471,Michael Weaver,erik83@example.org,Female,Garyshire,11/16/2024
U001472,Dale Burnett,trobinson@example.org,Female,Lake Susan,4/24/2025
U001473,William Mayo,maldonadonancy@example.net,Other,South Amy,8/13/2025
U001474,Jason Estrada,mallorycarter@example.org,Other,Beltranchester,2/10/2024
U001475,Keith Wright,mannjonathan@example.net,Other,Smithville,9/14/2025
U001476,James King,barbaraolsen@example.net,Other,Lake Johnton,10/4/2024
U001477,John Williams,suttondean@example.org,Female,Susanshire,6/6/2024
U001478,Jason Rodriguez,gutierrezmatthew@example.com,Other,East Jennifer,1/2/2024
U001479,Misty Nguyen,hgray@example.net,Other,Scottborough,6/21/2025
U001480,Dustin Price,mollyhodge@example.net,Other,South Tracy,8/9/2025
U001481,Brandon Smith,ymoore@example.org,Male,Warrenborough,7/6/2024
U001482,Nicole Taylor,gregory07@example.net,Female,New Shawnport,10/9/2024
U001483,Shannon Barker,mary64@example.org,Other,Walkerberg,3/16/2025
U001484,Jimmy Tucker,valeriearnold@example.net,Male,North Joseph,1/12/2024
U001485,Jonathan Garcia,julie01@example.net,Female,East Rachelview,9/10/2024
U001486,Katherine Barnett,courtneymadden@example.org,Other,North Mark,7/7/2025
U001487,Angela Bradley,castillojacob@example.net,Female,Jenniferchester,4/16/2025
U001488,Linda Willis,msantiago@example.net,Female,Codyfort,6/20/2024
U001489,Pamela Nguyen,michael38@example.com,Male,Perezside,3/3/2025
U001490,Charles Cunningham,jessedelacruz@example.org,Other,Gutierrezland,1/12/2024
U001491,Veronica Dunn,jeffreylewis@example.com,Female,North Jonathanshire,3/11/2024
U001492,Vickie Day,forozco@example.com,Male,New David,10/6/2024
U001493,Kylie Herrera,bradleybarker@example.net,Female,Lake Katherine,7/4/2025
U001494,Sara Burns,lauraclay@example.org,Female,New Brandishire,5/13/2025
U001495,Ronald Bailey,karen82@example.org,Male,Lake Ashleyview,7/8/2024
U001496,Lynn Young,oconnorjames@example.org,Female,East Kenneth,5/11/2024
U001497,Shannon Montgomery,wilsonrhonda@example.org,Male,Courtneyport,2/11/2024
U001498,Ryan Watts,patelgabrielle@example.com,Other,North Kathyborough,7/24/2025
U001499,Robert Hamilton,josephmeyer@example.net,Female,Oliviaburgh,2/20/2024
U001500,Brooke Guerrero,stephaniecoleman@example.net,Other,Ramirezview,7/20/2025
U001501,Sara Yates,gonzalezkenneth@example.net,Other,Hoshire,2/18/2025
U001502,Heather Lester,jillianferguson@example.org,Female,Fostershire,3/19/2024
U001503,Lisa Brown,amberhall@example.org,Male,North William,5/2/2025
U001504,Nicole Allen,morganamanda@example.com,Female,Martinberg,2/19/2025
U001505,Bradley Henry,donaldtyler@example.net,Female,New Dylanmouth,7/20/2025
U001506,Jennifer Payne,steven45@example.org,Male,Port Alexandertown,2/18/2024
U001507,Hannah Roy,millerfrederick@example.net,Male,North Haileyfort,6/14/2025
U001508,Corey Bowers,brian90@example.net,Female,West Lawrence,10/13/2025
U001509,Laura Gordon,karen42@example.org,Male,New Elizabeth,4/4/2025
U001510,Justin Boyd,hernandezmadison@example.com,Other,West Nicolaston,1/4/2025
U001511,Tanner Williams,smithjose@example.org,Male,Reedmouth,12/12/2024
U001512,Jennifer Hill,richardhart@example.org,Other,Hernandezview,3/1/2024
U001513,Vicki Wood,diazlorraine@example.net,Other,Blairside,12/15/2024
U001514,Colleen Brown,johnguzman@example.net,Other,Montgomerytown,5/3/2025
U001515,Kimberly Benton,davidbrown@example.org,Male,Port Peterhaven,6/12/2025
U001516,Angela Moreno,greenjessica@example.net,Male,New Stacy,3/25/2024
U001517,Sarah Black,mrobbins@example.net,Female,South Josephberg,12/6/2024
U001518,Donald Ross,jessica89@example.net,Male,Rickeyburgh,4/5/2025
U001519,Natasha Avila,michealhardy@example.net,Male,Lewisport,1/15/2024
U001520,Johnathan Murray,shortkelly@example.net,Other,Moorestad,10/19/2025
U001521,Michelle Williams,ukramer@example.net,Male,Matthewburgh,6/2/2025
U001522,Susan Pruitt,barnettterry@example.com,Male,Connerport,7/19/2024
U001523,Susan Moreno,ingramjessica@example.com,Other,New Heidi,12/16/2024
U001524,Maria Hill,stevendecker@example.org,Male,Benjaminton,12/20/2024
U001525,Kelly Harris,jasonhubbard@example.com,Other,Port Alicia,11/10/2025
U001526,Nicole Martinez,lindsayshaffer@example.org,Male,Lake Carolhaven,2/5/2025
U001527,Natalie Martinez,obrienjames@example.net,Male,Lake Erikafort,11/15/2024
U001528,Richard Morris,benjaminrussell@example.org,Female,North Samanthahaven,5/28/2024
U001529,Suzanne Esparza,murrayvincent@example.com,Male,North Rhondaborough,12/5/2024
U001530,Wendy Johnson,cookrobert@example.net,Other,Port Carla,7/15/2025
U001531,John Bennett,fwalsh@example.com,Male,Mackenzieville,9/24/2025
U001532,Rebecca Rangel,peterlynch@example.com,Female,North Charles,10/18/2025
U001533,Lindsey Pitts,daniel43@example.org,Male,Morenomouth,2/16/2025
U001534,Brenda Avila,ulee@example.org,Male,New Carolyn,7/27/2025
U001535,John Hill,robert14@example.org,Other,Davidside,4/11/2024
U001536,Julie Gallegos,stricklandmatthew@example.com,Female,Pattersonton,10/5/2024
U001537,Cody Francis,bdeleon@example.org,Male,Port Veronica,12/21/2024
U001538,James Myers,meyerskathryn@example.com,Male,Lake Stanley,12/21/2024
U001539,Julie Garcia,katrinaking@example.com,Other,Brettchester,8/7/2024
U001540,Isaac Armstrong,fsims@example.com,Male,New Jason,12/14/2024
U001541,Joseph Brady,wilsonkevin@example.net,Male,Port Allisonmouth,12/24/2024
U001542,Matthew Young,ricklewis@example.net,Male,Christinaville,6/17/2025
U001543,Elizabeth Hayes,obrienbrandon@example.com,Female,Port Keithshire,2/6/2024
U001544,Alfred Cowan,brandi26@example.net,Male,Wangshire,5/4/2024
U001545,Molly Douglas,amandadiaz@example.com,Other,East Mark,7/6/2025
U001546,Andrew Mason,ashley32@example.org,Female,East Marybury,3/11/2024
U001547,Donald Costa,delliott@example.com,Male,New Thomasfurt,7/20/2024
U001548,Stephen Butler,maygordon@example.org,Male,Annabury,3/13/2025
U001549,Jeffrey Santiago,debra82@example.net,Female,Port Loriport,12/21/2024
U001550,Phyllis Choi,jarvisrachel@example.net,Male,Petersonside,7/20/2025
U001551,Kristen Sullivan,amy26@example.net,Male,Claytonside,7/4/2025
U001552,Nicholas Russell,mcleanjay@example.net,Other,Stokesville,9/18/2024
U001553,Gina Thomas,lindsayedwards@example.com,Female,West Meganview,4/4/2025
U001554,Edward Matthews,melissa40@example.org,Other,South Karen,9/29/2024
U001555,Elizabeth Palmer,ysolomon@example.org,Male,North Marthafurt,1/1/2024
U001556,Charles Barnett,madison00@example.org,Other,Roseview,12/10/2024
U001557,Crystal Jones,brian62@example.net,Male,Port Brandi,2/24/2024
U001558,Robert Thomas,jeffrey44@example.org,Female,Alexanderport,10/30/2024
U001559,Brian Hahn,jessicahines@example.com,Female,New Derrick,9/24/2024
U001560,Lauren Reese,ehardy@example.com,Female,East Arianaland,1/14/2024
U001561,Joseph Sanders,carlos33@example.org,Other,Hallberg,6/10/2025
U001562,Leon Espinoza,jamesmoon@example.com,Other,South Amyland,10/14/2025
U001563,Jamie Ferrell,erikamiller@example.org,Male,South Danielchester,11/13/2024
U001564,William Caldwell,taylorpayne@example.com,Female,Martinezborough,6/11/2024
U001565,Patricia Gardner,joseph02@example.net,Other,Brandonfurt,11/2/2024
U001566,Bradley Roth,dhill@example.org,Male,Harrisview,7/20/2024
U001567,Raymond Ferguson,rebeccafigueroa@example.com,Other,East Charles,7/23/2025
U001568,Danielle Humphrey,curtislee@example.net,Male,Jacksonside,7/24/2025
U001569,Maria Mueller,bhall@example.org,Other,North Melanie,8/20/2024
U001570,Erin Flores,morganashley@example.com,Other,South Kristenshire,5/1/2024
U001571,Dana Powell,chavezisabel@example.com,Other,Youngfurt,1/7/2025
U001572,Lindsey Dalton,diazaaron@example.net,Female,North Donna,12/20/2024
U001573,Jeffrey Bailey,christopherlong@example.net,Female,Alexismouth,4/26/2024
U001574,Seth Garcia,richard21@example.net,Other,North Tina,1/3/2025
U001575,Ashley Novak,grantamanda@example.net,Male,Joeside,4/4/2024
U001576,Amy Smith,davidsellers@example.com,Male,New Heatherbury,7/16/2024
U001577,Amy Proctor,william42@example.com,Female,Meghanhaven,3/29/2025
U001578,Cameron Miller,shannon88@example.com,Female,Lake Dianaland,1/13/2025
U001579,Harold Woodard,ewest@example.org,Female,North Sarah,9/1/2024
U001580,Omar Miller,ballelizabeth@example.com,Other,Bishopfort,11/5/2024
U001581,Edward Hanson,twagner@example.org,Male,West Zachary,9/19/2024
U001582,Virginia Johnson,erin06@example.net,Female,Lake Colleen,5/14/2024
U001583,Brett Adams,alvaradomindy@example.com,Other,Lunamouth,6/11/2024
U001584,Ashley Johnson,jacksonrachel@example.org,Female,Melissaview,4/13/2025
U001585,Sarah Long,wgonzalez@example.net,Male,Jacobbury,6/20/2024
U001586,Dean Patel,kristine33@example.net,Male,West Richardview,3/9/2025
U001587,Erin Murphy,jennifer72@example.com,Female,Jacksonshire,2/24/2024
U001588,Sophia Walker,matthewfranklin@example.net,Other,Curtishaven,4/27/2024
U001589,Jennifer Wood,lynntracy@example.com,Male,Herringside,3/13/2024
U001590,Chelsea Avila,mallory30@example.org,Male,Courtneyville,8/9/2024
U001591,Patricia Holloway,housedaniel@example.com,Male,Martinborough,8/23/2025
U001592,Janet Perkins,laura15@example.org,Female,Parkermouth,12/22/2024
U001593,Daniel Carey,danieldaniel@example.com,Other,Port Robert,7/19/2024
U001594,Stephanie Davis,uwest@example.org,Other,New Josephberg,5/12/2025
U001595,Dawn Rodriguez,johnsonmichael@example.com,Other,Gilbertville,4/21/2025
U001596,Alexandra Hoffman,katherinesmith@example.com,Other,East Megan,4/21/2025
U001597,Melissa Bailey,pamelamcconnell@example.net,Other,Butlermouth,12/26/2024
U001598,Brandy Perry,rryan@example.com,Female,East Trevor,8/13/2025
U001599,Matthew Yang,amber59@example.com,Female,Lauramouth,8/19/2024
U001600,Mckenzie Roberts,kevinmendez@example.org,Other,Port Heathermouth,6/22/2025
U001601,Sarah Smith,williamslaurie@example.com,Other,New Deborah,1/18/2024
U001602,Susan Anderson,lloydmiranda@example.org,Female,North Mario,6/7/2024
U001603,Aimee Schultz,lpeters@example.net,Female,West Kevinhaven,11/24/2024
U001604,Patrick Willis,sthomas@example.org,Other,Colemouth,12/24/2024
U001605,Kelly Gutierrez,andersonmeghan@example.net,Other,West Keith,5/7/2025
U001606,Chad Robinson,jasminemorton@example.org,Female,East Mary,10/11/2025
U001607,Catherine Johns,simsclaire@example.org,Male,Rodgersland,3/27/2024
U001608,Robert Burns,jenniferford@example.org,Other,Port Thomas,12/21/2024
U001609,Christopher Bryant,rachelcastillo@example.com,Male,Juliestad,12/20/2024
U001610,Joseph Taylor,michellemcmahon@example.com,Other,New Christopher,1/19/2025
U001611,Melissa Harmon,jyoder@example.org,Other,South Brianburgh,7/12/2025
U001612,Susan Brewer,bryanmcdaniel@example.org,Other,Cobbborough,5/6/2025
U001613,Diana Levy,nguyengerald@example.net,Other,Lake Robert,9/25/2025
U001614,Craig Simmons,diane91@example.net,Male,Joelside,4/27/2024
U001615,Peggy Nguyen,jacqueline39@example.net,Female,West Angela,4/8/2024
U001616,Robert Burns,fmclaughlin@example.org,Female,Port Phillip,7/29/2024
U001617,Andrew Cook,becky79@example.net,Male,East Patriciashire,6/18/2024
U001618,Jacob Thompson,martinmark@example.net,Female,Wolffort,10/27/2024
U001619,Jason Zimmerman,devon88@example.org,Female,East Anthony,5/6/2025
U001620,Teresa Taylor,randy08@example.org,Female,North Nicole,4/6/2025
U001621,Angela Obrien,gstone@example.net,Female,Baileyborough,6/30/2024
U001622,Jennifer Johns,jack86@example.org,Female,East Andreport,4/19/2025
U001623,Paul Miller,daniel15@example.org,Other,Port Jessica,6/10/2024
U001624,Mikayla Johnson,dawnjackson@example.net,Male,Elizabethland,9/6/2025
U001625,Timothy Valdez,brianmorrow@example.org,Female,Gayland,7/26/2024
U001626,Brittney Davis,thomasbrandon@example.org,Female,North Jared,5/23/2024
U001627,Gloria Graves,wortiz@example.net,Female,North Darius,3/21/2024
U001628,Emily Wilson,ipowell@example.org,Other,North Christinaton,6/11/2025
U001629,Jennifer Stanley,mrandolph@example.net,Female,North Kelly,11/1/2024
U001630,Omar Clark,guerrerostanley@example.net,Female,Kimberlyville,5/11/2024
U001631,Kristen Thompson,mitchellkristine@example.net,Male,Garrettberg,4/12/2024
U001632,Michelle Ray,tina29@example.com,Other,Andersonshire,9/22/2025
U001633,Melanie Vang,jennifer10@example.org,Female,Davidshire,5/12/2024
U001634,Andre Davis,rwilson@example.org,Male,Mcconnellside,12/5/2024
U001635,Michael Parker,jasonjohnson@example.org,Male,North Donald,8/11/2024
U001636,Brian Martinez,timothygrant@example.com,Male,East Carolton,11/25/2024
U001637,Jennifer Miller,batkins@example.com,Male,East David,10/30/2024
U001638,Debra Santana,luis20@example.org,Female,Antonioton,7/11/2024
U001639,Christina Velez,kfrye@example.net,Male,Richardsonport,3/26/2024
U001640,Nathan Lawrence,nathan62@example.org,Other,Timothyville,3/2/2025
U001641,Lisa Murray,rodriguezangela@example.org,Other,North Jaredchester,4/3/2024
U001642,Craig Ross,burnsrodney@example.org,Female,New Connorstad,1/13/2025
U001643,Eddie Johnson,mccannjanet@example.com,Male,East Williamchester,11/2/2024
U001644,John Murray,martinnovak@example.com,Other,Taraview,11/5/2024
U001645,James Morales,padillaangel@example.net,Male,Whiteside,12/2/2024
U001646,Erica Griffin,fcarlson@example.org,Other,North Anna,8/10/2025
U001647,Yvonne Lara,catherinemoore@example.com,Other,Maryfurt,8/16/2024
U001648,Eduardo Gomez,warrenmariah@example.net,Other,Smithton,10/25/2024
U001649,Richard Coleman,tammy90@example.org,Female,North Sergiofort,11/1/2025
U001650,David King,curryjose@example.org,Other,Port Jenniferview,3/31/2025
U001651,Leslie Contreras,stewartgeorge@example.com,Male,Port Brittanyfort,1/27/2025
U001652,Randall Obrien,pfowler@example.org,Female,South Brittany,9/27/2025
U001653,Lisa Reyes,curtis61@example.org,Female,South Justin,4/13/2025
U001654,Timothy Adams,mariahgill@example.com,Other,East Jillian,2/3/2024
U001655,Elizabeth Larson,forbessean@example.org,Female,Lake Lynnview,10/23/2025
U001656,Ryan Travis,anthonymcdonald@example.net,Other,Weissside,4/22/2024
U001657,Daniel Jenkins,donnahopkins@example.net,Male,Codyside,7/31/2025
U001658,Lauren Young,hlester@example.org,Female,Estesside,10/7/2025
U001659,Briana Roberts,ochoamelissa@example.net,Other,Shannonport,12/10/2024
U001660,Eugene Martinez,alejandra39@example.com,Female,Samueltown,1/1/2025
U001661,Bryan Johnson,barnesluke@example.net,Female,Port Meganborough,1/3/2025
U001662,Christopher Larson,duranelizabeth@example.org,Male,Craigshire,9/17/2024
U001663,Frederick Santiago,stevengoodwin@example.net,Other,Beckton,7/3/2024
U001664,Brianna Perez,greenkrystal@example.net,Other,Rodriguezchester,7/1/2024
U001665,Rachel May,tonycraig@example.net,Male,West Jennifer,1/31/2024
U001666,Kimberly Stevens,owhite@example.org,Male,Milesport,8/30/2024
U001667,Nicholas Payne,selena60@example.com,Other,Huntberg,7/25/2025
U001668,Alexander Hoffman,cruzernest@example.com,Female,Port Crystal,2/14/2024
U001669,Amy Smith,josephross@example.net,Male,New Blake,7/7/2024
U001670,Traci Foster,vickimullins@example.com,Male,South Andrewland,10/25/2024
U001671,Charles Lutz,williskatherine@example.net,Female,West Donna,3/2/2024
U001672,Danielle Martin,jenniferrodriguez@example.org,Other,Corteztown,11/6/2025
U001673,Tina Williams,manuel81@example.com,Female,Kimberlytown,8/21/2024
U001674,Michael Blanchard,tyler41@example.net,Male,South Louiston,9/14/2025
U001675,Heidi Hill,emorales@example.com,Female,Mosleyland,8/20/2025
U001676,David Green,paynestephanie@example.net,Other,Port Richardside,6/12/2025
U001677,Joseph Ramos,gblack@example.org,Male,Cindyfurt,4/9/2024
U001678,Stacey Gardner,hollyperkins@example.net,Female,Collinshaven,3/4/2025
U001679,Larry Stafford,murphybrianna@example.com,Other,North Davidberg,9/17/2024
U001680,Erin Brown,pvang@example.net,Other,Smallton,5/9/2025
U001681,Chad Miller,perezcaitlin@example.net,Other,Clarkmouth,8/28/2024
U001682,Theresa Holland,robertsonjordan@example.com,Other,South Toddton,6/19/2024
U001683,Diana Armstrong,kennethmata@example.com,Other,North Kelly,1/17/2024
U001684,Nicholas Grimes,areynolds@example.org,Other,Kristinaview,9/14/2024
U001685,Lori Velazquez,rodney57@example.com,Male,Amandatown,4/20/2024
U001686,Kimberly Parker,tami38@example.net,Other,South Davidstad,1/25/2025
U001687,Richard James,melissalopez@example.com,Other,Jackieton,6/25/2024
U001688,Cynthia Munoz,jeremy00@example.net,Other,Martinburgh,3/15/2024
U001689,Edwin White,epatterson@example.net,Female,Collinsberg,3/21/2024
U001690,Christina Price,millerjuan@example.org,Male,West Reneehaven,6/6/2025
U001691,John Robles,aholder@example.net,Male,North Thomashaven,7/11/2025
U001692,Timothy Simpson,jamesmiller@example.net,Female,Scotttown,11/2/2025
U001693,Joshua Taylor,ksparks@example.net,Other,Jonesville,9/28/2025
U001694,Brian Rice,jillwilkerson@example.com,Female,South Michael,9/20/2025
U001695,Paul Goodwin,murraymichael@example.net,Female,West Tonya,2/6/2025
U001696,Gregory Anderson,wesleyjohns@example.com,Female,Brandonchester,10/10/2025
U001697,Denise Mitchell,jmorgan@example.org,Male,North Donaldborough,6/23/2024
U001698,Jennifer West,nfleming@example.net,Male,South Samuelfurt,4/15/2024
U001699,John Carter,tracyjohnson@example.net,Male,Cohenland,6/6/2025
U001700,Michael Smith,soliscarlos@example.com,Other,Port Bobby,9/6/2025
U001701,Cynthia Johnson,markgardner@example.org,Other,Claudiabury,8/13/2024
U001702,Jerome Torres,hodgemichelle@example.net,Female,New Cesarfurt,8/14/2024
U001703,William Palmer,kirbymichael@example.org,Male,Jonathanstad,10/28/2024
U001704,Ronald Petersen,lorikoch@example.net,Male,South Carrieborough,6/27/2024
U001705,Kristen Rodriguez,john91@example.org,Other,Hornehaven,11/4/2024
U001706,Morgan Moss,hmcneil@example.net,Other,Port Hannah,3/28/2025
U001707,Victoria Edwards,marygarcia@example.com,Male,West Nicholas,2/11/2024
U001708,Christopher Daniel,lpage@example.com,Male,East Marie,1/25/2024
U001709,Brittany Martin,johnsparks@example.org,Other,Lake Donnafort,3/19/2025
U001710,Samantha Moore,tonyaholmes@example.net,Other,Lake Belindaborough,1/21/2024
U001711,David Velasquez,lopezgregory@example.org,Male,North Heatherfurt,4/24/2024
U001712,Nicolas Williams,romerocrystal@example.net,Female,Espinozaville,11/11/2024
U001713,Christopher Phillips,patrick14@example.org,Female,New Keith,1/8/2024
U001714,John Harding,hartmanjoshua@example.net,Female,East Leslie,8/6/2024
U001715,Toni Stewart,johnsonjames@example.org,Female,Conleyfurt,10/6/2024
U001716,Adam Roth,sherry96@example.com,Male,West Andrewton,9/18/2025
U001717,Teresa Barnett,eadams@example.org,Female,Hendricksport,10/25/2024
U001718,Jenna Padilla,valeriesmith@example.com,Female,Craigshire,8/16/2025
U001719,Christine Williams,richardsonanna@example.org,Other,Barnesborough,7/2/2024
U001720,Donald Ferguson,mmoore@example.com,Female,New Jimchester,7/20/2024
U001721,Abigail Reid,kennedywanda@example.net,Other,Harringtonland,1/16/2025
U001722,Nathan Garza,michaelanthony@example.net,Other,Mosleytown,9/6/2024
U001723,Joel Johnson,andersonnicole@example.com,Male,Sweeneyhaven,4/19/2025
U001724,Mariah Lopez,turnerchristian@example.org,Male,Sarahland,1/29/2025
U001725,Michael Dixon,murraystephen@example.net,Male,Lake Juliefort,6/20/2025
U001726,Carrie Bowers,weaverlaura@example.net,Male,West Christopher,7/22/2024
U001727,Richard Taylor,gregory29@example.com,Other,Williamland,5/2/2025
U001728,Lisa Keith,jennifer54@example.org,Male,Port Angelaport,11/3/2024
U001729,Martha Williams,ichan@example.org,Other,East Megan,9/12/2024
U001730,Maria Page,hurleybrandon@example.net,Male,Robinsonmouth,9/8/2024
U001731,Stephanie Stevens,margaretramirez@example.com,Female,New Frank,10/7/2024
U001732,Mark Griffith,adam17@example.net,Female,East Haley,1/18/2025
U001733,John Taylor,ijones@example.com,Other,South Cameronstad,5/5/2025
U001734,Darlene Mullins,davisautumn@example.org,Female,Port Steven,10/6/2025
U001735,Tina Sandoval,jacob10@example.net,Female,Jeremymouth,7/6/2025
U001736,Ashley Gonzalez,fordlisa@example.net,Other,Erintown,2/6/2024
U001737,Jonathan Haynes,wileyaudrey@example.com,Female,Hollybury,10/16/2025
U001738,Donald Bradley,jgutierrez@example.net,Female,Port Meredith,7/8/2025
U001739,Brooke Ramirez,amiranda@example.net,Female,New Laurahaven,8/23/2024
U001740,Tiffany Harris,lisa13@example.net,Male,North Jonathanton,9/25/2025
U001741,Kim Beck,lwalker@example.org,Other,Staffordborough,4/15/2024
U001742,Kristen Chandler,wscott@example.org,Male,Monicaberg,10/26/2025
U001743,Bruce Atkins,bwilliams@example.com,Female,New Amy,10/14/2024
U001744,Wendy Macdonald,amyponce@example.com,Female,South Samantha,11/7/2025
U001745,Crystal Horn,iherman@example.org,Male,Matthewmouth,6/29/2025
U001746,Sara Bush,nward@example.com,Female,Christopherfurt,7/12/2025
U001747,Anne Daniel,wheeleramber@example.com,Other,Danielfort,4/19/2024
U001748,Kyle Johnson,prestoncory@example.org,Other,South Kimberlyfurt,3/6/2025
U001749,Valerie Smith,linda76@example.org,Other,East Cynthia,3/5/2024
U001750,Christine Calhoun,lisa41@example.net,Female,North Patricia,10/4/2024
U001751,Ian Santana,monica00@example.org,Other,Maloneton,4/1/2025
U001752,Daniel Lewis,rebeccareed@example.net,Other,Scottmouth,2/23/2024
U001753,Justin Blanchard,cgarcia@example.net,Female,Port David,1/22/2024
U001754,Brandon Gomez,dawn31@example.org,Male,South Keithborough,2/10/2025
U001755,Kendra Smith,smithmichael@example.org,Male,South Brandon,10/25/2025
U001756,Teresa Mitchell,danielscourtney@example.org,Female,Lake Matthew,2/22/2025
U001757,Patricia Moyer,michael35@example.net,Other,Dwaynestad,2/24/2025
U001758,Arthur Russell,khudson@example.org,Male,South Ashleyside,9/22/2024
U001759,Amy Love,xbaker@example.net,Male,South Vincent,2/10/2024
U001760,David Preston,eileenhudson@example.com,Male,Biancastad,4/19/2025
U001761,Andrew Long,kbennett@example.com,Female,Alanburgh,8/12/2025
U001762,Maria Jones,triciaedwards@example.org,Male,Whiteville,3/8/2025
U001763,Jonathan Perkins,dorisarmstrong@example.org,Male,Port Jeffrey,11/10/2024
U001764,Cody Smith,duncandawn@example.com,Female,West Johnside,8/14/2024
U001765,Robert King,hernandezrebecca@example.org,Female,Longbury,1/15/2025
U001766,Christina Smith,susan75@example.net,Female,Morrisshire,6/27/2025
U001767,Christopher Watkins,zcollins@example.org,Male,Port John,8/11/2025
U001768,Nicole Salinas,stephengomez@example.org,Male,West Stevenmouth,4/3/2025
U001769,Heather Martinez,zwilson@example.com,Female,East Jennifer,8/31/2025
U001770,Henry Reynolds,coreypope@example.net,Other,North Michael,1/11/2025
U001771,Kristi Boyd,rsharp@example.com,Female,South Danielville,9/14/2025
U001772,Jason Watson,crossnicole@example.net,Male,Vaughnfort,12/10/2024
U001773,Hannah James,fletcherkaren@example.com,Male,South Amanda,4/24/2024
U001774,Cassandra Robinson,jfranklin@example.net,Female,Nolanhaven,7/6/2025
U001775,Suzanne Collins,sandovalwendy@example.org,Other,Lake Karen,7/7/2024
U001776,Brian Arnold,amanda32@example.net,Other,North Johnathan,4/21/2024
U001777,Tony Ramirez,jessicamiddleton@example.net,Male,North Robertstad,7/8/2024
U001778,Jennifer Haynes,jillnavarro@example.org,Other,Lake Jaredton,1/29/2025
U001779,Jennifer Hernandez,davidgonzales@example.com,Other,Lake Nancy,7/8/2024
U001780,Jennifer Williams,wesleybutler@example.org,Other,Kingborough,6/15/2024
U001781,Tracey Brown,sarahgonzales@example.com,Female,Raymondshire,1/2/2024
U001782,Amanda Anderson,suttondenise@example.net,Male,South Felicialand,3/6/2024
U001783,Nicholas Franklin,brandisosa@example.org,Female,Port Anthonybury,11/17/2024
U001784,Judy Nicholson,harveyphilip@example.org,Other,Port Mistyville,7/30/2025
U001785,Alexis Brown,xgrant@example.com,Male,Stevenston,10/14/2024
U001786,Jackie Spears,hudsonlinda@example.com,Female,Bruceshire,9/19/2024
U001787,Kathryn Scott,alexanderryan@example.org,Male,Cassandraborough,7/15/2024
U001788,Ashley Cooper,deborah62@example.com,Female,East Meghan,5/5/2025
U001789,Ryan Flowers,phillipsdylan@example.org,Male,Wademouth,9/20/2024
U001790,Angela Flores,craigrobertson@example.net,Female,New Jessicaville,10/5/2025
U001791,Sarah Hernandez,jennifersolomon@example.net,Other,Lake Carolynfurt,5/21/2025
U001792,James Morgan,paigecortez@example.com,Female,Dicksonburgh,6/29/2024
U001793,Elizabeth Diaz,jeffreygreen@example.org,Other,Port Hannahland,8/31/2025
U001794,Mary Charles,xsullivan@example.net,Female,Mitchellmouth,2/23/2024
U001795,Peter Norris,victor76@example.net,Other,Jennifermouth,6/16/2025
U001796,Michael Allen,anne46@example.com,Other,Riversland,10/9/2025
U001797,Rebecca Martinez,matthewwood@example.net,Female,New Martinport,10/21/2024
U001798,Lisa Lopez,ucarlson@example.com,Female,Sandersmouth,12/13/2024
U001799,Melissa Allen,rberg@example.org,Male,West Kimberly,5/4/2024
U001800,David White,fitzpatrickjustin@example.net,Female,Debrashire,2/6/2025
U001801,Laura Moore,tvelasquez@example.com,Male,Jasonton,5/13/2024
U001802,Robert Barrett,rperez@example.org,Female,New Debbieville,11/5/2024
U001803,Alyssa Kelly,douglasmartinez@example.com,Male,Davisside,12/5/2024
U001804,Eric Cox,jocelyn26@example.net,Other,Greenfort,7/11/2024
U001805,Tyler Day,mollypeck@example.net,Female,Lake Allisonmouth,2/3/2024
U001806,Lori Walker,iford@example.net,Other,Rossmouth,8/21/2025
U001807,James Smith,rhonda05@example.org,Female,Randolphland,10/5/2024
U001808,Sharon Nguyen,johnsonsamantha@example.com,Male,Lake David,1/17/2024
U001809,Luis Bates,davidjohnson@example.com,Female,New Heather,7/30/2024
U001810,Samantha Hines,snyderfrank@example.org,Male,North James,3/25/2024
U001811,Michael Moore,uthompson@example.org,Male,New Jessica,3/1/2025
U001812,Kristen Cooper,tammy53@example.org,Female,East Edward,8/8/2025
U001813,Lisa Perez,patriciamorrison@example.org,Other,West Michaelfort,4/19/2025
U001814,Maria Harrington,kimberlyperez@example.org,Female,Simmonshaven,4/17/2025
U001815,Austin Sanders,arnoldstephen@example.net,Other,South Catherine,8/27/2024
U001816,David Wagner,mariagonzalez@example.org,Male,North Travisberg,6/22/2025
U001817,Michael Bruce,patriciagrant@example.net,Female,Lake Christopher,9/28/2024
U001818,Elizabeth Wilkinson,wleblanc@example.com,Female,Kimberlyfort,8/10/2025
U001819,Scott Baker,jasonbooker@example.org,Other,East Stephanie,5/17/2024
U001820,William Walters,jon25@example.net,Female,Lake Lisa,9/21/2025
U001821,Crystal White,richard62@example.net,Male,Jasonton,11/8/2025
U001822,John Prince,plin@example.org,Female,New Brianfurt,9/7/2025
U001823,Travis Garcia,adamcaldwell@example.org,Male,Kelseyside,4/12/2025
U001824,Alexander Keller,kimthompson@example.net,Male,New Kristenfurt,8/9/2024
U001825,Maria Wells,paul54@example.com,Other,West Lucasshire,6/5/2024
U001826,Grant Sims,richardsonronnie@example.net,Other,Charlesshire,2/19/2024
U001827,Emily Rivera,andre19@example.net,Male,Vargasborough,6/8/2025
U001828,Shannon Crawford,brianlara@example.org,Other,West Garyburgh,2/8/2025
U001829,Charles Camacho,hernandezcharles@example.org,Other,Port Jennifer,3/31/2025
U001830,Christine Ford,ksullivan@example.net,Male,Lewisburgh,9/11/2025
U001831,Patricia Hall,davidpearson@example.net,Female,South Susanshire,10/18/2024
U001832,Amanda Alvarez,ogomez@example.org,Female,Jamesland,10/21/2025
U001833,Patrick Parker,mckayemily@example.net,Other,Hunterville,3/6/2025
U001834,Eric Willis,megan57@example.com,Other,Victoriashire,4/8/2024
U001835,Lauren Mitchell,dawsonaaron@example.com,Male,Fosterport,3/13/2025
U001836,Kathryn Crawford,ashley97@example.com,Male,South Lisafurt,1/7/2025
U001837,Ronald Ewing,michaela00@example.com,Male,West Leroy,9/1/2025
U001838,James Chapman,kproctor@example.com,Male,South Scott,5/30/2024
U001839,Cynthia Santos,ashleyjames@example.com,Female,North Heather,3/16/2024
U001840,Jennifer White,daniel82@example.com,Male,Craigchester,2/9/2025
U001841,Vanessa Castaneda,sabrina98@example.net,Male,Cherylstad,7/24/2024
U001842,Robert Hamilton,teresa44@example.net,Other,West Jenna,9/23/2025
U001843,Latoya Torres,fostersarah@example.net,Male,Port Catherine,6/21/2025
U001844,Shirley Green,kmitchell@example.com,Other,Bakerhaven,7/24/2025
U001845,Mary Lyons,dustinwilliams@example.com,Male,Andersonfort,6/3/2025
U001846,Jeffery Johnston,cory21@example.org,Male,Andersonburgh,5/9/2025
U001847,Timothy Williams,kevin85@example.org,Other,Crystalchester,3/19/2024
U001848,Thomas Richards,benjaminsmith@example.com,Female,Ashleyport,9/10/2024
U001849,Caleb Cummings,ashleymorrow@example.org,Female,Danielville,9/17/2024
U001850,Michelle Cook,hlin@example.net,Other,Leeshire,5/19/2024
U001851,Erica Ruiz,petersrussell@example.org,Other,North Jose,8/18/2024
U001852,Kenneth Green,randy31@example.org,Female,New Andrea,9/3/2024
U001853,Jamie Zamora,mariamoore@example.net,Other,North Michaela,2/2/2024
U001854,Stephen White,gclark@example.org,Other,Jessemouth,5/13/2024
U001855,Robert Figueroa,iharrington@example.org,Other,New Laceymouth,5/3/2025
U001856,Penny Carroll,patrick90@example.org,Other,Lake Elainefort,5/1/2025
U001857,Justin Owens,victoriaturner@example.com,Other,East Jeremystad,10/26/2024
U001858,Frank Briggs,robert52@example.com,Female,Jessicaburgh,10/9/2025
U001859,Dennis Mcknight,albertsmith@example.com,Other,Berryville,5/16/2024
U001860,Natalie Hall,jamesortiz@example.com,Female,Lake Heatherchester,5/27/2024
U001861,Michael Cabrera,jchase@example.com,Male,Karenmouth,6/19/2025
U001862,Kaitlyn Thompson,jason12@example.org,Female,Lisaburgh,6/19/2024
U001863,Jay Moran,brandonfernandez@example.com,Male,Port Bonnietown,6/9/2024
U001864,Jennifer Rosario,kellyibarra@example.org,Female,Olsenchester,3/3/2024
U001865,Jonathon Ware,gblair@example.com,Female,Morrisview,9/18/2025
U001866,Cindy Collier,sarawilliams@example.com,Other,New Monique,10/10/2024
U001867,Kristina Harrison,matthewbrennan@example.org,Female,East Levi,10/28/2024
U001868,Stephanie Casey,paul84@example.net,Female,Robinberg,1/28/2024
U001869,Todd Burton,eberry@example.org,Other,East Christopherton,10/9/2025
U001870,Stephen Palmer,heidihaas@example.net,Male,Aguirreton,3/22/2024
U001871,Patricia Roach,fwyatt@example.com,Female,Port Crystalbury,4/3/2025
U001872,Michael Matthews,heather29@example.com,Other,South Curtisburgh,2/13/2025
U001873,Travis Hughes,john87@example.org,Male,North Michael,4/7/2024
U001874,Drew Bennett,rshelton@example.com,Female,Hornborough,7/16/2024
U001875,Jody Smith,jamesroberts@example.com,Female,Wileytown,9/13/2025
U001876,Mary Porter,alexander70@example.org,Female,Port Neilfurt,7/27/2024
U001877,Gabrielle Jones,jake77@example.com,Male,South Ronald,6/7/2025
U001878,Ernest Rich,robert42@example.com,Male,Wellsburgh,3/26/2025
U001879,Michael Hernandez,zmiller@example.com,Female,East Lisaberg,4/19/2024
U001880,Miguel Hardy,edwardmitchell@example.org,Female,Sandrachester,1/19/2024
U001881,Edward Stewart,phall@example.com,Male,Lake Ricky,5/29/2024
U001882,Jennifer Beck,bradbennett@example.com,Other,Cindytown,7/19/2025
U001883,Andrea Davis,jenniferwalker@example.net,Male,North Josephside,3/18/2025
U001884,Jeffrey Foley,fuenteschristopher@example.org,Other,Port Geraldland,8/5/2025
U001885,Kenneth Bates,dawsonamanda@example.com,Other,Nicholsfurt,9/11/2024
U001886,Alan Gallagher,schmidtjose@example.net,Other,South Kyleport,7/22/2024
U001887,Mary Nunez,nortongregory@example.net,Female,Ramoshaven,5/28/2025
U001888,Marie Meyer,slittle@example.com,Female,Kimberlyville,11/24/2024
U001889,Jennifer Robinson,danielthomas@example.com,Other,East Charles,2/11/2025
U001890,Kevin Brown,frank48@example.org,Other,West Jessicahaven,5/5/2024
U001891,Ashley Atkins,davismichelle@example.com,Other,Port Kathleen,9/19/2025
U001892,Brooke Austin,pearsonwillie@example.org,Male,Lake Andreaton,2/6/2025
U001893,Ryan Ortiz,jasminbrown@example.com,Female,Lake Evan,5/30/2024
U001894,Amy Lopez,smithcrystal@example.com,Other,West John,8/18/2024
U001895,Jimmy Mckinney,angela26@example.net,Other,Lake Kimberly,12/28/2024
U001896,Bryan Hayes,dmartin@example.com,Male,Port Jeremy,6/8/2025
U001897,Victoria Clark,nnunez@example.org,Female,Russellland,7/31/2025
U001898,Cynthia Ware,dthompson@example.org,Other,South Andrea,12/11/2024
U001899,Daniel Dudley,ericwagner@example.org,Female,East Jennifer,10/22/2025
U001900,Emily Sweeney,michaellopez@example.net,Other,New Thomastown,4/14/2024
U001901,Paula Snyder,curtisroberto@example.net,Male,Margaretburgh,10/4/2024
U001902,Rachel Medina,chaselisa@example.org,Male,New Davidmouth,1/5/2024
U001903,Darryl Hull,gomezbrittney@example.net,Female,New Heather,10/16/2025
U001904,Tyler Navarro,ewinglynn@example.org,Male,Bennettfurt,8/27/2024
U001905,Kathryn Carr,bailey12@example.com,Female,Harrishaven,12/31/2024
U001906,Patricia Martin,jeffrey46@example.net,Other,Port Seanport,2/9/2025
U001907,Beth Franklin,thenderson@example.org,Male,Andrewsfurt,8/29/2025
U001908,Anna Tran,rparker@example.com,Other,Angieshire,11/27/2024
U001909,Joshua Mckay,leahpham@example.com,Other,South Stevenport,7/13/2024
U001910,April Soto,raymondperkins@example.net,Male,South Kellyshire,7/27/2025
U001911,Joseph Stewart,elizabethrobertson@example.com,Male,West Tammieville,12/31/2024
U001912,Valerie Martin,susanwilliams@example.com,Male,Angelaton,7/25/2025
U001913,Amy Nelson,michael13@example.org,Other,Port Elizabeth,1/13/2024
U001914,Timothy Estrada,christinedoyle@example.com,Female,New Michaelbury,1/29/2024
U001915,Sara West,rose00@example.org,Female,Lake Michaelfurt,1/10/2024
U001916,Richard Vargas,deanna05@example.com,Other,Coltonview,6/3/2025
U001917,James Gonzales,ryan90@example.net,Other,Sloantown,6/8/2025
U001918,Alyssa Martin,johnsoncrystal@example.org,Other,Watsonville,3/23/2025
U001919,Joseph Phillips,david90@example.com,Male,Hillmouth,2/2/2024
U001920,Angelica Hickman,fred06@example.org,Female,North Mario,10/15/2025
U001921,Carla Brennan,lesliecoleman@example.org,Female,Port Henry,8/23/2024
U001922,Martin Lewis,scott04@example.com,Female,Timothyfurt,2/20/2025
U001923,Keith Floyd,carla96@example.com,Female,North Melanie,7/26/2024
U001924,Amanda Edwards,irivas@example.com,Female,Jessicaborough,7/13/2025
U001925,Jacqueline Atkins,smithjohn@example.org,Female,North Sarah,3/10/2024
U001926,Jennifer Kennedy,cynthiaford@example.org,Other,Bartonside,2/16/2024
U001927,Jessica Williamson,henrybarnett@example.org,Other,Donaldmouth,3/15/2025
U001928,Darrell Shaw,frichardson@example.com,Male,North Matthewton,3/10/2024
U001929,Dana Cox,greenshawn@example.com,Other,Hallstad,12/27/2024
U001930,Michael Thomas,urusso@example.net,Other,Danielmouth,3/12/2025
U001931,Beverly Park,sgonzalez@example.net,Female,North Mathew,3/22/2024
U001932,Amanda Walker,morenorobert@example.org,Male,East Margaret,11/30/2024
U001933,Carolyn White,palmerwilliam@example.org,Female,West Laurafort,12/22/2024
U001934,James Mitchell,rwhite@example.org,Male,Huntermouth,1/6/2025
U001935,Ricky Decker,saradaniel@example.com,Other,North Williamville,4/17/2025
U001936,Gina Lopez,molly71@example.net,Other,Ramosfurt,8/31/2024
U001937,Brittany Sanders,benitezjeffrey@example.com,Female,New Cassandra,9/30/2025
U001938,Nicholas Leon,teresa50@example.net,Female,Lake Benjaminton,6/24/2024
U001939,Angela Castillo,schmidtjesus@example.net,Female,Frankland,12/30/2024
U001940,Robert Boyd,george46@example.com,Other,Christinemouth,1/4/2025
U001941,Samuel Hoffman,madison75@example.net,Other,Karenberg,2/2/2025
U001942,Judy Kirby,whitecharles@example.net,Other,Simonland,10/8/2025
U001943,Kevin Fernandez,droach@example.org,Male,Karenhaven,7/14/2025
U001944,Tammy Schaefer,tylerlaura@example.org,Female,Crawfordburgh,7/23/2024
U001945,Peter Mills,whitejeff@example.org,Male,New Wesley,12/23/2024
U001946,Melinda Wilson,lanechelsea@example.com,Other,West Sierramouth,5/29/2025
U001947,Paige Johnson,marthagriffin@example.net,Other,West Leslieside,1/29/2025
U001948,Sandy Richards,madelinebrooks@example.net,Male,Julieside,8/12/2025
U001949,Karen Marshall,mackelizabeth@example.org,Female,Lake Ralph,5/28/2025
U001950,David Johnston,smithsusan@example.net,Female,Port Ashley,5/25/2025
U001951,Dennis Cline,david60@example.net,Other,Lake Amandaside,11/20/2024
U001952,Melissa Love,campbellbruce@example.org,Other,Jasonmouth,6/29/2025
U001953,Chad Cooper,wharris@example.com,Other,South Christian,5/21/2024
U001954,William Greene,jasonallen@example.net,Female,Lake Adrianmouth,4/17/2025
U001955,Theresa Bray,fwade@example.net,Male,Michellefurt,1/7/2025
U001956,Tony Lopez,kristy11@example.com,Other,Johnton,6/12/2024
U001957,Mary Bartlett,dtucker@example.org,Other,New Brooke,3/27/2025
U001958,Debra Ortiz,robin42@example.net,Male,South Lindsayview,11/12/2025
U001959,Janet Gutierrez,barrycindy@example.net,Female,Haleymouth,2/16/2024
U001960,Jamie Nichols,robert40@example.com,Other,North Jacobside,3/10/2025
U001961,Derek Baird,bakertommy@example.org,Female,Taylorhaven,1/9/2025
U001962,Jose Green,shawn89@example.org,Other,Lauratown,8/19/2025
U001963,Barbara Williams,smorales@example.net,Female,New Glennhaven,1/28/2025
U001964,Michele Mays,uhubbard@example.com,Male,Port Jasminemouth,1/2/2025
U001965,Patricia Taylor,rmartinez@example.org,Other,Lake Tammyside,1/2/2025
U001966,Tracie Mccormick,rcombs@example.net,Other,East Kevinborough,10/18/2025
U001967,Kathleen Santana,eharris@example.com,Other,Suzannebury,2/8/2025
U001968,Jason Campbell,qcole@example.org,Other,Lake Alan,5/15/2025
U001969,Robin Mcmahon,james60@example.org,Other,South Dean,1/9/2024
U001970,Garrett Williams,carlos23@example.org,Male,Lake Denisemouth,6/29/2024
U001971,Adrian Chang,smithjasmine@example.com,Other,Coryborough,11/11/2024
U001972,Nathan Norman,browntimothy@example.net,Other,Coreyberg,4/19/2024
U001973,Joshua Crane,matthewsjill@example.com,Female,Lake Peter,4/8/2024
U001974,Sarah Russell,gregorymiller@example.com,Other,Lauraburgh,6/23/2024
U001975,Joseph Wu,geraldgarcia@example.net,Female,North Jamesfurt,7/17/2024
U001976,Cory James,wellsedward@example.com,Male,Bensonburgh,12/25/2024
U001977,Sarah Maxwell,wheelerkimberly@example.org,Female,Barrychester,2/8/2024
U001978,Chad Ward,lmullen@example.org,Female,West Stevenmouth,5/8/2025
U001979,Cody Sanchez,stephanie90@example.org,Male,Robinsonmouth,1/21/2024
U001980,Karen Johnson,fjackson@example.org,Male,New Lisa,3/2/2024
U001981,Julia Kennedy,riostyler@example.org,Female,North Lindaview,1/22/2025
U001982,Sandra Ayala,fsparks@example.org,Female,New Lindsey,8/4/2024
U001983,Thomas Smith,kirk60@example.org,Male,Port Kevin,10/21/2025
U001984,Sarah Anderson,douglas60@example.org,Male,Herbertshire,8/9/2025
U001985,Christopher Best,aguilarkevin@example.com,Male,Warefurt,7/3/2024
U001986,Jared White,leslie32@example.com,Male,Millermouth,2/26/2025
U001987,Kevin Grant,josephcooper@example.net,Male,Breannastad,2/16/2025
U001988,Benjamin Rodriguez,floressarah@example.net,Female,East Lindaside,3/17/2024
U001989,Victoria Warner,jscott@example.com,Male,Martinezmouth,8/25/2025
U001990,Brian Smith,larry40@example.net,Other,South Lori,9/16/2024
U001991,Christopher Cunningham,henrychristine@example.net,Other,North Samuel,1/16/2025
U001992,Richard Mclaughlin,philliphayden@example.net,Other,Port James,1/30/2024
U001993,Jerry Fernandez,cnelson@example.net,Other,North Jeffrey,8/11/2024
U001994,Robert Hill,earlfoley@example.org,Male,East Jamesfort,10/22/2025
U001995,Julia Cline,raven03@example.org,Other,North Andrewside,4/14/2025
U001996,John Carter,lchavez@example.org,Female,North Zacharyshire,12/20/2024
U001997,Ashley Davis,david00@example.net,Other,South Ashleyberg,6/9/2025
U001998,Dominic Simpson,lharmon@example.net,Male,Singhton,7/15/2025
U001999,Amber Quinn,amy18@example.com,Other,Cookefurt,9/22/2024
U002000,Brent Morse,gabrielle36@example.org,Female,Lake Marymouth,6/16/2024
U002001,Cody Khan,christopher98@example.net,Male,Heathermouth,2/26/2024
U002002,Katherine Mccarty,edward03@example.net,Male,Lindatown,12/8/2024
U002003,James Farmer,robert07@example.com,Male,Hardingview,2/16/2024
U002004,Pamela Nelson,jreynolds@example.net,Other,North Brianberg,7/12/2024
U002005,Dawn Smith,jasmineryan@example.org,Other,East Denise,7/1/2024
U002006,Candace Wang,hernandezpamela@example.org,Male,New Michaelland,12/17/2024
U002007,Haley Conway,wperez@example.net,Other,South Larry,12/5/2024
U002008,Jeffrey Forbes,smithchristopher@example.net,Female,Port Annberg,10/12/2025
U002009,Martin Dunn,omays@example.org,Male,Michaeltown,1/12/2025
U002010,Michelle Sanders,browncarolyn@example.org,Female,West Ronaldtown,7/15/2024
U002011,David Allen,stephenjohnson@example.net,Female,East Tonya,2/6/2024
U002012,Jessica Schaefer,fjones@example.org,Other,Lake Rebeccaside,3/27/2024
U002013,Alexander Moss,owalton@example.net,Other,Larryton,5/4/2025
U002014,Kevin Thompson,tiffanybarnes@example.org,Male,Patricktown,10/25/2025
U002015,Christopher Young,victor34@example.com,Female,West Jimmy,3/14/2024
U002016,Robert Henry,knichols@example.com,Other,Lake Erinmouth,1/16/2025
U002017,Isaac Chavez,hicksmelanie@example.net,Female,Donovanfurt,4/2/2025
U002018,Melissa Hill,huberchristine@example.com,Other,Phelpsmouth,10/13/2025
U002019,Megan Tyler,thomas12@example.net,Female,Lake Jaredtown,12/15/2024
U002020,Theresa Rodriguez,vincent74@example.org,Male,East Lawrence,1/25/2024
U002021,Jason Brown,wkoch@example.com,Other,North Edward,7/4/2024
U002022,Dana Bridges,frank49@example.org,Male,South Donnaview,8/18/2024
U002023,Dawn Miller,garciajennifer@example.com,Female,New Andrea,7/1/2025
U002024,Steven Smith,ohall@example.com,Female,Vincenthaven,12/29/2024
U002025,Jennifer Rice,brenda68@example.org,Male,Sullivantown,7/5/2025
U002026,Corey Garcia,whiteeugene@example.com,Female,Jamesview,8/25/2024
U002027,Jessica Wright,wilsonrichard@example.com,Other,Smithbury,2/26/2024
U002028,Craig Blair,dbrown@example.org,Other,North Yvonne,12/5/2024
U002029,Brooke Pierce,millerlindsey@example.org,Female,East Kennethfort,5/17/2024
U002030,John Christensen,ladkins@example.com,Female,Williamsville,7/10/2025
U002031,Katherine Henson,kathleencase@example.net,Female,Lake Williamville,8/28/2025
U002032,Justin Spence,vunderwood@example.com,Female,Lake Davidborough,2/1/2025
U002033,Matthew Morgan,jasminjohnson@example.org,Other,Millstown,10/17/2025
U002034,Kimberly George,espinozataylor@example.com,Other,South Anthonyhaven,11/18/2024
U002035,Christina Daugherty,davidharris@example.net,Female,Kingfort,3/16/2024
U002036,Amanda Washington,billyjohns@example.net,Male,North Ianport,6/14/2025
U002037,Emily Moran,kristen78@example.org,Male,East Deniseport,1/9/2025
U002038,Kayla Lewis,kmaynard@example.org,Other,Richardsfurt,5/12/2024
U002039,Kathryn Arnold,qgreen@example.com,Male,South Laurenstad,2/16/2025
U002040,Christine Wilson,heidi21@example.com,Female,Lake Darrellchester,2/15/2024
U002041,Madeline Price,castilloalec@example.org,Male,Brandonhaven,9/3/2025
U002042,Patricia Moore,jacquelineneal@example.net,Other,New Derrick,6/8/2025
U002043,Kelly Jones,smithroberta@example.net,Female,Burkeland,1/5/2025
U002044,Leslie Perez,craigbuck@example.com,Female,Cortezside,7/10/2025
U002045,Holly Powell,jerryparrish@example.net,Other,Jesseside,11/7/2025
U002046,Aaron Smith,gilmorejoshua@example.com,Male,Greenberg,3/3/2024
U002047,Lori Richards,hfoley@example.com,Other,Wrightmouth,12/1/2024
U002048,Kathy Lin,amyjones@example.com,Other,Riveraville,8/7/2024
U002049,Brittany Hubbard,vhunter@example.com,Male,Ericton,4/1/2024
U002050,Lisa Murray,jessicasmith@example.com,Female,Ryanstad,6/5/2025
U002051,Roberto Ford,benjaminbrown@example.org,Male,South Jameshaven,6/11/2025
U002052,Michael Trujillo,pschmidt@example.org,Male,Beckton,11/13/2024
U002053,Tommy Parker,alyssaparsons@example.com,Female,Loriport,5/28/2024
U002054,Mark Stevens,patrickmartin@example.org,Female,Jordanfurt,12/10/2024
U002055,Richard Hernandez,westroy@example.org,Other,South Denisefurt,4/13/2025
U002056,Douglas Dougherty,sherryclark@example.net,Male,Alvarezberg,4/12/2025
U002057,David Barry,ebowen@example.net,Female,South Paulatown,9/1/2024
U002058,Zachary Mayer,ogarza@example.org,Male,Lake Matthewstad,6/29/2025
U002059,Jordan Reed,mcdanielsherry@example.net,Male,South James,6/15/2025
U002060,Christopher Conway,qpatterson@example.org,Female,Jamesmouth,10/12/2024
U002061,Brian Wells,vporter@example.com,Female,Erikland,10/8/2024
U002062,Michelle Allen,dylan27@example.org,Male,Bradyberg,2/5/2025
U002063,Jamie Brown,gregoryschneider@example.com,Female,North Kathleenmouth,11/7/2024
U002064,Denise Henry,novakdaniel@example.org,Male,Port Kellyside,7/21/2025
U002065,Keith Hood,oray@example.org,Female,Gregoryville,9/11/2024
U002066,Stephanie Smith,jacobroach@example.net,Other,Cooleyshire,7/25/2025
U002067,Alexander Shea,jack64@example.com,Female,North Roberttown,6/27/2025
U002068,Shannon Stephenson,dorseylinda@example.org,Male,Bradshawmouth,8/16/2025
U002069,Benjamin Peterson,pughkelly@example.org,Female,East Robert,8/29/2025
U002070,Jon Ramirez,melissaroy@example.com,Male,New Joshua,11/9/2024
U002071,Tiffany Moon,fernandezsusan@example.org,Female,Avilamouth,10/30/2024
U002072,Eric Bailey,daniel93@example.net,Male,East Steven,6/26/2024
U002073,Katherine White,mooreashley@example.com,Male,West Denise,4/18/2024
U002074,Kelsey Montoya,martinezrussell@example.com,Female,Fostermouth,7/23/2024
U002075,Shawn Martin,michael39@example.com,Male,Cindyshire,7/17/2025
U002076,Shawn Smith,aturner@example.com,Other,Chaneychester,9/12/2024
U002077,Andrew Williams,ortegasandra@example.net,Other,New Brandon,8/1/2025
U002078,Christian Watson,nicole39@example.org,Female,Jonathonshire,5/7/2024
U002079,Brenda Thompson,michaellee@example.org,Male,North Susan,9/17/2025
U002080,Carlos Moore,rebecca55@example.org,Male,New Nicolebury,6/16/2024
U002081,Justin Hogan,perezrichard@example.net,Male,Heatherborough,11/7/2025
U002082,Kari Sanchez,kellysanchez@example.org,Female,Andersonside,3/2/2025
U002083,Anne Yang,daviddecker@example.com,Female,Christophershire,1/19/2024
U002084,Kimberly Potter,nedwards@example.net,Other,North David,2/9/2024
U002085,Tyler Gonzalez,lstevens@example.com,Male,Ernesttown,6/15/2024
U002086,Caitlin Camacho,knightrachel@example.com,Other,New Davidfurt,9/19/2024
U002087,Jacqueline Garcia,jesse62@example.com,Female,Thomasberg,11/1/2024
U002088,William Hardin,patrick20@example.net,Female,Martinezbury,4/1/2025
U002089,Ashley Moore,leslie24@example.org,Other,East Janet,1/19/2024
U002090,Hayley Dalton,alejandro14@example.org,Male,North Bonnie,2/12/2024
U002091,John Skinner,lwashington@example.com,Male,West Steven,3/12/2024
U002092,Nicholas Figueroa,ericdavis@example.net,Male,Lake Lori,10/28/2025
U002093,Emma Graves,garzajill@example.org,Female,Kelseyfort,3/5/2025
U002094,Ryan Walters,suzannegilmore@example.org,Male,Gomezstad,12/2/2024
U002095,Sherri Martin,qmoran@example.com,Male,Hillhaven,8/19/2025
U002096,Wesley Mueller,mariaweaver@example.com,Other,Pagefort,8/16/2024
U002097,Kristina Smith,raymond29@example.org,Other,Kevinborough,4/2/2024
U002098,Dana Flores,christopher96@example.org,Other,East Isaiah,8/12/2025
U002099,Kari Ferguson,jessica62@example.com,Other,Jacksonchester,8/27/2024
U002100,Kathleen Gilmore,davissonya@example.org,Female,West Christopher,5/9/2024
U002101,Gregory Smith,jacobsdiana@example.com,Male,Port Heather,1/24/2025
U002102,Robert Smith,maria09@example.com,Female,Leeland,1/28/2024
U002103,Justin Williams,christinawilliams@example.org,Male,East Nathan,11/22/2024
U002104,Christine Taylor,mary11@example.net,Female,South Melissa,5/17/2024
U002105,Robert Smith,stevenhopkins@example.com,Male,Campbellville,4/20/2025
U002106,Kaitlin Guerra,wellsryan@example.org,Male,Campbellhaven,9/23/2025
U002107,Michael Smith,jeremy23@example.com,Male,Davischester,5/2/2025
U002108,Meredith Nunez,tonyamercado@example.com,Female,North Dawnview,3/26/2025
U002109,Christopher Graham,sheilabaldwin@example.com,Other,Joshuaport,7/12/2024
U002110,Kaitlyn Stevens,yharrison@example.net,Other,Thomaschester,3/20/2024
U002111,Karen Henderson,kristymunoz@example.org,Female,Port Joshuachester,9/3/2025
U002112,Thomas Garrison,huntscott@example.org,Male,Harveyshire,7/7/2025
U002113,Kevin White,justinrobinson@example.com,Male,Kelseyland,5/9/2024
U002114,Gary Adams,ynorman@example.org,Female,Armstrongmouth,6/9/2025
U002115,Wendy Martin,kendra53@example.com,Other,South Anita,1/25/2025
U002116,Haley Thompson,rgross@example.org,Other,North Caitlinbury,1/29/2024
U002117,Matthew Blackwell,rharmon@example.org,Male,South Jessicabury,12/8/2024
U002118,Brittany Smith,perkinsjeffrey@example.net,Other,West Emilyton,8/7/2024
U002119,Meghan Reid,carterstanley@example.net,Other,Joshuamouth,7/27/2024
U002120,Jessica Miller,wbridges@example.com,Other,Paulamouth,2/5/2024
U002121,Natalie Fischer,ztran@example.org,Male,Donnaland,3/30/2024
U002122,Lisa Francis,maysedward@example.com,Other,New Megan,12/21/2024
U002123,Zachary Cook,jsantos@example.com,Male,West Theresastad,1/8/2024
U002124,Nicole Johnson,perezjohn@example.com,Female,Vargasbury,10/8/2024
U002125,Randy Newman,andrewsullivan@example.net,Female,New Sarahburgh,5/24/2024
U002126,Robert Barron,ppruitt@example.com,Male,New Allenhaven,5/17/2025
U002127,Deborah Jordan,waynerivera@example.net,Other,South Thomasborough,11/5/2024
U002128,James Frazier,heathersteele@example.net,Female,Archertown,1/26/2025
U002129,Leslie Gamble,melanie49@example.org,Male,Port David,5/22/2025
U002130,Jose Gates,whubbard@example.org,Other,Vegamouth,11/7/2024
U002131,Peter Lopez,farmerrichard@example.org,Female,South Jamesshire,1/21/2024
U002132,Katie Hicks,chambersashley@example.net,Male,South David,2/1/2025
U002133,Jacqueline Church,kendrahall@example.org,Other,Mclaughlintown,4/15/2024
U002134,Lynn Parker,george94@example.org,Other,East Jennifershire,12/31/2024
U002135,Stephanie Young,craigjohn@example.com,Male,Gloriatown,1/1/2025
U002136,Michael Cunningham,ycole@example.net,Other,North Christina,3/18/2024
U002137,Scott Smith,wendy82@example.com,Female,New Rita,7/14/2025
U002138,Joshua Hartman,terrykirsten@example.net,Male,South Jennyville,5/22/2025
U002139,Wayne Pennington,pwalters@example.com,Other,Lake Daniel,10/10/2024
U002140,Allison Shields,garciadebra@example.com,Other,Port Destiny,8/26/2025
U002141,Aaron Ayers,wilsonbrian@example.net,Other,South Crystal,3/4/2024
U002142,Nichole Harris,holmesrachel@example.org,Other,Mooreberg,1/30/2024
U002143,Caroline Perry,denisetownsend@example.com,Other,Karentown,12/27/2024
U002144,Andrew Thomas,stephanie27@example.net,Male,Christopherchester,3/27/2025
U002145,Rodney Vargas,ballnicole@example.com,Female,East Laurenfurt,1/4/2025
U002146,Alexis Johnson,maryallen@example.org,Female,Brownburgh,9/25/2024
U002147,Robert Chambers,juan35@example.net,Male,Mccoyburgh,11/11/2025
U002148,Matthew Boyd,fyoder@example.org,Other,Lake Julieberg,3/15/2025
U002149,Diane Brooks,lcarlson@example.org,Female,East Stephen,7/23/2024
U002150,Ian Blankenship,tsullivan@example.org,Female,New Nicholas,6/19/2024
U002151,Aaron Hull,john52@example.net,Female,Bobbystad,6/4/2025
U002152,Kathryn Scott,graveslisa@example.com,Other,Erinbury,6/1/2024
U002153,Margaret Nelson,davidsawyer@example.net,Male,Boltonbury,8/20/2025
U002154,Joshua Joseph,mhernandez@example.org,Female,South Benjamin,12/20/2024
U002155,Steven Rowe,ecampbell@example.org,Male,Bonnieshire,10/2/2024
U002156,Tammy Wyatt,denniswilliams@example.com,Female,New Alice,7/12/2025
U002157,Susan Elliott,alexbutler@example.org,Male,Fryshire,5/6/2024
U002158,Gregory Stafford,lbishop@example.net,Other,New Robin,2/3/2025
U002159,Stephanie Kelley,maliktran@example.com,Other,Hawkinsmouth,2/16/2025
U002160,Shannon Lopez,hsmith@example.org,Other,Aliciaton,4/30/2025
U002161,Michelle King,codygonzalez@example.net,Male,Port Carol,12/23/2024
U002162,David Smith,princekeith@example.org,Other,Spearsberg,4/15/2024
U002163,Jennifer Acevedo,joyce30@example.com,Other,East Kevintown,7/28/2025
U002164,Lisa Simpson,rachelbridges@example.com,Female,North Brittany,5/19/2024
U002165,Deanna Wall,vphillips@example.net,Male,West Regina,1/4/2025
U002166,Tara Banks,stonejesus@example.org,Male,New Sarahchester,8/13/2024
U002167,Sherri Garcia,angelica96@example.org,Female,Lake Vanessastad,10/19/2024
U002168,David Smith,phopkins@example.net,Other,South Christinachester,10/2/2024
U002169,Alicia Armstrong,melissa04@example.org,Female,Travisville,3/9/2024
U002170,Louis Brandt,timothymontgomery@example.com,Other,North Brettfort,5/1/2025
U002171,Dawn Jones,bryan61@example.net,Male,North Dwayne,12/5/2024
U002172,Christy Houston,garzazachary@example.org,Other,South Billy,8/16/2024
U002173,Ivan Carter,joshua74@example.net,Female,Port Josephchester,7/23/2024
U002174,Kara Nichols,kimedwards@example.org,Other,Lake Marychester,1/18/2024
U002175,Kimberly Franklin,ssoto@example.net,Female,Christopherbury,8/7/2024
U002176,Garrett Medina,christian56@example.org,Other,Benjaminland,10/19/2025
U002177,Michael Smith,amy11@example.com,Male,Greenfurt,1/16/2025
U002178,John Estrada,fwilliams@example.com,Male,North Justinshire,4/2/2025
U002179,Maria Smith,luis41@example.net,Male,Tracibury,6/17/2024
U002180,Kristina Gardner,christopherryan@example.net,Other,New Patrick,2/17/2025
U002181,Katie Rodgers,allennathan@example.net,Female,Cohenview,6/9/2025
U002182,Heather Smith,aferguson@example.org,Male,Morrismouth,3/5/2025
U002183,Rachel Campbell,nfletcher@example.org,Female,West Jennifer,3/2/2024
U002184,Brian Lee,bevans@example.net,Male,Port Kaylachester,3/31/2024
U002185,William Hanna,criddle@example.net,Male,North Tiffany,11/29/2024
U002186,Carol Gilbert,michelle11@example.org,Male,Port Peter,5/4/2025
U002187,Matthew Hill,ann52@example.com,Male,East Dominique,3/9/2024
U002188,Diana Johnson,rlindsey@example.org,Female,North Lawrence,3/17/2024
U002189,Thomas Smith,xcrane@example.net,Female,Kennethton,2/14/2025
U002190,Erika Shelton,samanthawoodard@example.org,Other,Christensenport,8/13/2025
U002191,Charles Williamson,jessica94@example.com,Female,Larachester,9/24/2024
U002192,Rick Wright,xlivingston@example.org,Other,East Kaitlynland,3/31/2024
U002193,Kevin Anderson,chess@example.org,Female,South Zachary,5/21/2025
U002194,Sarah Williams,bobfoster@example.com,Female,West Bradleyhaven,2/3/2024
U002195,Christopher Schultz,mary98@example.net,Male,North Micheleshire,8/29/2025
U002196,David Martin,daniellethomas@example.org,Other,New Joseburgh,1/30/2024
U002197,Katrina Stevens,ashley95@example.org,Male,New Debraburgh,4/15/2025
U002198,Bobby Hanson,dwilliams@example.com,Female,Michaelmouth,10/24/2025
U002199,Joshua Mccoy,bradleymitchell@example.net,Female,Heathermouth,6/25/2024
U002200,Christopher Grant,higginscaitlin@example.com,Male,Alyssaport,6/2/2024
U002201,Megan Gill,kbaird@example.org,Other,Edwardfort,8/29/2025
U002202,Brian Lyons,zsmith@example.com,Female,Port Robertberg,2/25/2025
U002203,Rodney West,shane26@example.com,Female,East Jamesland,7/30/2024
U002204,Michael Jones,erinjones@example.org,Male,South Tylerville,9/7/2024
U002205,Brian Rose,brooksharold@example.com,Female,East Johnmouth,8/4/2024
U002206,Ashley Brown,uschmitt@example.net,Female,Jasonmouth,7/29/2024
U002207,Vanessa Mcdonald,floressteve@example.net,Female,Port Dawnhaven,4/19/2025
U002208,Amanda Graham,melanie69@example.org,Other,Riveraville,3/11/2025
U002209,James Morris,qbaker@example.net,Female,Fostertown,1/13/2025
U002210,Taylor Ingram,victoriabenson@example.com,Female,New Josephtown,9/12/2024
U002211,Craig Lopez,morrisonryan@example.org,Female,East Melissa,7/5/2025
U002212,Jasmine Hale,kristianderson@example.net,Male,Robertston,4/8/2024
U002213,Ann Anderson,kathrynochoa@example.com,Female,Williamsonshire,5/7/2024
U002214,Jonathan Gonzales,christyfletcher@example.org,Other,Deniseton,3/22/2025
U002215,Gina Smith,kingvictoria@example.org,Female,Jensenbury,4/3/2024
U002216,Gregory Ramirez,jasonphillips@example.net,Female,New Brittanyberg,6/4/2025
U002217,Albert Chambers,lori15@example.com,Other,Davidfurt,8/31/2025
U002218,Sara Morris,harrissusan@example.org,Female,North Jenniferfurt,2/9/2024
U002219,Traci Lewis,jackchang@example.net,Male,East Trevor,6/23/2025
U002220,Jeffery Crosby,gtanner@example.net,Other,South Richardport,11/15/2024
U002221,Anthony Lang,clarkmichael@example.org,Female,Salinasmouth,5/14/2025
U002222,Gavin Gordon,derek41@example.net,Male,Lake Thomasport,2/24/2025
U002223,David Crawford,leonardmiranda@example.com,Female,Williamchester,5/12/2025
U002224,Devin Carroll,wilkinsonrussell@example.org,Other,Port Billyfurt,11/6/2024
U002225,William Hendrix,yware@example.com,Male,Danielport,5/10/2024
U002226,Joseph Larson,danschaefer@example.net,Other,Goodmanside,1/27/2025
U002227,Megan George,scottrobin@example.net,Female,Johnsonmouth,4/29/2025
U002228,Alexis Campbell,douglasbutler@example.com,Female,Jayberg,7/10/2025
U002229,Theresa Scott,ggarcia@example.org,Male,Lake Michelleville,5/24/2025
U002230,Keith Cantu,johnsmith@example.org,Male,Lake Shannon,8/13/2024
U002231,Vanessa Liu,reneevelasquez@example.net,Female,Sheilaport,5/22/2025
U002232,Pamela Walsh,raymond78@example.net,Other,Brownhaven,4/28/2024
U002233,Alicia Stout,jamiefox@example.net,Female,Brownside,6/13/2025
U002234,Kelly Hughes,cruzchase@example.net,Female,Lake Jennifer,10/27/2025
U002235,Mitchell Torres,peter58@example.com,Female,Hansonshire,1/28/2025
U002236,Paul Stephenson,tashachase@example.com,Other,East Randall,6/14/2025
U002237,Mary Brown,robertcruz@example.org,Other,North Robertstad,3/22/2024
U002238,Jessica Cohen,vtapia@example.com,Female,Morrisstad,9/8/2025
U002239,Michael Esparza,jonathanjordan@example.org,Male,North Paulmouth,8/30/2025
U002240,Kristin Perry,kellybrown@example.org,Other,Reyesview,8/18/2024
U002241,Eric Snow,jordan89@example.net,Female,Fitzpatricktown,8/10/2024
U002242,Melanie Harris,bbarr@example.org,Female,Port Lucas,4/8/2024
U002243,Bobby Brown,mullenricky@example.org,Female,Lisaview,11/17/2024
U002244,Jason Day,thompsonlaura@example.com,Male,New Cherylside,4/15/2024
U002245,Tonya Frank,julie34@example.net,Other,New Kaylaland,6/1/2024
U002246,Thomas Washington,rtaylor@example.com,Female,New Joseph,7/17/2025
U002247,Paul Nelson,evansrobin@example.com,Other,West Karen,5/23/2024
U002248,Hayley Evans,berrytyrone@example.net,Female,New John,9/15/2024
U002249,Matthew Clayton,taylortoni@example.org,Female,Lake Christina,1/13/2024
U002250,Debra Stokes,solistara@example.com,Other,West Abigail,7/3/2024
U002251,Monica Mcdonald,eric31@example.net,Male,Ortegafort,2/21/2025
U002252,Samuel Cox,stephanie14@example.org,Male,Rojashaven,7/14/2024
U002253,James Mason,maryflores@example.net,Other,Hortonview,5/8/2025
U002254,Robert Sanchez,garysnow@example.org,Other,Jenniferfurt,3/13/2024
U002255,Katherine Martin,sroberson@example.net,Female,North Melinda,5/5/2025
U002256,Holly Cruz,meganlewis@example.net,Female,West Christopherhaven,10/30/2024
U002257,Lauren Davis,kenneththomas@example.com,Other,Lorraineshire,9/23/2025
U002258,Cindy Wheeler,mahoneysarah@example.org,Other,South Jenny,8/1/2024
U002259,Thomas Cole,hoopernicole@example.org,Other,Sheltonshire,5/30/2024
U002260,Jeanette Hogan,rstewart@example.net,Male,Brownside,2/8/2024
U002261,Steven Griffin,jacqueline17@example.com,Male,Edwardsborough,7/10/2024
U002262,Chris Cardenas,cameronkaitlyn@example.com,Male,West Brandymouth,2/9/2025
U002263,Brian Carpenter,william96@example.org,Other,Serranoborough,12/3/2024
U002264,Andrea Ramos,aliciacallahan@example.org,Other,Rossberg,12/11/2024
U002265,Raymond Rodriguez,wallskristie@example.net,Female,Lake Melissaland,6/11/2024
U002266,Lindsay Garcia,yboone@example.org,Male,Port Lindsey,1/9/2025
U002267,Tracy Sexton,mespinoza@example.org,Male,North Shawnberg,3/19/2025
U002268,Kimberly Lawrence,paullawson@example.org,Male,West Rebecca,5/30/2024
U002269,Sarah Kim,catherine70@example.org,Male,Bradleyfort,12/15/2024
U002270,William Gutierrez,wendylee@example.com,Other,Smithfort,8/12/2024
U002271,Jodi Cannon,craigmurphy@example.net,Female,Lake Meganmouth,10/29/2024
U002272,Rebecca Howard,warrenchristine@example.net,Female,New Joshua,10/27/2024
U002273,Jose Collins,danieljones@example.org,Female,Pamton,7/16/2025
U002274,Jacqueline Goodwin,tiffanymcguire@example.org,Other,South Amanda,3/21/2025
U002275,Mark Brady,manningbrandi@example.com,Male,Williamsonside,10/30/2024
U002276,Nicole Hall,linda45@example.com,Other,Josefort,2/6/2024
U002277,Kelly Herman,lorihenderson@example.com,Male,Lisaland,1/27/2025
U002278,Sharon Austin,frobinson@example.net,Other,Port David,10/22/2024
U002279,Tyrone Chavez,carolynwarner@example.org,Female,Hallhaven,2/2/2025
U002280,Anita Paul,taylormaria@example.com,Female,Sandraport,9/26/2024
U002281,Wendy Perez,kevinbennett@example.net,Female,Caseystad,3/15/2025
U002282,Jonathan Wright,brobles@example.com,Female,West Kelly,3/4/2025
U002283,Thomas Scott,jessicareed@example.net,Male,Amyland,9/19/2024
U002284,Tony Yang,colemanscott@example.com,Other,East Priscillaland,9/22/2025
U002285,Clifford Cunningham,brewersherri@example.org,Male,Port Kathryn,12/17/2024
U002286,Elizabeth Hughes,thorntonjonathan@example.net,Other,Lake Tommy,7/27/2025
U002287,Anthony Davies,amandaroberts@example.net,Female,East Kelli,11/3/2024
U002288,Edward Nixon,tanya09@example.net,Female,Mannburgh,1/20/2024
U002289,Pamela Perry,mstevens@example.net,Female,Fritzchester,3/20/2024
U002290,Christian Taylor,julie34@example.org,Other,East Lauraberg,10/24/2024
U002291,Holly Robinson,jonesvanessa@example.net,Female,Stantonside,4/1/2024
U002292,Robert Howard,davismichelle@example.net,Male,West Edwardport,5/30/2024
U002293,Richard Hill,jensenjason@example.com,Male,South Kevinfurt,7/7/2024
U002294,Ryan Parker,hli@example.net,Male,Sanchezberg,9/13/2025
U002295,Carl Richards,jill69@example.net,Other,Michaelburgh,9/16/2024
U002296,Todd Gonzales,lisa49@example.org,Male,East Saraside,3/13/2025
U002297,Teresa Paul,matthew34@example.com,Female,Nancyfurt,8/9/2024
U002298,Henry Lozano,ashleyturner@example.org,Other,North Johnny,11/25/2024
U002299,Nicholas Stevenson,brookstimothy@example.net,Female,East Michael,9/4/2024
U002300,Heather Chapman,ulawrence@example.org,Other,East Nancytown,3/19/2024
U002301,Brandy Mitchell,bsimpson@example.com,Male,New Jameshaven,7/17/2024
U002302,Wayne Brown,fhanna@example.com,Female,New Christopher,7/4/2025
U002303,Calvin Perez,knichols@example.net,Female,Port Alexisside,3/3/2024
U002304,Stephen Williams,umccoy@example.com,Other,Davidmouth,2/23/2024
U002305,Richard Kelley,thomasronald@example.net,Female,East Sandra,7/27/2025
U002306,Nathan Baker,alexanderjohnson@example.org,Male,North Jackson,5/8/2025
U002307,Morgan Davila,renee05@example.org,Other,West Joyce,12/9/2024
U002308,Kristina Johnson,gcastillo@example.com,Female,West Luisshire,3/6/2024
U002309,Andrew Bird,pcoleman@example.org,Other,East Derek,1/22/2025
U002310,Benjamin Esparza,mistymatthews@example.org,Female,North Nathan,4/3/2024
U002311,Anthony Woodward,jeffersondaniel@example.org,Male,Amandaborough,4/5/2024
U002312,Craig Perez,michaelholmes@example.org,Male,East John,6/1/2024
U002313,Matthew Heath,mathew34@example.org,Male,Evansport,2/12/2025
U002314,Ronnie Smith,brandy66@example.org,Male,Gordonton,2/20/2025
U002315,Brandy Kelly,ochristensen@example.net,Female,Weberbury,5/14/2025
U002316,Ashley Walsh,gregory73@example.com,Male,Davenportland,7/8/2024
U002317,Gregory Reyes,vwatson@example.net,Other,West Tonyfurt,8/16/2024
U002318,Mitchell Sanchez,harveyrobert@example.com,Female,West Thomasstad,10/18/2025
U002319,Richard Perkins,erik74@example.com,Male,Cortezbury,5/29/2024
U002320,Ann Hale,omartinez@example.net,Other,Julieberg,8/19/2024
U002321,Natalie Mann,lsnyder@example.org,Female,Dakotafort,7/17/2024
U002322,Danielle Boyer,vtapia@example.net,Other,West Joseph,2/25/2024
U002323,Justin Dunn,ksanchez@example.org,Female,Gloverfurt,10/5/2025
U002324,Dylan Cunningham,christinagoodwin@example.net,Other,South Colebury,5/14/2025
U002325,Vincent Garcia,heatherdavis@example.org,Male,South Lindsayfort,4/5/2025
U002326,Brian Vazquez,hahnjoshua@example.net,Other,Olsenside,3/30/2024
U002327,Andrew Kemp,kdennis@example.org,Other,East Tiffanyport,9/10/2025
U002328,James Tate,usanders@example.net,Female,Maryshire,9/29/2024
U002329,Cynthia Price,maxwell63@example.org,Female,South Dillonshire,11/9/2025
U002330,Brianna Lam,lewislori@example.com,Male,Lake Danielchester,8/11/2025
U002331,Patrick Carter,adavis@example.com,Other,South Evelynside,4/25/2025
U002332,Mark Greene,garciapeter@example.org,Other,Kristenshire,6/2/2024
U002333,Richard Higgins,jessica01@example.org,Other,East Joseph,1/19/2024
U002334,Thomas Wade,ndouglas@example.net,Other,Amandaville,7/4/2024
U002335,Margaret Gardner,christopher01@example.com,Male,Burketon,7/11/2024
U002336,John Stephens,moralestheresa@example.net,Female,Port Angelport,2/20/2024
U002337,Sandra English,hernandezanna@example.com,Other,Frostfurt,3/24/2025
U002338,Yvette Adkins,waltercarrie@example.org,Male,Drewborough,9/18/2025
U002339,Paula Michael,angela20@example.org,Male,Jameschester,6/25/2024
U002340,Timothy Joyce,tuckersheila@example.net,Male,East Samanthafurt,2/11/2024
U002341,Mario Castillo,gibbsdarren@example.org,Male,New Evelyntown,2/10/2024
U002342,Kevin Marshall,martinsarah@example.net,Male,West Christopherberg,11/12/2025
U002343,Stephen Chen,derrick71@example.net,Female,South Thomas,7/28/2025
U002344,Travis Phillips,elopez@example.org,Male,North Samanthafort,12/14/2024
U002345,Tara Sandoval,kmartinez@example.com,Female,East Darlene,7/25/2024
U002346,Justin Williams,christopherrogers@example.com,Other,South Candicechester,3/22/2024
U002347,Jacob Jones,lisa52@example.com,Other,Port Diana,10/22/2025
U002348,Patricia Smith,justin17@example.net,Female,Abigailstad,5/20/2025
U002349,Cassandra Hunter,tinajohnson@example.org,Female,Ryanstad,10/18/2024
U002350,Sally Clark,kimberly42@example.org,Other,Littleland,10/4/2025
U002351,Peter Anderson,richard04@example.com,Male,South Andrewton,11/7/2024
U002352,Michele Valdez,daniel30@example.com,Other,Callahanview,2/26/2024
U002353,Jackie Wallace,mcdowelladam@example.net,Male,Ortizton,1/28/2024
U002354,Vanessa Brock,tuckeramanda@example.org,Male,Russellborough,4/4/2025
U002355,Daniel Bell,donaldthomas@example.org,Female,East Angela,12/9/2024
U002356,Amanda Ruiz,aliciahoward@example.net,Female,Anthonyview,7/13/2024
U002357,Jessica Spencer,hjacobs@example.org,Other,Pamelaville,3/4/2024
U002358,Sharon Reed,mckenziesonya@example.com,Other,West Tammy,4/26/2025
U002359,Sara Martin,sandrasmith@example.com,Female,Davidstad,10/7/2025
U002360,Angela Williams,bwarren@example.org,Other,Port Charlesport,10/16/2025
U002361,Keith Delacruz,john19@example.com,Female,Port Kathleen,3/10/2024
U002362,Cody Rios,terrence67@example.com,Female,New Benjamin,6/4/2025
U002363,William Peters,andrewwalker@example.com,Other,Zavalaside,2/28/2024
U002364,Tammy Nunez,stevenrichards@example.org,Male,North Jeffrey,3/15/2025
U002365,Jessica Higgins,sarah36@example.net,Male,West Lisaside,3/27/2025
U002366,Maxwell Vasquez,brittany40@example.net,Female,Jacobtown,8/9/2024
U002367,Carrie Jordan,norrismichael@example.org,Other,Smithland,7/24/2025
U002368,Paul Fisher,jesusavila@example.com,Male,Englishland,5/12/2025
U002369,Douglas Perry,taylorjeffrey@example.org,Female,Jamesfurt,9/29/2024
U002370,Eugene Salazar,tphillips@example.com,Female,Heathburgh,2/25/2025
U002371,Nancy Smith,emma32@example.com,Other,East Kevin,8/9/2024
U002372,Anthony Miller,kylecortez@example.com,Other,Port Raymond,1/4/2024
U002373,Amanda Stewart,meghan90@example.com,Female,Port Victor,3/14/2024
U002374,Alexis Ramirez,shannon33@example.org,Male,New Laura,7/7/2025
U002375,Kelly White,melindamorris@example.net,Other,New Paul,4/7/2025
U002376,Andrew Clayton,slong@example.net,Other,South Ericfort,2/1/2024
U002377,Eric Taylor,anthonymiller@example.com,Other,North Michael,7/21/2024
U002378,Gregory Sullivan,thomasmooney@example.org,Male,Walkerberg,6/13/2024
U002379,Karen Maddox,combsbrenda@example.net,Male,West Amandastad,7/14/2025
U002380,Edward Butler,rodriguezjohn@example.org,Female,West Christine,1/6/2024
U002381,Tony Munoz,brownandrew@example.net,Other,Russellfurt,11/30/2024
U002382,Meagan Bennett,holly18@example.net,Male,Michaelport,4/10/2024
U002383,Shannon Bright,jeremymitchell@example.com,Male,East Julia,1/2/2024
U002384,Paul Burton,imoon@example.org,Other,Martinport,2/26/2024
U002385,Keith Sanchez,pattondavid@example.com,Male,Jamesville,10/28/2024
U002386,Elizabeth Dickson,tcosta@example.com,Female,Brianburgh,9/21/2025
U002387,Deborah Malone,martinezkristen@example.org,Male,Port Isabellamouth,3/26/2025
U002388,Brian Bates,moorejohn@example.net,Male,South Timothyside,11/22/2024
U002389,Scott Hughes,nchen@example.com,Female,East Edward,4/9/2025
U002390,David Kelly,charlestaylor@example.net,Other,Deborahstad,4/12/2025
U002391,Rhonda Miller,megan94@example.org,Male,North Anthonybury,10/10/2024
U002392,Matthew Odonnell,morganwarner@example.org,Female,East Jordan,11/6/2024
U002393,Donna Shaw,njames@example.org,Other,Fischerside,8/23/2024
U002394,Dakota Hopkins,lauriecrawford@example.com,Female,West Paulahaven,5/3/2025
U002395,Clinton Maxwell,olsenlinda@example.org,Male,Longburgh,4/5/2024
U002396,Michelle Mcdowell,bryce27@example.org,Female,Lesliestad,10/21/2024
U002397,Lindsey Wright,emily56@example.net,Male,Maddenview,5/30/2024
U002398,William Chapman,fredolsen@example.net,Other,Jeanville,12/27/2024
U002399,Richard Taylor,benjaminbeth@example.net,Other,Murphyside,1/15/2024
U002400,Michele Thomas,clinekatie@example.com,Female,Dawsonburgh,9/27/2025
U002401,Jesse Flores,austinbreanna@example.org,Male,Gailview,2/12/2025
U002402,Charles Johnston,samuel50@example.org,Other,Port James,8/15/2025
U002403,Steven Riggs,ihodge@example.com,Female,Port Aprilton,9/2/2025
U002404,James Santos,claytonchavez@example.net,Other,Port John,11/9/2024
U002405,Jessica Moore,householly@example.com,Other,Calebfurt,10/31/2024
U002406,Katie Wallace,ogonzalez@example.org,Male,Port Michelle,11/29/2024
U002407,Abigail Gonzalez,jonesdevon@example.org,Other,Port Stacyton,11/1/2025
U002408,Jennifer Holmes,david48@example.org,Other,Port Jason,9/1/2025
U002409,Emma James,sheenavazquez@example.net,Male,Jimenezland,8/3/2025
U002410,Patrick Christian,catherine46@example.net,Other,North Anna,4/21/2025
U002411,Robert Carroll,wilsonjacob@example.com,Other,Kathrynland,9/10/2024
U002412,Sarah Brooks,jonesrachel@example.com,Male,Rodriguezstad,9/13/2025
U002413,Alyssa Vazquez,fernandezbrandon@example.net,Male,West Jonathanland,6/22/2025
U002414,Bryan Allen,richard85@example.org,Other,Port Mark,2/11/2024
U002415,Diamond Hill,thomasellis@example.com,Other,East Bobbytown,12/23/2024
U002416,Richard Velazquez,hcampbell@example.com,Other,Dunnton,3/11/2024
U002417,Sara Johnson,qtyler@example.org,Other,Merritthaven,3/3/2024
U002418,Debbie Harris,grahamdaniel@example.net,Female,Colemanhaven,4/19/2025
U002419,Daniel Carroll,yserrano@example.com,Other,Bethhaven,10/30/2025
U002420,James Gutierrez,ukane@example.com,Male,West Taraside,5/18/2024
U002421,Jake Kelly,chapmanrobert@example.com,Male,New Mike,5/21/2024
U002422,John Wright,justinhughes@example.net,Male,North Taylor,9/6/2024
U002423,Timothy Hansen,maldonadoamber@example.com,Male,Pattersonfort,6/15/2025
U002424,Jared Briggs,adamkramer@example.com,Other,East Rachel,2/17/2025
U002425,Timothy Cruz,jonathanjones@example.com,Other,East Luishaven,11/12/2024
U002426,Kevin Rodriguez,adamstephens@example.org,Female,New Sabrinafort,9/10/2024
U002427,Jennifer Smith,ocannon@example.net,Other,South Laura,3/26/2024
U002428,Samantha Clements,martinezkathleen@example.com,Male,West David,11/16/2024
U002429,Denise Dorsey,aaronmorrison@example.org,Other,Solomonberg,5/16/2025
U002430,Margaret Moran,donald44@example.com,Female,Lake Tamara,2/20/2024
U002431,Donna Allison,gduke@example.net,Other,Michaelshire,8/26/2024
U002432,Thomas Bennett,zbailey@example.com,Other,Russellton,2/2/2025
U002433,Jennifer Gray,jamesmaxwell@example.org,Male,New Jenniferberg,2/19/2025
U002434,Madison Campbell,valeriejames@example.net,Female,Jamesmouth,4/20/2024
U002435,Susan White,rileykathleen@example.org,Other,South Andrewport,3/2/2025
U002436,John Williams,cookkristina@example.net,Other,North Rebeccamouth,11/23/2024
U002437,Jacqueline Williams,jfletcher@example.com,Female,North Williamberg,1/26/2024
U002438,Ann Robbins,megan59@example.com,Other,East Lucas,10/1/2024
U002439,Jennifer Howard,greenedaniel@example.net,Female,Kennedyland,12/13/2024
U002440,Patrick Waller,ymercer@example.com,Female,Port Eric,7/13/2025
U002441,Christopher Cooley,xdiaz@example.net,Male,West Philip,8/22/2025
U002442,Michele Vargas,vanessajimenez@example.org,Other,Aaronton,8/15/2024
U002443,Jessica Barrett,payneelizabeth@example.org,Female,Elizabethfurt,4/16/2025
U002444,Luis Lawrence,joshua27@example.org,Female,Bestborough,6/24/2025
U002445,Natasha Horton,vanessaflores@example.com,Female,South Carmen,5/14/2025
U002446,Peggy Cain,meadowsbrian@example.org,Male,New Lorishire,6/5/2025
U002447,Angela Meyer,pachecokyle@example.net,Other,East Alisonbury,6/9/2024
U002448,Stephanie Brown,colleenwilliams@example.net,Male,North Sandra,8/17/2024
U002449,Cynthia Butler,sanchezrobert@example.org,Male,New Kristinaland,4/28/2025
U002450,Derrick Reid,baileytracey@example.net,Female,Kimberlyview,4/5/2024
U002451,Melanie Wiggins,charlesclayton@example.org,Female,West Erinborough,6/10/2025
U002452,Judith Smith,mcrawford@example.net,Female,Montgomeryport,4/6/2025
U002453,Cody Richards,burgessdonald@example.com,Female,South Yolanda,10/31/2025
U002454,Michael Johnson,sullivantodd@example.com,Male,New Tylerfurt,5/16/2025
U002455,David Schmidt,robertyoung@example.net,Female,Angelfurt,8/17/2025
U002456,Kimberly Martin,kjackson@example.org,Other,Reynoldsmouth,8/24/2025
U002457,Hayley Smith,sethsanders@example.com,Male,Garyside,12/18/2024
U002458,Carrie Mcclain,fordbeverly@example.org,Female,Arianaville,9/19/2025
U002459,Matthew Woods,uhernandez@example.net,Other,Jamestown,4/2/2024
U002460,Jacob Hawkins,stewartsandra@example.net,Female,Davidmouth,1/10/2025
U002461,Stacey Hughes,marnold@example.net,Other,Port Donstad,3/15/2024
U002462,Michael Davis,hmiller@example.com,Female,Williamsstad,8/16/2025
U002463,Adam Morrison,joseph28@example.com,Female,Baileymouth,6/13/2025
U002464,Courtney Day,brittanysmith@example.org,Male,West Cynthia,11/9/2025
U002465,William Houston,snydergeorge@example.org,Female,Stanleystad,2/13/2024
U002466,Howard Perez,rickyclark@example.org,Other,South Garyton,4/12/2024
U002467,Stephanie Fowler,shepardlisa@example.org,Other,Curtischester,1/10/2024
U002468,Jacqueline Andrews,john40@example.net,Male,Troyland,4/5/2024
U002469,Kathryn Torres,rachel74@example.org,Female,Danielsfort,7/5/2025
U002470,Michael Torres,jeffery51@example.com,Male,Riosside,6/23/2025
U002471,Elaine Barnes,elizabethbrennan@example.net,Female,Port Kenneth,10/29/2025
U002472,Jeremy Case,diana62@example.com,Male,Lewisfurt,5/22/2025
U002473,Zachary Allen,valencialisa@example.com,Female,Alicetown,7/21/2025
U002474,Rachel Roberts,kendrasantos@example.net,Female,Lake Maria,9/24/2025
U002475,John Cantrell,sshea@example.com,Male,West Andrewport,6/21/2024
U002476,Brian Vang,carlsonamanda@example.com,Male,Martintown,8/6/2024
U002477,James Jackson,ashleyterry@example.com,Male,Lake Tracy,2/4/2024
U002478,Teresa Edwards,elizabeth03@example.net,Male,North Robertmouth,4/7/2024
U002479,Michael Gomez,hannahfields@example.com,Female,Andrewburgh,1/17/2025
U002480,Clinton Clark,nicoletaylor@example.com,Female,Kelseybury,10/18/2025
U002481,Karen Oliver,jacob11@example.org,Other,Lake Michael,7/17/2025
U002482,Victoria Jackson,jack74@example.org,Female,Pittmanfurt,1/20/2024
U002483,Linda Cooper,millstyler@example.net,Male,New Jennifer,9/11/2025
U002484,Kelly Blevins,crystal60@example.net,Male,New Jesseville,8/27/2024
U002485,Elizabeth Leblanc,maria53@example.net,Female,Halechester,2/23/2024
U002486,Jacob Bruce,pbryant@example.com,Other,Paulberg,4/2/2024
U002487,Elizabeth Rivas,sylvia26@example.com,Other,East Karentown,8/1/2025
U002488,Alicia Dixon,amyers@example.net,Female,South Ashleyland,12/17/2024
U002489,Ryan Smith,sandraharper@example.org,Male,Garnerton,2/16/2025
U002490,Antonio Rivera,samanthamartinez@example.net,Male,Alexanderville,7/31/2024
U002491,Stephanie Lewis,mariaschmidt@example.net,Female,West Wayneland,10/10/2025
U002492,Debra Brown,cathy36@example.com,Other,Brandonberg,3/25/2025
U002493,Kristen Young,jonathanruiz@example.com,Female,Grayburgh,1/13/2025
U002494,Caleb Higgins,brittany44@example.org,Female,New Melissaborough,2/18/2025
U002495,John Andrade,jeffrey10@example.net,Female,Lake Tina,3/18/2025
U002496,David Day,alfred29@example.org,Female,Jacobsfurt,11/26/2024
U002497,Susan Lamb,klewis@example.net,Male,Port Ronaldland,9/9/2025
U002498,Jessica Burns,ericwheeler@example.org,Male,Bradleyland,5/23/2025
U002499,Scott Shelton,hstrickland@example.org,Female,Derrickhaven,6/22/2025
U002500,Tony Ramos,michael99@example.net,Other,West Michelleton,4/11/2025
U002501,Louis Smith,adamparsons@example.com,Female,New Troy,6/22/2024
U002502,Paige Garner,dana02@example.net,Male,Wesleymouth,2/23/2025
U002503,Brandon Wong,nelsoncassandra@example.net,Male,West Ricky,6/4/2025
U002504,Erin Evans,herrerajennifer@example.org,Other,Weaverville,4/16/2025
U002505,Pamela Greer,seanjones@example.com,Female,East Johnfurt,1/31/2024
U002506,Amy Moore,garciaamanda@example.net,Male,West Laura,2/11/2024
U002507,Kelli Singh,keithemily@example.net,Male,Lake Kimberlychester,4/28/2024
U002508,Maureen Young,wongjacqueline@example.org,Female,Burkemouth,6/1/2024
U002509,Brittany Torres,lpatterson@example.org,Female,North Michaelland,5/27/2025
U002510,Jennifer Deleon,dgentry@example.org,Other,Allenside,6/24/2024
U002511,Laura Bauer,dalton37@example.org,Other,Christopherville,9/6/2024
U002512,Breanna Miller,lauren45@example.com,Other,Robertfort,8/26/2025
U002513,Randall Morgan,greeneshawn@example.com,Female,East Scottville,4/6/2024
U002514,Emma Mason,meghanallen@example.com,Female,Rodriguezfurt,4/15/2025
U002515,Patrick Frank,shelbywatson@example.com,Other,South Corey,6/7/2025
U002516,Melissa Woods,madeline02@example.net,Male,East Grace,1/7/2025
U002517,Kathleen Roberts,lblackwell@example.com,Male,Harrisborough,9/26/2025
U002518,Stephanie Rodriguez,gbutler@example.net,Female,Grantville,1/1/2024
U002519,Kenneth Perez,vmooney@example.com,Male,South Jose,9/13/2024
U002520,John Edwards,ewatkins@example.org,Female,South Andrea,1/19/2024
U002521,Jesse Johnson,tommorrison@example.net,Other,South Jessica,6/17/2025
U002522,Christian Cooper,juliethomas@example.net,Female,Lake Dawnfort,4/17/2025
U002523,Patrick George,caleb40@example.com,Female,New Clinton,10/1/2025
U002524,George Palmer,timothy83@example.org,Female,New Dannyshire,1/6/2025
U002525,Sonya Pearson,ccook@example.net,Male,Marissafort,6/12/2025
U002526,Bonnie Cole,stewartsarah@example.org,Female,South Davidview,9/3/2025
U002527,Robert Rogers,vkelly@example.org,Male,North Ryanfort,1/8/2025
U002528,Lauren Dickerson,richard31@example.com,Other,Port Clinton,5/24/2024
U002529,Tina Richardson,shane26@example.org,Other,Carlsonchester,2/11/2025
U002530,Robin Hunter,berrypatricia@example.net,Male,South Alyssaburgh,5/29/2024
U002531,Daniel Clark,porterronald@example.com,Female,Jacobburgh,4/22/2025
U002532,Jeffrey Terrell,robertmartinez@example.org,Other,South Christinahaven,3/19/2024
U002533,Beth Webster,collinscarolyn@example.org,Female,South Emily,8/13/2024
U002534,Kara Watson,wesley56@example.org,Male,East Timothyview,2/15/2025
U002535,Jeffery Chen,reneewaters@example.com,Female,South Lindseyland,11/14/2025
U002536,Jackie Lopez,sotomegan@example.com,Other,Dillonburgh,7/24/2025
U002537,Daniel Warner,jasminesullivan@example.org,Female,Lake Amberbury,9/10/2025
U002538,Jose Scott,jenniferpeters@example.com,Other,North Lee,1/25/2025
U002539,Brian Allen,hharper@example.net,Female,Kimberlyton,5/28/2024
U002540,Roy Stanley,nicole98@example.com,Other,Lake Joshua,3/21/2025
U002541,Anna Curry,jacquelinemurray@example.net,Other,West Debra,5/13/2025
U002542,Christopher Morales,jonesjamie@example.net,Other,Leechester,6/4/2025
U002543,Timothy Taylor,tsandoval@example.com,Male,Lake Samanthaport,11/5/2024
U002544,George Jackson,clifford98@example.net,Male,Port Lisa,3/31/2024
U002545,Rita Lopez,ryanparker@example.org,Male,New Coryport,10/8/2024
U002546,Gary Hodges,eric02@example.net,Female,Johnstad,7/17/2024
U002547,Carolyn Gonzales,jacqueline11@example.net,Female,Sandovalmouth,1/6/2024
U002548,Joshua Salazar,dakota75@example.org,Female,East Taylormouth,10/11/2024
U002549,Daisy Evans,veronica90@example.net,Other,South Michelle,7/31/2024
U002550,Lydia Jones,lucasflores@example.com,Female,Lake Becky,4/1/2025
U002551,Austin Frye,timothydawson@example.com,Male,Greeneburgh,11/8/2025
U002552,Jesus Medina,carrollchristopher@example.org,Male,New Erica,1/24/2025
U002553,Laura Logan,david24@example.org,Other,Colemanburgh,7/25/2025
U002554,Jacob Ortiz,lindacraig@example.net,Other,East Jonathan,12/16/2024
U002555,Curtis Krueger,ngraham@example.com,Female,New Ryanstad,11/19/2024
U002556,Gregory Wright,patrickoliver@example.org,Other,Matthewmouth,7/9/2025
U002557,Matthew Wall,frank88@example.net,Male,Chelseafort,7/2/2024
U002558,Michelle Wright,mroman@example.com,Male,Markmouth,7/30/2025
U002559,Mary Ruiz,bradley71@example.net,Male,North Benjamin,2/15/2025
U002560,Brianna Hill,rlewis@example.com,Male,Estradahaven,2/8/2025
U002561,Russell Chapman,stephen61@example.com,Other,Port Michellechester,10/20/2025
U002562,Christopher Green,fodonnell@example.org,Female,Port Alexandra,2/3/2025
U002563,Stephanie Randolph,zgarcia@example.com,Female,Robertmouth,6/28/2025
U002564,Matthew Daniels,racevedo@example.org,Other,Henryport,1/1/2024
U002565,Olivia Vega,justinclark@example.com,Female,Johnstonmouth,6/27/2024
U002566,Tiffany House,katherine05@example.com,Male,Vincentshire,1/13/2024
U002567,Jerome Cooper,taylorjennifer@example.com,Other,Port Ann,6/25/2025
U002568,Marie Herrera,rachelsolis@example.org,Other,Susanberg,2/19/2024
U002569,Tina Fleming,ambersavage@example.com,Male,Garnerfurt,8/14/2024
U002570,Kevin Haney,sotokathleen@example.org,Female,Ashleychester,8/21/2025
U002571,Miranda Lambert,marcusbell@example.org,Other,North Kaylaberg,8/10/2025
U002572,Belinda Burke,rasmussencheryl@example.org,Female,Port Kellyhaven,10/27/2024
U002573,Dylan Oneill,hstevens@example.com,Male,Williamsborough,8/11/2025
U002574,Robert Williams,julielewis@example.com,Female,Jasonview,9/21/2024
U002575,Kimberly Gray,jessemedina@example.net,Other,East Jeffrey,10/2/2024
U002576,Robert Woods,westjeffrey@example.org,Other,Turnerstad,10/27/2024
U002577,Olivia Thompson,yzamora@example.org,Female,Wallacemouth,11/11/2024
U002578,William Winters,qcervantes@example.com,Other,Christinaport,4/21/2025
U002579,Shelley Combs,devon53@example.com,Female,Cobbtown,3/20/2025
U002580,Kristen Alvarez,ebarnes@example.com,Other,West Monicatown,10/20/2025
U002581,Timothy Mcdonald,parkersean@example.org,Other,Christophermouth,10/17/2025
U002582,Katie Pearson,brianchapman@example.org,Other,New Melissaton,5/30/2025
U002583,Nathan Kelly,johnroberts@example.com,Female,Johnmouth,6/28/2025
U002584,Roberto Sanchez,robinhancock@example.org,Other,Jordanton,3/23/2025
U002585,Rose Lambert,hensleybenjamin@example.com,Other,Port Yvonneland,3/7/2025
U002586,Jill Briggs,madison11@example.net,Female,Bassland,2/17/2024
U002587,Cristian Tanner,kaitlynwest@example.com,Female,Simmonsport,2/29/2024
U002588,Thomas Coleman,dixonkathryn@example.com,Male,Caldwellview,5/14/2025
U002589,Jessica Jenkins,jkelley@example.net,Female,Lake Nathanberg,5/7/2025
U002590,Matthew Burke,alvin91@example.com,Female,Lake Jesse,9/9/2024
U002591,Jessica Andrews,tylerodonnell@example.org,Other,Joshuafort,6/7/2024
U002592,Cindy Henderson,carlosbrown@example.org,Male,North Amanda,4/10/2025
U002593,Kyle Parker,jasongarza@example.org,Female,Shawnhaven,9/14/2024
U002594,Jose Evans,maria03@example.com,Other,Juliantown,8/20/2024
U002595,Julie Chambers,kristacastillo@example.org,Female,Victoriaside,9/28/2025
U002596,Evelyn Fischer,fgutierrez@example.com,Other,Codyland,9/18/2025
U002597,Samantha Jones,alankelly@example.com,Other,West Rachel,10/25/2025
U002598,Kelsey Nichols,baileystephanie@example.net,Other,Danaville,10/25/2025
U002599,Carrie Cooper,lambalexandra@example.net,Male,East Teresaside,11/30/2024
U002600,Mark Aguirre,bennettmichael@example.net,Other,East Amanda,10/31/2025
U002601,Colton Robinson,kelleyjennifer@example.org,Female,East Susanland,10/6/2025
U002602,Michelle Lopez,jadehendrix@example.org,Female,Robinville,7/14/2025
U002603,Nancy Andrews,tiffanyboone@example.net,Other,East Bryanmouth,4/16/2025
U002604,Rebecca Phillips,phillipsrichard@example.org,Other,North Martin,4/15/2024
U002605,Michael Sweeney,floresbenjamin@example.org,Other,Kennethmouth,3/14/2025
U002606,Christopher Joseph,jensenpamela@example.com,Male,Christinaport,10/28/2024
U002607,Lawrence Bryant,zyoung@example.com,Other,Vanessaport,3/29/2025
U002608,Angela Beltran,thomassheila@example.net,Male,Matthewton,3/22/2024
U002609,Gabrielle Donovan,johnsonteresa@example.net,Other,Hendrixfurt,10/12/2024
U002610,Christopher Brown,ernestwright@example.net,Female,South Amandachester,4/16/2025
U002611,Sara Hernandez,chenvictor@example.net,Male,Jacksonfurt,7/17/2025
U002612,Ashley James,anthonylee@example.com,Other,Berryland,7/25/2025
U002613,Alex Carroll,ebonywalters@example.net,Other,Travisberg,5/25/2025
U002614,Stephen Warner,dustinwilliams@example.net,Other,Durhamview,1/12/2025
U002615,Christina Moss,linda87@example.org,Other,New Michael,1/17/2025
U002616,Jacob Love,riverawendy@example.net,Female,Lake Sarahhaven,7/20/2024
U002617,Linda Williams,thompsonsavannah@example.org,Male,Alexanderstad,9/30/2024
U002618,Olivia Baker,mschwartz@example.com,Other,Lake Bethanyview,8/2/2025
U002619,Cynthia Stanton,ryan43@example.org,Male,South Markstad,8/18/2025
U002620,Dennis Robertson,gschmidt@example.com,Male,Baileybury,10/22/2024
U002621,Pedro Haley,iholland@example.net,Other,North Victoriaborough,2/20/2024
U002622,Albert Ramirez,elizabeth71@example.net,Other,East Williamborough,1/15/2025
U002623,Kathleen Cross,jessica82@example.net,Male,Kyleshire,8/13/2024
U002624,David Stevens,kruegerjesus@example.com,Male,New John,5/1/2025
U002625,Christopher Moss,dlewis@example.net,Male,Jessicaberg,9/2/2024
U002626,Phillip Smith,michelle86@example.net,Female,Davenportmouth,3/25/2025
U002627,Donna Watkins,michaelalvarado@example.net,Female,Port Norma,9/16/2024
U002628,Fred Herrera,wolfdaniel@example.org,Female,East Nathaniel,12/25/2024
U002629,Rachel Palmer,tnichols@example.net,Male,Washingtonchester,1/29/2024
U002630,Wayne Bishop,zramirez@example.net,Female,South Teresa,3/13/2025
U002631,Autumn Guerra,fcook@example.org,Other,Daisyland,5/17/2025
U002632,Marcus Cooper,carol28@example.net,Male,Hillmouth,10/3/2025
U002633,Christopher Jennings,tara62@example.com,Female,Morrisville,10/22/2025
U002634,Denise Tyler,vcoleman@example.org,Other,Christiestad,7/27/2025
U002635,Charles Howard,hcollins@example.net,Other,Alexanderchester,6/22/2025
U002636,Jennifer Mcintyre,knightjamie@example.net,Female,North Mary,6/11/2024
U002637,James Johnson,barbara22@example.com,Other,East Alice,9/27/2024
U002638,Latoya Lewis,timothyortiz@example.org,Other,Ryanton,6/3/2025
U002639,Linda Sawyer,hilllaura@example.org,Male,Angelaland,10/15/2025
U002640,Matthew Robinson,nicholasibarra@example.com,Other,Hatfieldfort,7/27/2025
U002641,Michael Green,wgilmore@example.org,Male,South Blake,3/12/2024
U002642,Todd Adams,ischultz@example.com,Other,North Crystal,9/1/2025
U002643,Randall Horton,claire11@example.net,Male,Lake Alyssa,5/27/2025
U002644,Riley Rodgers,leahdiaz@example.org,Other,North Natasha,11/2/2025
U002645,Tara Sharp,angelavalencia@example.net,Female,Gibsonmouth,10/11/2025
U002646,Christopher Moore,robertrobinson@example.net,Other,Raymondhaven,1/10/2025
U002647,Kaitlyn Smith,guerramaria@example.org,Female,New Williammouth,7/1/2024
U002648,Mitchell Hernandez,kerry49@example.org,Other,Jamieville,11/26/2024
U002649,Joshua Weaver,zacharyschneider@example.net,Female,Nelsonmouth,10/20/2024
U002650,Nicholas Flores,olsonmichael@example.com,Female,Deborahborough,10/24/2024
U002651,Kevin Riggs,qherrera@example.com,Male,West Michelleshire,3/12/2025
U002652,Donald Smith,katrina07@example.com,Female,West Michelle,4/29/2024
U002653,Michael Ford,mcknightelizabeth@example.org,Other,West Dawnmouth,8/24/2024
U002654,Jeremy Roberts,john14@example.net,Female,Andersonstad,11/7/2024
U002655,Taylor Mason,oscott@example.com,Other,Deborahfort,10/6/2025
U002656,Phillip Murphy,taylor95@example.org,Female,Port Duane,7/30/2024
U002657,Nathan Tran,todd94@example.com,Other,Sarahville,9/7/2024
U002658,Richard Moore,courtney13@example.com,Other,East Jason,3/23/2025
U002659,Kristin Little,bsmith@example.com,Other,West Richardshire,5/18/2025
U002660,Sean Moran,jessica79@example.com,Other,West David,11/13/2025
U002661,Luis Peterson,holmesjay@example.com,Other,Jenniferfurt,8/26/2024
U002662,Steven Lee,egarcia@example.com,Female,Christinatown,1/26/2024
U002663,Benjamin Garcia,bentleysteve@example.net,Other,Autumnfort,3/26/2025
U002664,Jaclyn Thompson,lee16@example.net,Female,North Kara,1/6/2025
U002665,Lisa Young,rwallace@example.org,Male,Whitneychester,9/6/2024
U002666,John Suarez,jacqueline96@example.org,Male,Brownberg,11/28/2024
U002667,Amanda Nelson,rasmussenjerry@example.com,Female,Port Jamestown,3/31/2024
U002668,Jake Munoz,frederick49@example.org,Other,Sullivanbury,2/20/2024
U002669,Jennifer Acosta,ealexander@example.net,Female,Abigailtown,8/2/2024
U002670,Katrina Mcpherson,beckrobin@example.net,Male,Port Michael,5/14/2024
U002671,Megan Castro,peterjohnson@example.org,Female,Howardchester,3/6/2025
U002672,Jessica Pacheco,jasmine12@example.net,Female,Pattersonshire,6/11/2024
U002673,Lisa Chambers,lauramartin@example.com,Other,West Michelle,3/11/2024
U002674,Christopher Rodriguez,iclarke@example.net,Male,Port Mason,7/4/2025
U002675,Kevin Davila,shannon44@example.com,Other,Isabelburgh,2/27/2025
U002676,Lori Ramirez,rodriguezconnor@example.net,Other,Christopherfurt,9/13/2024
U002677,Jacob Burch,drew38@example.net,Female,Lake Brittanymouth,9/22/2025
U002678,Jennifer Palmer,herrerarachael@example.com,Female,West Patrickberg,7/26/2025
U002679,Sophia Green,jamesmorris@example.org,Female,North Jackburgh,4/23/2024
U002680,Rhonda Smith,romeronatalie@example.com,Female,Taylorfort,1/5/2025
U002681,Ashley Esparza,igraham@example.org,Other,Bennettstad,2/1/2024
U002682,Robert Webb,fieldsjacob@example.org,Other,Thomasport,1/2/2024
U002683,Megan Foster,douglasdakota@example.com,Female,North Jeremy,1/8/2025
U002684,Evan Kirk,laura49@example.com,Female,Evansshire,7/19/2025
U002685,Richard Morris,chelseasmith@example.com,Male,New Jenniferfort,2/23/2025
U002686,Jerome Anderson,thorntoncaitlyn@example.net,Other,North Andreastad,3/17/2025
U002687,Cory Sanders,bethanymarshall@example.org,Other,Ramirezville,1/17/2025
U002688,Sandra Jones,danasanders@example.org,Other,Stephaniefurt,10/19/2025
U002689,Donald Wilson,piercewilliam@example.com,Female,Wyattberg,6/28/2025
U002690,Sarah Hall,amy84@example.org,Female,North Rickymouth,8/14/2025
U002691,Linda York,qcollins@example.com,Female,Port Hannah,6/12/2024
U002692,Anthony Martin,torresrebecca@example.org,Male,New John,8/24/2024
U002693,Mark Palmer,aknight@example.org,Female,Lindseymouth,2/29/2024
U002694,Sarah Miller,mlyons@example.org,Male,Robertmouth,3/9/2024
U002695,Patricia Turner,joncantu@example.com,Female,West Christopherfurt,9/12/2025
U002696,Lisa Hodges,darius87@example.com,Other,Marshallchester,6/22/2024
U002697,Albert Ramirez,mark97@example.net,Male,Port Christopher,8/9/2025
U002698,Kathleen Williams,gregorycarpenter@example.com,Female,Cookfort,6/5/2025
U002699,Joseph Oneill,chankevin@example.com,Female,New Kevinmouth,9/4/2025
U002700,Jeff Wilson,ewingpaul@example.com,Other,Franciston,5/11/2025
U002701,Kimberly Silva,lisa47@example.com,Female,North Danielfort,11/7/2024
U002702,Barbara Myers,rcox@example.net,Other,Robertmouth,10/14/2025
U002703,Annette Bryant,paulray@example.com,Female,Josephtown,4/12/2024
U002704,Bethany Lynch,sue68@example.com,Male,Smithchester,6/2/2025
U002705,Brittany Harper,hjones@example.org,Male,Caseyfort,9/16/2024
U002706,Katrina Ramos,czamora@example.net,Other,Taylorborough,1/24/2024
U002707,Patricia Sullivan,dwalker@example.net,Female,Lake Lindsey,1/24/2025
U002708,Chad Floyd,pottskatherine@example.com,Other,East Angelachester,9/23/2025
U002709,Donna Johnson,karlmartin@example.org,Other,North Kristin,4/27/2024
U002710,Bridget Hall,nicholas60@example.com,Female,Jasminetown,5/27/2024
U002711,Maurice Anderson,samuel65@example.org,Male,Christopherhaven,9/29/2024
U002712,Timothy Davenport,floydmichelle@example.com,Male,Amandaside,8/23/2024
U002713,Amanda Chan,john19@example.net,Other,West Garrettstad,8/18/2024
U002714,Rebecca Moreno,nguyenterri@example.com,Other,Tarastad,10/20/2025
U002715,Anthony Hawkins,ljohnson@example.org,Other,Lake Brittany,8/15/2024
U002716,David Barron,fjohnson@example.net,Male,Annchester,3/29/2024
U002717,Stephanie Rowe,amberkennedy@example.net,Male,Moorehaven,9/22/2025
U002718,Margaret Lyons,laurie49@example.com,Male,Thompsonville,12/5/2024
U002719,Elizabeth Long,danny03@example.org,Other,New Angela,11/20/2024
U002720,Adam Nguyen,whitetony@example.com,Other,East Sheilaberg,1/5/2024
U002721,Jessica Douglas,millerpaige@example.com,Male,Michaelview,4/10/2025
U002722,Joshua Jimenez,donnahorton@example.org,Other,Richardberg,2/15/2024
U002723,Luis Singh,kellyrichard@example.net,Male,Kingburgh,8/21/2025
U002724,Jerry Griffith,olsonrebekah@example.com,Male,Jessicaborough,7/18/2025
U002725,Ashley Watson,pthomas@example.net,Male,South Amanda,5/17/2024
U002726,Ronald Flynn,matthew92@example.org,Female,South Todd,3/16/2025
U002727,Elizabeth Peterson,oliversteven@example.org,Female,Bradleyville,7/2/2024
U002728,Tyler Zavala,bcaldwell@example.net,Other,West Charles,1/21/2025
U002729,David Hart,david32@example.net,Female,Wilkinsonview,3/30/2024
U002730,Melissa Molina,william91@example.com,Male,Robinville,1/28/2025
U002731,Megan Pham,mmiller@example.org,Other,Port Stevenmouth,2/22/2024
U002732,Michele Cooley,robin48@example.com,Male,New Robert,7/26/2024
U002733,Michael Miller,heatherthompson@example.net,Male,Lunabury,9/20/2024
U002734,Debbie Erickson,wcastillo@example.com,Other,Jamesport,6/3/2025
U002735,Nicole Heath,hcox@example.com,Male,Goodwinport,5/15/2024
U002736,April Rhodes,conleychristina@example.net,Female,Port Lindaview,6/1/2024
U002737,Deborah Davidson,kellyperkins@example.com,Other,Lake Anthonyton,9/26/2025
U002738,Albert Jones,timothy76@example.org,Female,Natashafurt,1/23/2025
U002739,Kimberly Benson,davidgreen@example.org,Female,East Robertbury,9/18/2024
U002740,Kathleen Robbins,sandra01@example.net,Other,Eddiebury,2/6/2024
U002741,Jennifer Goodwin,lorifoster@example.org,Male,Travismouth,3/15/2024
U002742,Tara Smith,waltersaimee@example.org,Female,East Tiffany,10/15/2024
U002743,Traci Nelson,frank98@example.net,Female,Port Laura,2/21/2025
U002744,Kathleen Jensen,ebuck@example.com,Female,West Johntown,6/4/2025
U002745,Gabriel Hammond,judymarshall@example.org,Other,Nguyenton,6/24/2025
U002746,Douglas Hart,warnerdaisy@example.com,Male,Meganchester,5/7/2025
U002747,Mary Collins,shannonburns@example.net,Male,Louiston,2/16/2024
U002748,Justin Davidson,moralestrevor@example.org,Other,Lake Ryanstad,5/3/2025
U002749,Joseph Duncan,kevinhall@example.net,Other,Matthewsview,7/9/2025
U002750,Jason Strickland,kyliebarker@example.org,Male,Grantbury,8/6/2024
U002751,James Wilcox,mcclainjohn@example.com,Other,West Matthew,8/16/2024
U002752,Mary Clark,valeriehenderson@example.org,Other,East Kelly,3/6/2025
U002753,Jon Schultz,james72@example.org,Other,East Michael,11/21/2024
U002754,Charles Williams,lorrainemurphy@example.org,Male,Ericksonstad,8/9/2024
U002755,Mark Villarreal,brockstephanie@example.com,Male,West Edwinport,10/9/2025
U002756,Phillip Jones,nathanwatson@example.org,Female,West Jesse,10/9/2025
U002757,Austin Tucker,willismegan@example.net,Male,Rebeccastad,7/1/2025
U002758,Jeffrey Barker,sarah19@example.net,Male,Rodriguezfort,5/4/2025
U002759,Lee Crawford,shannonphilip@example.org,Female,New Crystal,8/10/2025
U002760,Joshua Sanchez,amartinez@example.org,Female,Lake Elizabethside,3/30/2024
U002761,Patricia Moran,lesliesmith@example.org,Male,Grahamland,3/25/2025
U002762,Keith Brown,wmason@example.net,Other,Larsonmouth,8/1/2024
U002763,Kevin Jennings,gjohnson@example.org,Female,North Bradleyport,8/23/2025
U002764,Robert Davis,oconnorcarol@example.com,Male,New Brittneyton,6/7/2025
U002765,Terri Myers,cruzjohn@example.net,Male,South Tammyfort,7/11/2024
U002766,Jessica Davis,sarah90@example.com,Female,Lake Brittanymouth,4/29/2025
U002767,Katherine Herrera,omarthompson@example.org,Other,South Stacyfort,11/10/2025
U002768,Aaron Little,nunezsherry@example.com,Other,Mooreborough,4/17/2024
U002769,Michael Campbell,ublack@example.net,Male,New Jeffreyfurt,11/9/2024
U002770,Stephanie Meyer,dakota45@example.com,Female,South Steven,2/16/2025
U002771,Paul Baker,acevedonicholas@example.net,Female,Coleland,2/24/2024
U002772,Matthew Henry,millerkevin@example.com,Female,West Elizabethstad,8/16/2025
U002773,Jared Torres,gordonsabrina@example.net,Other,Clarkberg,7/15/2025
U002774,Antonio Bailey,roy33@example.com,Other,Olsonbury,1/12/2024
U002775,James Gray,yrodriguez@example.org,Other,Rodriguezport,1/13/2024
U002776,Emily Smith,thomaselizabeth@example.org,Female,Stephanieport,1/9/2025
U002777,Andrew Brown,kenneth08@example.net,Male,Lake Annaside,8/18/2024
U002778,Ashley Crawford,gyoung@example.com,Other,West Nicholas,7/30/2025
U002779,Alexander Yates,john30@example.org,Female,New Christopherbury,9/24/2024
U002780,Christina Montgomery,valerievasquez@example.net,Female,Danielshire,8/2/2024
U002781,Dawn Edwards,robert62@example.net,Male,Steelestad,1/22/2025
U002782,Catherine Gray,matthewchavez@example.com,Male,Brownburgh,3/9/2024
U002783,Benjamin Walker,benjamin67@example.com,Female,East Michaelstad,3/28/2024
U002784,Jill Mckenzie,leblancmelissa@example.org,Male,West Chadfurt,12/20/2024
U002785,Jenna Owen,jeffmartinez@example.net,Other,Kelseyfort,10/22/2024
U002786,Arthur Hawkins,robertnguyen@example.com,Female,Carrside,3/10/2025
U002787,Melissa Campbell,eric22@example.com,Other,West Amanda,7/8/2025
U002788,James Jones,eyoung@example.com,Female,Bobland,7/26/2025
U002789,Monica Gentry,dominguezomar@example.com,Other,West Kristinbury,7/26/2025
U002790,Riley Reyes,bakersarah@example.org,Male,Port Curtisshire,4/2/2025
U002791,Christina Gross,rhuber@example.net,Male,West Jessica,7/4/2025
U002792,Andrea Waters,bryan03@example.com,Other,West Christopherland,10/6/2024
U002793,Daniel Hodge,collinsstacy@example.com,Female,Lake Janeburgh,12/18/2024
U002794,Darrell Russo,collinsshannon@example.net,Female,Robertshire,8/3/2024
U002795,Laura Roman,schavez@example.net,Other,Roseland,5/24/2025
U002796,Dan Pacheco,kathryn64@example.com,Other,Martinezberg,1/15/2024
U002797,Doris Kennedy,krystal74@example.org,Male,East Michaela,11/9/2024
U002798,Joseph Montgomery,osmith@example.org,Male,Lake Jeremyport,10/3/2025
U002799,Lisa Sullivan,chad60@example.org,Other,South Katherine,3/1/2024
U002800,Jesus Jones,baileysara@example.com,Other,North Gina,11/4/2024
U002801,Anthony Ferguson,sschneider@example.com,Female,East Marcfurt,1/25/2024
U002802,Sarah Smith,scott86@example.com,Female,Nancyfurt,1/26/2024
U002803,Daisy Velasquez,william81@example.com,Other,Lake Johnville,6/14/2025
U002804,Brian Mcclain,esmith@example.com,Female,Herringbury,1/18/2024
U002805,Lawrence Solomon,lisacabrera@example.org,Male,Roseville,3/23/2025
U002806,Charles Rodriguez,ccollier@example.com,Female,East Sandraview,9/29/2025
U002807,Christopher Bonilla,matthew96@example.com,Other,Jeremybury,7/15/2024
U002808,April Alvarado,vmercer@example.com,Male,East Ashley,3/31/2025
U002809,Kimberly Johnson,jessicaward@example.org,Male,West Christinashire,3/15/2024
U002810,Paul Powell,jason61@example.net,Male,Hollandmouth,2/3/2025
U002811,Virginia Robinson,kathryn24@example.net,Female,Robbinsberg,6/9/2024
U002812,James Francis,megan65@example.net,Female,Port Christy,9/27/2025
U002813,Donna Hughes,qbeck@example.net,Male,East Joshuaborough,8/15/2025
U002814,Patricia Olson,calexander@example.com,Male,West Michaelville,6/25/2025
U002815,Jeremy Flores,davidlove@example.com,Female,West Angel,11/22/2024
U002816,Briana Salazar,karen64@example.com,Female,Port Brittany,4/22/2025
U002817,Seth Garcia,elaine55@example.com,Male,Port Morganbury,4/19/2025
U002818,David Dominguez,ramseyvalerie@example.com,Female,West Marco,6/20/2024
U002819,Melissa Brown,howellglenn@example.org,Female,North Elizabethville,2/17/2025
U002820,Kara Miller,roger61@example.net,Female,Leeview,4/1/2025
U002821,Tammy Burgess,taylorchristopher@example.org,Female,North Emilyside,6/22/2025
U002822,Diana Lee,elizabeth69@example.net,Other,Port Erinside,12/16/2024
U002823,Timothy Gonzalez,charlesbaker@example.com,Other,South Ericamouth,8/6/2025
U002824,John Braun,tara61@example.net,Other,East Vanessa,10/10/2025
U002825,Alyssa Taylor,andrewlewis@example.org,Male,Shortville,6/12/2025
U002826,Bryan Soto,mariamoore@example.com,Female,Kathychester,11/24/2024
U002827,Rodney Lopez,gutierrezsteven@example.com,Other,Port Johnbury,2/19/2025
U002828,Elizabeth Marquez,donnamadden@example.org,Female,Lake Linda,6/18/2025
U002829,Rhonda Thompson,stevengreen@example.net,Other,Meganburgh,7/4/2025
U002830,Lawrence Meadows,qgill@example.com,Male,Kathleenbury,10/2/2025
U002831,Julie Patterson,hhunter@example.org,Male,Kristabury,7/2/2025
U002832,Ronald Johnson,floresvictor@example.org,Other,Loganstad,5/31/2024
U002833,Donna Benson,khale@example.com,Male,Hickmanton,2/10/2025
U002834,Michael Garcia,alfredblair@example.com,Female,South Gary,4/27/2024
U002835,Olivia Levy,nhardy@example.org,Female,West William,10/9/2024
U002836,Laura Thompson,melvin99@example.net,Male,Mcdonaldbury,2/19/2024
U002837,Tara Hogan,carolynhoward@example.com,Female,Kathrynland,5/8/2025
U002838,Dawn Thomas,fadams@example.org,Other,South Emmafurt,1/20/2025
U002839,Stephen Robinson,whernandez@example.com,Other,Royville,10/20/2025
U002840,Michael Peters,jamiejohnson@example.org,Other,West Raymondbury,3/11/2024
U002841,Stacie Lyons,courtneygamble@example.net,Female,New Steven,1/22/2024
U002842,Mary Jackson,williamsthomas@example.net,Other,North George,10/19/2025
U002843,Jennifer Jarvis,amy22@example.org,Male,Andersonland,10/28/2024
U002844,Megan Pierce,amyking@example.net,Other,South Evelynburgh,2/26/2025
U002845,Helen Gill,crystalnguyen@example.org,Female,Michaelland,12/1/2024
U002846,Andrew Krueger,johnsondanny@example.com,Female,Jenniferberg,4/13/2025
U002847,Gerald Vaughn,clarkalex@example.com,Other,East John,10/20/2024
U002848,Julie Rice,thorntonjames@example.com,Male,Port Danielle,1/27/2024
U002849,Stephen Roman,hooperkatrina@example.org,Male,Port Catherinechester,5/15/2024
U002850,Jeffrey Henderson,jsalazar@example.com,Male,Albertborough,4/30/2025
U002851,Jonathan Ramirez,caleb06@example.org,Female,Myersshire,8/9/2025
U002852,Anthony Payne,kristina58@example.org,Male,West Jessicaville,11/13/2024
U002853,Kevin Carpenter,kgreer@example.net,Female,New Davidville,12/1/2024
U002854,Adam Meyers,tgilbert@example.com,Other,Lake Jenniferborough,3/22/2024
U002855,Mary Erickson,ernest32@example.org,Other,West Wesleyside,3/24/2024
U002856,Stephen Wallace,jimmy40@example.net,Female,Tylerfurt,5/12/2024
U002857,Matthew Berg,caitlinwilliams@example.org,Female,North Robinburgh,4/29/2024
U002858,Luis Jennings,stevenpadilla@example.net,Other,South Billy,7/12/2025
U002859,Sean Schmidt,montesandrew@example.com,Other,Lake Katherinefort,2/26/2024
U002860,Amy Jones,margaret22@example.net,Female,West Susan,3/21/2024
U002861,Heather Phillips,caitlyn20@example.com,Other,Annamouth,8/12/2024
U002862,Tyler Lawson,rodriguezjacob@example.com,Other,North Jeanne,8/7/2024
U002863,Taylor Mata,usawyer@example.net,Male,North Wendytown,6/2/2025
U002864,Tiffany Sweeney,cbuck@example.org,Male,Donnaburgh,1/10/2025
U002865,Kimberly Harris,gbrown@example.org,Other,Stephenland,5/4/2024
U002866,William Lane,adrianmcneil@example.com,Other,Peterville,3/29/2024
U002867,Julie Cross,mray@example.org,Male,Garciamouth,5/21/2025
U002868,Savannah Gaines,jasonrhodes@example.net,Other,Nicoleberg,4/21/2025
U002869,Jessica Richmond,ghunt@example.net,Female,Kimberlyshire,12/17/2024
U002870,Heather Williams,newmanthomas@example.com,Other,Christinaport,11/15/2024
U002871,Larry Sutton,molly44@example.org,Other,South Richardburgh,6/18/2025
U002872,Derek Bowman,justin34@example.com,Female,Victoriaville,5/23/2025
U002873,Anthony Mcbride,john98@example.org,Male,Stephanieshire,4/16/2025
U002874,Steven Obrien,ucox@example.com,Other,Lake Tyler,5/21/2025
U002875,Valerie Arnold,twoods@example.org,Male,Ericafort,10/11/2024
U002876,Heather Brown,gpearson@example.net,Male,Owensfurt,7/29/2025
U002877,Samantha Walsh,lesliejohnson@example.net,Other,South Williamborough,3/5/2024
U002878,Eric Lee,justin33@example.com,Other,Davidside,9/22/2024
U002879,Katie Luna,christopherkey@example.org,Male,Edwardsburgh,8/15/2024
U002880,Lawrence Lambert,lisa49@example.com,Other,West Brooke,11/9/2024
U002881,Donald Anderson,timothy14@example.com,Other,Oliviashire,2/6/2024
U002882,Michael Richardson,chatfield@example.org,Male,North Robertfort,6/15/2024
U002883,James Mccann,sharon59@example.com,Male,Lloydville,6/21/2024
U002884,Daniel Elliott,fryedylan@example.net,Female,Port Roberttown,6/7/2025
U002885,Richard Escobar,mistyescobar@example.net,Other,Lake Jennifer,10/26/2024
U002886,Paul Campbell,john04@example.com,Female,Mariomouth,1/19/2024
U002887,Brent Montes,janicepatterson@example.com,Male,Freemanside,2/1/2025
U002888,Emily Livingston,jessetaylor@example.com,Other,New Jennifer,2/18/2025
U002889,Erika Jenkins,stoneheather@example.org,Male,Cunninghamberg,2/12/2024
U002890,Roger Hickman,whitegina@example.org,Other,New Seanmouth,10/10/2025
U002891,Richard Ellis,reynoldssheena@example.com,Other,Lake Carlosmouth,4/7/2025
U002892,Gerald Brown,johnnycarr@example.com,Female,Greeneburgh,4/8/2025
U002893,Patrick Chandler,ginafischer@example.org,Male,Lake Caitlynshire,9/16/2025
U002894,Krista Lynch,smithmatthew@example.org,Other,Millerburgh,9/21/2025
U002895,Bobby Brown,nicoledixon@example.net,Female,Wallaceview,9/21/2025
U002896,Kimberly Stewart,travis88@example.com,Male,New Sarah,5/4/2024
U002897,James Moore,choitina@example.org,Female,Cherryside,2/12/2024
U002898,Kelly Perry,ldiaz@example.com,Male,Lake Nicole,2/6/2024
U002899,Alexander Bradley,lucasolivia@example.com,Other,Mooreview,12/1/2024
U002900,Yvonne Thompson,jrobinson@example.com,Female,Taylorside,9/19/2025
U002901,Jose Alexander,robert77@example.com,Female,South Christopherhaven,9/11/2025
U002902,Shawn Morse,eric80@example.net,Other,New Laura,12/8/2024
U002903,Richard Ball,cscott@example.org,Male,West Jamesfort,4/10/2024
U002904,Zachary Coleman,paul68@example.net,Other,Port Jamesfurt,2/20/2024
U002905,Yvonne Montes,cynthia27@example.net,Female,North Nicole,9/15/2024
U002906,Wendy Anderson,john54@example.org,Other,Connerland,6/4/2025
U002907,Christopher Jensen,angela87@example.org,Female,South Aaronhaven,1/29/2025
U002908,Gina Tucker,richardsonbenjamin@example.com,Other,Lake Stacyfort,6/17/2025
U002909,Brian Perez,lproctor@example.com,Male,Harpermouth,7/19/2025
U002910,Deborah Carter,santiagomark@example.org,Female,North Sarashire,4/23/2025
U002911,Brett Harrison,crawfordjillian@example.org,Female,North Nathan,9/24/2025
U002912,Elizabeth Cunningham,ginaconrad@example.org,Male,North Christopher,4/11/2024
U002913,George Santana,ndiaz@example.net,Other,Adamsmouth,11/7/2025
U002914,Desiree Dalton,danielle96@example.com,Male,Goodmanview,4/6/2025
U002915,Gary Hernandez,elizabeth20@example.com,Other,South Justinstad,7/22/2025
U002916,Jason Carter,christopher33@example.com,Male,Port Sean,6/16/2025
U002917,Karen Figueroa,awang@example.net,Male,Matthewland,10/16/2024
U002918,Stephen George,marshabigail@example.net,Female,Blackland,7/6/2025
U002919,Brianna Johnson,vjackson@example.org,Female,Seanview,7/7/2024
U002920,Annette Lane,qclark@example.com,Other,West Dustin,8/14/2024
U002921,Brittany Davis,davissydney@example.net,Male,Laurenland,10/28/2024
U002922,John Byrd,candace21@example.org,Other,Margaretchester,10/20/2025
U002923,Elizabeth Williams,mcummings@example.net,Male,Heatherside,3/21/2024
U002924,Katherine Dyer,dianebarnes@example.org,Male,Christinafort,1/6/2024
U002925,Dennis Rogers,kenneth29@example.net,Female,Morseside,3/29/2025
U002926,Jennifer Thomas,nashlinda@example.com,Male,Chelseaside,8/14/2025
U002927,Kevin Smith,brandywalls@example.org,Female,Griffithview,7/10/2024
U002928,Valerie Hobbs,bakerchristian@example.org,Female,Rogerston,4/11/2025
U002929,Maurice Thomas,rodneylin@example.com,Male,Lawrenceside,7/7/2025
U002930,Shelia Rivera,mark47@example.com,Male,East Joshuaville,12/24/2024
U002931,Sara Taylor,robertzamora@example.org,Other,Sydneychester,9/19/2025
U002932,Shawn Alvarado,travisbonnie@example.com,Other,Huanghaven,5/4/2024
U002933,Daniel Pittman,kristin79@example.org,Other,Higginsstad,2/16/2025
U002934,Samantha Jones,jacquelineallen@example.org,Female,Johnsonchester,10/5/2024
U002935,Johnny Johnson,tammy16@example.org,Female,Lake David,8/17/2024
U002936,Kevin Wright,maryhorne@example.org,Female,Joneschester,3/10/2025
U002937,Fernando Evans,robert11@example.org,Female,East Amytown,3/10/2025
U002938,Melanie Grant,zryan@example.org,Female,Butlermouth,12/2/2024
U002939,Kent Dean,snguyen@example.org,Female,East Courtneyside,4/21/2025
U002940,Gregory Taylor,robinmills@example.net,Male,Reynoldston,4/10/2025
U002941,Leslie Farley,peter98@example.com,Other,New Walter,9/15/2025
U002942,Heather Patel,shane05@example.org,Other,East Christianbury,4/16/2024
U002943,Gary Jensen,udavis@example.org,Other,Lake Erik,7/28/2025
U002944,Michelle Duffy,ibaird@example.com,Male,Gardnerberg,1/12/2024
U002945,Amber Alvarado,jacob28@example.com,Other,Jarvisbury,10/19/2024
U002946,William Durham,rhoffman@example.com,Female,Lake Adrianburgh,4/12/2024
U002947,Jeremy Walker,lisa57@example.org,Male,Pamelaburgh,3/31/2025
U002948,Debra Trevino,tporter@example.org,Male,West Markmouth,5/11/2024
U002949,Janice Harrison,davidkimberly@example.org,Other,East Andrea,12/29/2024
U002950,Lisa Livingston,collinsfrank@example.com,Female,Port Jessicaberg,7/12/2025
U002951,Matthew Odonnell,tinaflynn@example.com,Other,West Damonchester,8/14/2024
U002952,Angela Nash,wardbrandy@example.net,Male,Ricardomouth,11/22/2024
U002953,Peter Buchanan,norman04@example.com,Other,Juliechester,6/8/2024
U002954,Jeremy Lopez,cindyjones@example.net,Male,West Amy,12/7/2024
U002955,Amanda Hardin,qjohnson@example.com,Male,East Erica,8/13/2024
U002956,Lawrence Pittman,susan64@example.org,Male,Gutierrezside,6/28/2024
U002957,Jamie Miller,perezstephanie@example.net,Female,Lake Davidhaven,2/10/2025
U002958,Michelle Bennett,johncoleman@example.net,Female,West Patriciaside,12/7/2024
U002959,Charles Fernandez,pottsmichael@example.org,Other,South Joshua,6/14/2025
U002960,Mark Ellis,cynthiacole@example.org,Other,Jonesmouth,7/6/2025
U002961,Michael Reynolds,steven94@example.com,Other,Petersonmouth,9/25/2025
U002962,Nathan Richardson,mario36@example.org,Female,South Dannyhaven,2/22/2025
U002963,Pamela Larsen,hansenclaudia@example.org,Other,Davidstad,9/6/2024
U002964,Sarah Dunlap,kimberlyjones@example.net,Female,Coleland,4/8/2024
U002965,Jenna Davis,travis45@example.org,Male,Port Jamesberg,2/21/2025
U002966,Paul Dean,steven08@example.net,Male,West Stephanie,11/19/2024
U002967,Jessica Vega,geraldpineda@example.org,Female,Natalieport,5/8/2024
U002968,Jacqueline Aguilar,phall@example.org,Female,Christopherland,1/7/2024
U002969,Rachel Ward,michaelarmstrong@example.net,Male,Lake Anthonyfort,7/16/2025
U002970,Johnny Taylor,rebeccanguyen@example.com,Female,North Angelaland,2/19/2025
U002971,Kimberly Harris,joyce34@example.net,Male,Thomasborough,10/15/2025
U002972,Katie Hanson,patriciapatterson@example.com,Other,East Tristanport,5/26/2024
U002973,Darren Wilson,mejiachristine@example.net,Male,New Christopher,7/14/2025
U002974,Christopher Vargas,ann29@example.net,Male,New Amyhaven,6/2/2024
U002975,Beth Byrd,lisa23@example.org,Other,Lake Barbarashire,5/1/2025
U002976,Eric Lambert,manuelbrandt@example.net,Female,North Scott,1/25/2024
U002977,Kathleen Ibarra,tburns@example.net,Other,South Christopherborough,4/13/2024
U002978,Rachel Davis,barronlaura@example.com,Male,Austintown,4/17/2025
U002979,Jennifer Harrington,hinesvalerie@example.com,Male,Brittanychester,3/17/2024
U002980,Trevor Scott,wcarrillo@example.org,Male,Chavezberg,1/20/2024
U002981,Michele Stevens,charlesbennett@example.net,Male,North Preston,9/1/2024
U002982,Eileen Moyer,davisteresa@example.net,Male,West Kayleemouth,7/25/2025
U002983,Tasha Finley,nheath@example.org,Other,Rossmouth,10/29/2025
U002984,Michael Lawson,zsloan@example.com,Male,Port Jennifer,1/16/2024
U002985,John Vaughn,johnsondaniel@example.net,Female,Alexandratown,11/5/2025
U002986,Bethany Delacruz,hillbrandon@example.com,Other,East Ian,6/18/2025
U002987,Megan Lloyd,imorgan@example.com,Other,Justinside,7/22/2024
U002988,Andrea Dean,johnrogers@example.net,Other,Port Beckyburgh,4/19/2025
U002989,Melissa Nguyen,ginapierce@example.com,Male,Michaelville,4/7/2024
U002990,Kayla Shannon,nharrington@example.com,Male,Port Karen,5/24/2024
U002991,Amy Stout,kgonzalez@example.net,Other,East Stephanie,10/20/2024
U002992,Antonio Neal,xscott@example.net,Male,Robertview,12/29/2024
U002993,Joann Acevedo,corey37@example.org,Female,North Richard,12/19/2024
U002994,Mason Zamora,ccastillo@example.org,Female,Michaelport,3/13/2024
U002995,Dale Curry,johnny15@example.com,Male,New Daniel,1/4/2024
U002996,Jason Gray,jonesamber@example.org,Other,West Paultown,8/1/2024
U002997,Natalie Jones,reginaldgoodman@example.com,Male,Matthewview,8/11/2025
U002998,Michael Scott,pmason@example.com,Male,Sarabury,9/16/2024
U002999,Christopher Adams,gonzaleznatalie@example.net,Male,Crystalmouth,12/7/2024
U003000,Matthew Knight,bfrench@example.org,Other,North Melissa,7/11/2024
U003001,Stephanie Schneider,edwinrowe@example.org,Female,Marshfort,3/4/2024
U003002,Gloria Vaughn,zmanning@example.org,Male,Yatesbury,9/12/2025
U003003,Dominique Baxter,mary70@example.net,Other,West Anthony,12/31/2024
U003004,Ashley Russell,antonio11@example.org,Other,Laraview,5/4/2025
U003005,Karen Valentine,joshuarose@example.com,Female,Jacobfort,8/8/2025
U003006,Austin Vazquez,lisareilly@example.com,Other,Nancyville,7/10/2025
U003007,Howard Blevins,justin66@example.net,Other,Kellyland,7/27/2024
U003008,Karen Alvarez,megan27@example.com,Other,New Alan,11/1/2025
U003009,Robert Conrad,wongsean@example.com,Female,Stevenport,1/9/2024
U003010,Luis White,emily63@example.net,Male,Port Francis,4/21/2025
U003011,Jessica Obrien,mcdanielfrances@example.org,Female,North Seanmouth,7/9/2024
U003012,Sonya Martinez,daisy57@example.com,Male,Lake Joannaton,1/15/2025
U003013,Morgan Osborne,anita14@example.org,Other,West Jennifer,8/8/2025
U003014,Kristin Eaton,daniellewebb@example.net,Other,Marquezfurt,6/13/2025
U003015,Audrey Peters,brandontaylor@example.com,Male,Hillmouth,3/26/2025
U003016,Thomas Clayton,zachary21@example.net,Female,Moyerhaven,10/12/2025
U003017,Joshua Randolph,freemanbarbara@example.org,Female,Wilsonport,6/24/2025
U003018,Jonathan Reyes,faulkneryvonne@example.net,Female,North Katherine,9/30/2025
U003019,Lauren Thompson,morgan73@example.net,Male,Taraburgh,11/8/2024
U003020,Zoe Caldwell,anita77@example.org,Other,South Annville,6/13/2024
U003021,Matthew Thompson,moorekaren@example.net,Other,New Tanyaburgh,3/8/2025
U003022,Ashley Richards,awade@example.net,Other,East Amberstad,10/4/2024
U003023,Megan Dunn,marialucas@example.com,Male,Brownport,9/14/2025
U003024,Marcia Moreno,mackaaron@example.org,Other,Lake Victoria,10/2/2024
U003025,Marilyn Curry,griffinlisa@example.com,Other,New Crystalchester,11/19/2024
U003026,Janet Hamilton,frankjimenez@example.net,Female,New Tamarahaven,9/20/2025
U003027,William Wheeler,tvasquez@example.net,Other,Grimesburgh,6/9/2024
U003028,Michael Phelps,emily45@example.com,Female,Scottchester,2/25/2025
U003029,Michael Hill,waynegriffin@example.net,Male,Tyroneshire,11/18/2024
U003030,Michele Drake,kyleduran@example.org,Female,East Samuelburgh,8/27/2024
U003031,Victoria Perez,davidpaul@example.net,Other,Michaelstad,9/28/2024
U003032,Jeffrey Smith,duartesteven@example.com,Other,Lake Patrickmouth,10/13/2025
U003033,Zachary Thomas,josephross@example.com,Female,Davidmouth,2/29/2024
U003034,James Wolf,brownlauren@example.org,Other,Cummingschester,4/29/2025
U003035,Jason Taylor,qhall@example.org,Female,New Sherry,2/14/2025
U003036,Erik Potts,stevenwoodard@example.org,Other,Craigburgh,4/21/2025
U003037,Bethany Garcia,lisalove@example.net,Female,North Amyshire,8/18/2024
U003038,Diana King,harrissean@example.com,Female,East Jesus,8/1/2024
U003039,Felicia Chen,amandarichardson@example.net,Male,East Michaelfort,6/4/2025
U003040,Connie Smith,grobinson@example.net,Female,Karenville,9/1/2025
U003041,Robert Hopkins,englishdenise@example.com,Female,Mikestad,11/22/2024
U003042,Jessica Vazquez,richardsonelizabeth@example.net,Male,South Christine,7/29/2024
U003043,Keith Morris,crystalcole@example.net,Other,Boydstad,4/17/2024
U003044,Jose Nixon,cynthiaarmstrong@example.org,Female,Austinmouth,2/25/2025
U003045,Erica Holmes,ericamiller@example.com,Male,East Frederickhaven,9/16/2025
U003046,Bonnie Craig,alexander66@example.net,Male,Littleton,9/12/2024
U003047,Stephen Mooney,fbutler@example.com,Female,Wrightside,10/2/2024
U003048,Jennifer Davis,hallmatthew@example.com,Other,Port Terry,2/3/2025
U003049,Dakota Gomez,rallen@example.com,Male,Jamiechester,4/25/2024
U003050,Cassandra Gilbert,adrian89@example.com,Female,Kristinport,6/4/2024
U003051,Ryan Bates,james70@example.net,Male,Robinsonton,10/10/2024
U003052,Melissa Smith,jillduffy@example.org,Other,Powersbury,4/12/2024
U003053,Teresa Bell,ddouglas@example.org,Female,East Stacey,4/12/2025
U003054,Samantha Hayes,carmenjones@example.net,Female,Smithville,5/19/2024
U003055,Arthur Smith,ufoster@example.org,Other,Clarkberg,1/31/2025
U003056,Kevin Campos,elizabethpalmer@example.net,Other,Crystalview,10/9/2024
U003057,Victoria Norton,greenetyler@example.com,Male,Rosestad,3/3/2024
U003058,Anita Smith,karen34@example.com,Female,Aliport,3/12/2025
U003059,Tristan Lewis,ambertate@example.org,Male,Davidshire,6/23/2024
U003060,Martin Kim,transcott@example.com,Female,Ramosshire,1/21/2024
U003061,Karen Shaw,qhill@example.com,Male,New Lorihaven,12/27/2024
U003062,Jason Williams,juliebrown@example.org,Female,New Michelleshire,8/6/2024
U003063,Peter Long,josephwalker@example.org,Other,Johnfurt,7/20/2025
U003064,Gregory Rodriguez,parkspaul@example.org,Male,Brownhaven,2/10/2025
U003065,Jason Parrish,yhowell@example.com,Female,West Brendaton,1/8/2025
U003066,Richard Alexander,ljordan@example.org,Female,South Christopherburgh,5/24/2024
U003067,Matthew Mercer,jessicacabrera@example.com,Male,Tiffanyside,3/20/2024
U003068,Jennifer Dawson,littlerebecca@example.org,Other,Port Mariaville,6/23/2025
U003069,Carrie Lewis,david86@example.net,Other,Smithbury,8/2/2024
U003070,Leslie Smith,jacksonmatthew@example.com,Male,Port April,12/18/2024
U003071,Nancy Johnson,melissacochran@example.com,Male,New Christopherstad,3/13/2024
U003072,Paul Rocha,harpercathy@example.net,Female,East Robinstad,1/17/2025
U003073,Michael Martinez,powersjodi@example.net,Female,Port Sarah,1/25/2024
U003074,Samuel Shaw,ajones@example.net,Other,Lake Larryberg,10/8/2024
U003075,James Martin,andre19@example.com,Other,East Sydneybury,2/12/2025
U003076,Donald Farmer,barbara22@example.org,Other,Blaketon,5/21/2024
U003077,Margaret Woods,wallsthomas@example.com,Male,Paulmouth,10/7/2025
U003078,Adam Ross,vaughnpaula@example.org,Male,Mccormickberg,6/23/2024
U003079,Debra Rangel,xvargas@example.org,Male,Stewartland,5/8/2025
U003080,David Reynolds,weaverrachel@example.net,Other,Port Elizabeth,4/24/2024
U003081,Jerry Frazier,jameswhite@example.com,Other,Carpenterberg,3/17/2025
U003082,Kristin Walker,lisa59@example.com,Other,Port Andrewshire,2/10/2024
U003083,Cynthia Duncan,ddalton@example.com,Other,Anthonyburgh,4/26/2025
U003084,Donald Williams,laurasmith@example.org,Male,Hartmanville,3/1/2024
U003085,Pamela Mack,jonathan60@example.net,Female,Lake Cherylville,10/5/2025
U003086,Linda Arnold,joshuaelliott@example.com,Male,Ashleestad,6/24/2024
U003087,Richard Garza,maria80@example.com,Female,Lake Shirley,1/21/2024
U003088,Raymond Wheeler,gabriellelittle@example.com,Female,South Jonathanview,6/28/2024
U003089,Douglas Montgomery,robertsmichael@example.net,Male,Velezburgh,2/23/2024
U003090,James Juarez,shawn69@example.org,Male,Jamesville,8/4/2024
U003091,Melissa Mitchell,alicemccoy@example.org,Male,Haysfurt,9/24/2024
U003092,Luke Knox,tammyhayden@example.com,Other,New Lindsay,8/31/2025
U003093,Christopher Blake,utaylor@example.net,Male,Grahamborough,10/16/2025
U003094,Alexa Nelson,mwalter@example.net,Other,Webbton,7/29/2024
U003095,Mike Moore,rreese@example.com,Female,East Bryanstad,3/26/2024
U003096,Tyler Anderson,lovedylan@example.org,Male,Harryborough,7/16/2025
U003097,Matthew Newton,smithmanuel@example.net,Other,Carolineland,8/20/2024
U003098,Daniel Sosa,morganedward@example.net,Other,Rebekahbury,11/5/2024
U003099,Katrina Lopez,robertsonnathan@example.com,Other,West Cheyennebury,8/14/2024
U003100,Edward Hernandez,smithchristopher@example.org,Male,Sabrinabury,7/16/2024
U003101,Laura Ramirez,campbellanthony@example.net,Female,Huntview,5/11/2025
U003102,Lauren Gonzalez,eliu@example.net,Male,Lake Morgan,4/20/2025
U003103,Edgar Reilly,jarias@example.org,Other,East Travisshire,1/31/2024
U003104,Rachel Holmes,delgadosusan@example.net,Female,Hernandezport,8/14/2025
U003105,Ricky Holder,rcochran@example.com,Female,Williammouth,4/21/2024
U003106,Kimberly Pitts,robertsaunders@example.com,Female,East Kaitlyn,10/27/2025
U003107,Madison Hernandez,kenneth22@example.net,Female,Jamesville,11/9/2025
U003108,Steven Fox,angelarivera@example.org,Other,Matthewbury,2/16/2024
U003109,Alison Dixon,qmoore@example.com,Other,Kennedyfurt,1/13/2025
U003110,Jeanette Patel,tevans@example.net,Female,Millerberg,9/17/2025
U003111,Thomas Clark,jenniferprice@example.com,Female,North Nathan,2/8/2024
U003112,Derek Anderson,castillokenneth@example.org,Female,Kristyview,5/28/2025
U003113,Cynthia Martinez,brittanycamacho@example.com,Female,Michaelmouth,5/30/2024
U003114,Sarah Lewis,hdavis@example.net,Other,Jeremybury,8/1/2024
U003115,Kristen Cantu,cindywilkinson@example.com,Female,North Anthonyton,8/29/2025
U003116,Latoya Turner,kevin97@example.com,Female,Lisachester,5/25/2025
U003117,Jessica Mills,masseythomas@example.com,Male,Lake Wendyberg,3/4/2025
U003118,Ashley Hernandez,jeff63@example.net,Other,South Rebecca,3/20/2024
U003119,Brandon Gillespie,davidjackson@example.org,Female,Josephton,2/3/2025
U003120,Scott Roberts,ginahooper@example.net,Female,Port Randy,9/27/2025
U003121,Steve Sharp,dscott@example.org,Male,South Paul,11/12/2024
U003122,Tina Gomez,smithtammy@example.com,Female,East Melissa,8/10/2025
U003123,Eric Grimes,kristinnewman@example.org,Female,New Mariaborough,1/10/2025
U003124,Wesley Grimes,timothytyler@example.com,Female,South Jose,8/10/2025
U003125,Carol Gonzalez,escobarjennifer@example.com,Male,Hudsonton,6/24/2025
U003126,Richard Levy,clayamy@example.org,Other,East Jamesview,9/7/2025
U003127,Matthew Shepherd,beth81@example.org,Male,Tinachester,5/20/2024
U003128,Eric Green,johnsonpaul@example.org,Other,Grantland,8/28/2024
U003129,Jasmine Parker,kristinaking@example.net,Male,North Hannahmouth,11/20/2024
U003130,Sara Rojas,ashley42@example.org,Male,South Audrey,1/31/2025
U003131,Dan Hines,slee@example.com,Female,Barbaraburgh,5/14/2024
U003132,Steven Stone,kfreeman@example.org,Other,Kristinachester,11/30/2024
U003133,Martha Parker,mscott@example.org,Other,Jeffreyside,2/19/2024
U003134,Amy Stephens,harold72@example.org,Other,New Catherine,1/17/2024
U003135,Tracy Sullivan,michelle01@example.org,Other,East Chelseamouth,4/9/2025
U003136,Tammy Parker,karagutierrez@example.com,Female,Montgomeryland,7/29/2024
U003137,Brenda Smith,shieldsalicia@example.com,Female,Port Sarahview,6/27/2024
U003138,Jane Smith,cooperrebecca@example.org,Male,South Shawnshire,7/18/2025
U003139,Elizabeth Hughes,tiffanysilva@example.com,Male,North Laurenborough,9/17/2024
U003140,Ryan Walker,brianhicks@example.com,Female,Pollardview,11/9/2024
U003141,Christine Harrison,michael79@example.org,Male,Port Nancy,9/15/2025
U003142,David Maldonado,erica17@example.net,Female,Harrisburgh,11/15/2024
U003143,Melissa Smith,aromero@example.net,Other,Websterton,5/14/2025
U003144,Alexandra Nunez,edowns@example.net,Male,Mariaborough,9/26/2025
U003145,Robert Nelson,ywilliams@example.org,Female,South Randall,11/10/2025
U003146,Roger Pham,brooke45@example.net,Other,Riosfurt,12/3/2024
U003147,Jonathon Aguilar,teresa15@example.com,Other,West Melissa,9/20/2024
U003148,Michelle Holland,jonhampton@example.org,Other,Simpsontown,9/12/2025
U003149,Joshua Decker,oedwards@example.net,Female,Marvintown,1/17/2025
U003150,Linda Bailey,mejiatimothy@example.org,Female,Jeromeborough,6/11/2024
U003151,Amanda Buckley,jacoblawson@example.org,Female,Burkeport,5/15/2024
U003152,Alicia Horton,lisa07@example.org,Other,Clarkview,10/29/2025
U003153,Aaron Hobbs,gregorymayo@example.com,Other,West Daleberg,2/29/2024
U003154,Zachary Booth,bwelch@example.org,Other,West Sandra,10/5/2024
U003155,Deborah Adams,vshields@example.org,Female,East Melissa,11/15/2024
U003156,Rebecca Gonzalez,vbaker@example.net,Female,Port Brian,10/12/2025
U003157,Barbara Meyers,brownchristopher@example.org,Male,Grahamfort,10/15/2025
U003158,Daniel Russo,danny48@example.com,Other,Alvarezfort,7/4/2025
U003159,James Young,simmonsjoseph@example.org,Female,Sergiostad,5/18/2024
U003160,Stacey Rice,melissajohnson@example.com,Male,South Anthony,7/3/2024
U003161,Anthony Powell,wcook@example.com,Male,South Christopherside,6/4/2025
U003162,David Moore,johnhiggins@example.org,Other,New Daniel,4/10/2025
U003163,Steven Cox,susan13@example.org,Other,Jenkinshaven,5/8/2024
U003164,Matthew Steele,burnscarl@example.org,Female,Kirkstad,10/31/2024
U003165,Anthony Simmons,crawfordtammy@example.net,Male,Port Amanda,3/22/2024
U003166,Scott Cross,lindaperez@example.net,Other,Stevenchester,3/17/2025
U003167,Mark Mitchell,parrishnatalie@example.net,Other,South Jack,9/27/2025
U003168,Alejandro Wilson,gspencer@example.org,Male,Laraview,2/9/2024
U003169,Stacy Patterson,julie84@example.com,Other,Pamelaside,6/17/2024
U003170,Ashley Stewart,andrewforbes@example.net,Male,South Conniestad,1/19/2025
U003171,Megan Summers,rodneyweber@example.org,Male,Lake Michaelborough,10/25/2024
U003172,Deborah Nolan,ojames@example.org,Other,East Michael,7/24/2025
U003173,Michael Costa,anthonyharper@example.net,Male,Port Michaelton,10/21/2025
U003174,Felicia Clark,anthonythomas@example.net,Male,Jasonside,7/4/2025
U003175,Mark Johnson,jamesbeck@example.net,Female,Lake Benjamin,10/29/2025
U003176,Melissa Mahoney,lindseybrown@example.net,Male,Port Heathershire,11/12/2025
U003177,Tammy Blankenship,kenneth47@example.org,Other,Scottfort,6/11/2024
U003178,Nicole Matthews,josephmoran@example.net,Male,Joelville,2/14/2025
U003179,Christopher Moore,michelelopez@example.net,Male,South Sarah,9/13/2024
U003180,Brenda Parrish,gordonjack@example.com,Other,Deborahchester,8/5/2025
U003181,Krista Stanley,rogersmatthew@example.org,Male,North Sharon,6/13/2025
U003182,Rodney Acosta,megan48@example.com,Male,Garciamouth,3/25/2024
U003183,Jeanette Phillips,brenda15@example.net,Male,New Ashleyview,1/11/2024
U003184,Jennifer Williams,anthony69@example.com,Other,Kristenborough,7/16/2024
U003185,Marvin Dixon,romerojennifer@example.net,Female,South Samuel,9/8/2024
U003186,Sergio Huff,rpeck@example.com,Female,West Justin,8/13/2024
U003187,David Robertson,melissadoyle@example.org,Male,Carlsonton,4/29/2025
U003188,Bryan Mitchell,patricia94@example.net,Other,Ashleychester,1/12/2024
U003189,Joseph Cortez,grahamdavid@example.net,Other,Kristinfort,11/11/2024
U003190,Mark Willis,rachel27@example.com,Other,Bakertown,3/21/2024
U003191,David Moore,travisfrazier@example.com,Other,Jamesland,9/13/2024
U003192,Lisa Fry,joshuacrawford@example.net,Female,North Matthewstad,10/6/2025
U003193,John Roberts,cindy55@example.com,Other,North Roger,8/18/2024
U003194,Tara Lewis,laura76@example.com,Female,New Loristad,1/16/2025
U003195,Kevin Lara,johnsonrobert@example.net,Male,West Jamesfort,6/2/2025
U003196,Renee Becker,katie19@example.com,Male,East Peter,3/1/2024
U003197,Brandon Hurley,monicabarnett@example.com,Other,New Barbarahaven,9/19/2024
U003198,Amy Lucas,pettyarthur@example.com,Other,New Christian,11/3/2025
U003199,Maureen Thompson,richardwilliams@example.net,Female,Lake Erica,3/14/2024
U003200,Jay Duncan,vincentwilliams@example.org,Male,New Ann,6/11/2024
U003201,Gavin Pena,hansenchristina@example.net,Male,Justinmouth,11/2/2024
U003202,Karen Gutierrez,preynolds@example.net,Other,Nicoleberg,12/21/2024
U003203,Amy Evans,lopezjacob@example.com,Other,Carterview,5/20/2025
U003204,Lisa Parker,scottdeborah@example.org,Female,Port Troy,4/11/2024
U003205,Richard Ramos,april87@example.com,Other,Josephshire,7/15/2025
U003206,Paul Griffin,torresstephanie@example.com,Female,Port Ashley,4/25/2024
U003207,John Patrick,lindsey64@example.net,Male,East Christina,4/25/2025
U003208,Elijah Gray,bradfordsheila@example.com,Other,Kathyshire,1/8/2024
U003209,Robert Ferrell,benjamindavid@example.net,Other,Port Don,9/22/2024
U003210,Dustin Ortega,josephcastro@example.org,Other,North Jeremy,6/18/2025
U003211,Todd Grant,brian61@example.org,Female,Vasquezport,5/22/2024
U003212,Veronica Stuart,dmason@example.com,Male,Markfurt,4/28/2025
U003213,Robin Nguyen,pbates@example.net,Male,Margaretmouth,4/14/2025
U003214,Anna Smith,matthew26@example.net,Male,Pearsonview,12/9/2024
U003215,Shelia Baker,ksexton@example.com,Other,West Robertview,3/13/2025
U003216,Michael Andrade,gregory04@example.org,Male,Lake Williammouth,10/20/2025
U003217,Jennifer Grimes,brentnguyen@example.net,Male,New Tashastad,6/20/2024
U003218,Diane Ballard,gbrooks@example.org,Male,West Natasha,4/3/2025
U003219,Brandon Miller,vanessa22@example.net,Other,Nolanchester,1/9/2025
U003220,Jamie Dickerson,chandavid@example.org,Other,North Richardhaven,4/30/2025
U003221,Chris Colon,johnsonedward@example.net,Female,New Josephmouth,2/25/2025
U003222,Destiny Bass,betty65@example.net,Female,West Melaniefort,9/7/2025
U003223,Henry Jensen,lesliebaird@example.org,Female,West Sheritown,1/13/2024
U003224,Timothy Prince,david06@example.org,Female,New Karenberg,3/5/2025
U003225,Andrea Bryant,linda37@example.org,Male,Yeseniabury,3/15/2024
U003226,Eric Campbell,lynchscott@example.org,Female,East Robertchester,10/23/2025
U003227,Melissa Thompson,richardstrong@example.com,Female,Williamchester,8/28/2024
U003228,John Nguyen,edward72@example.org,Female,South Crystal,6/5/2025
U003229,Brian Gibson,daniel05@example.net,Other,Pierceton,11/19/2024
U003230,Aaron Ford,bartonteresa@example.org,Male,Port Patrickborough,10/18/2024
U003231,Teresa Diaz,autumnhall@example.net,Other,North Crystal,7/8/2025
U003232,Alyssa Gross,tanya65@example.com,Male,South Bonnieborough,9/10/2024
U003233,Daniel Rice,hernandezgregory@example.net,Female,Roberthaven,4/9/2024
U003234,Courtney Sutton,berrydouglas@example.org,Other,Caseyland,6/20/2025
U003235,Kevin Gordon,corey93@example.org,Male,Peterstad,8/8/2024
U003236,Jeffrey Butler,adamolson@example.com,Other,Jameston,5/9/2025
U003237,Lori Yoder,sullivanvicki@example.org,Other,Hickmanton,1/2/2024
U003238,Dwayne Hartman,poolejulie@example.com,Male,North Lorimouth,3/13/2025
U003239,Morgan Jackson,michelleknapp@example.net,Male,Davisside,4/26/2025
U003240,Allison Gibson,wbrooks@example.net,Female,South Stephaniebury,9/12/2024
U003241,Kim Allen,pollardgina@example.net,Female,Patriciashire,10/24/2025
U003242,Nicholas Hammond,johnsantos@example.com,Female,South Karl,2/27/2024
U003243,April Reeves,jennifer06@example.com,Other,Sarahstad,12/7/2024
U003244,Tiffany Cook,sarahrichardson@example.org,Female,Phelpsfurt,7/20/2025
U003245,Adam Green,mollyharrison@example.net,Male,Ronaldburgh,8/14/2025
U003246,Bianca Cardenas,ijohnson@example.net,Other,Frenchland,11/3/2024
U003247,Ryan Valencia,stevensonanthony@example.net,Male,South Mary,3/23/2024
U003248,Carlos Ramirez,olsencarlos@example.com,Other,North Monicaberg,2/5/2025
U003249,Richard Jackson,coopermegan@example.net,Male,Marshallfort,12/7/2024
U003250,Kristen Miller,yanderson@example.net,Male,North Daniel,8/5/2025
U003251,Deborah Mejia,btorres@example.com,Female,Harrismouth,8/17/2024
U003252,Michael Dominguez,mooneylisa@example.org,Female,West Michelleville,10/19/2025
U003253,Micheal Allen,urobles@example.net,Other,West Brady,10/26/2025
U003254,Daniel Owens,natasha86@example.net,Female,Lopezside,12/5/2024
U003255,David Rodriguez,cbaker@example.com,Other,Hayesbury,3/23/2024
U003256,Traci Mcfarland,diamond43@example.net,Male,West Paul,9/12/2024
U003257,Terry Martinez,duane01@example.net,Other,North Heidi,1/30/2025
U003258,Ronald Lane,patrickhenry@example.net,Male,New Robertshire,9/2/2025
U003259,Jason Allen,lewischarles@example.net,Male,Hawkinston,1/28/2025
U003260,Phillip Anderson,pbrooks@example.com,Male,Gregoryburgh,8/7/2024
U003261,Carmen Hill,gking@example.org,Other,East Angelicafurt,2/6/2024
U003262,Elizabeth Gonzalez,david39@example.org,Other,East Beth,2/8/2025
U003263,Deanna Dixon,rebecca03@example.net,Female,Ginamouth,2/26/2024
U003264,Katherine Wong,mark77@example.net,Female,Normanshire,9/12/2024
U003265,Kevin Jones,elizabethlewis@example.net,Male,Jamiebury,2/23/2024
U003266,Heather Jones,troy09@example.org,Male,Mooreview,12/9/2024
U003267,Jessica Lopez,shannon56@example.org,Other,Jamesshire,12/18/2024
U003268,Amanda Wu,zbray@example.net,Female,Markfurt,3/9/2024
U003269,Joseph Schroeder,joseph10@example.net,Other,North Kevinfort,1/26/2025
U003270,Brittany Green,michaelskinner@example.org,Other,North Danielhaven,6/17/2025
U003271,William Wiley,ncarr@example.net,Other,East Susanshire,6/30/2025
U003272,Shane Ashley,allisonhogan@example.net,Male,North Christopherfort,6/16/2024
U003273,Jacob Ellis,fbrown@example.com,Male,Mckenzieburgh,1/26/2024
U003274,Kevin Everett,justin20@example.org,Female,Port Jerryview,9/19/2024
U003275,Cindy Dominguez,elizabethhudson@example.org,Male,Copelandland,6/26/2025
U003276,John Phillips,paul09@example.com,Male,Thomaston,5/28/2025
U003277,Brent Williams,sarafox@example.org,Other,South Belindastad,5/7/2025
U003278,James Anderson,cynthia12@example.org,Male,East Kelly,3/15/2024
U003279,Matthew Jones,whiteheadmatthew@example.com,Other,New Jessicamouth,3/13/2024
U003280,James Craig,umyers@example.org,Female,New Matthew,7/3/2024
U003281,Lauren Jones,uhorton@example.net,Male,South Deborahville,10/5/2025
U003282,Jessica Dunn,padillagregory@example.com,Female,East Christopher,4/1/2025
U003283,Darren Jennings,ernest99@example.com,Male,West Danieltown,2/4/2025
U003284,Javier Palmer,heather69@example.net,Other,New David,5/28/2025
U003285,Robert Moore,poolelori@example.org,Male,South Kevinton,8/7/2025
U003286,Christine Hunter,jacqueline69@example.net,Other,Powellport,4/14/2024
U003287,Hannah Thomas,sheilagreene@example.org,Female,Bryantmouth,1/6/2025
U003288,Stephanie Gentry,sue91@example.com,Other,Port Edward,10/11/2025
U003289,Diamond Stafford,leezachary@example.org,Other,North Michael,3/18/2024
U003290,Amanda Jackson,keithdaniels@example.net,Female,Lake Davidview,7/20/2025
U003291,Sherri Woods,sotoyvette@example.org,Female,East Lawrenceview,9/26/2024
U003292,Amanda Alexander,lithomas@example.org,Other,Kendraborough,4/18/2024
U003293,Cynthia Guerrero,bbowman@example.net,Male,Kentport,3/21/2025
U003294,Amber Walter,itucker@example.org,Other,South Debraburgh,2/5/2024
U003295,Megan Williams,marissahale@example.com,Other,North Haileyfort,6/26/2025
U003296,Duane Yates,melvinwhite@example.com,Male,Nicolechester,10/23/2025
U003297,Elizabeth Schmidt,brittneywashington@example.com,Other,New Andrea,5/24/2025
U003298,Jeffrey Sandoval,lauradixon@example.org,Other,Wongburgh,4/23/2025
U003299,Stephen Curtis,mendozatonya@example.org,Female,Henrybury,6/15/2025
U003300,Robin Mejia,christianmendez@example.com,Male,North Lori,8/28/2024
U003301,Erin Watkins,curtislucas@example.com,Male,Cortezstad,5/11/2025
U003302,Taylor Bond,simpsonnicholas@example.net,Female,Ashleyshire,1/5/2024
U003303,Laura Ross,stephen86@example.net,Male,Martinezland,2/20/2025
U003304,Sarah Cain,charles48@example.com,Male,Joshuaburgh,6/11/2024
U003305,Nathan Cook,gonzalezmeghan@example.org,Female,Lake Markland,4/21/2024
U003306,Cole Gutierrez,daniel10@example.net,Other,Jimenezmouth,8/28/2024
U003307,Jerry Valencia,wperez@example.com,Other,Port Matthewtown,3/14/2024
U003308,Travis Crawford,donaldgreen@example.com,Other,Bridgesmouth,6/21/2024
U003309,Susan Kaiser,nicolemckenzie@example.org,Female,Lake Margaret,8/16/2025
U003310,Zachary Alexander,michaelvalencia@example.net,Female,Harmonmouth,3/17/2024
U003311,Stephanie Wilson,scottstewart@example.net,Male,Sanchezfort,8/23/2025
U003312,Jeff Miller,johntravis@example.org,Other,Martinbury,9/1/2025
U003313,Ryan Wang,emily00@example.org,Female,New Lauriebury,2/6/2024
U003314,Kenneth Crane,byrdsamantha@example.org,Female,New Ericland,4/27/2025
U003315,Andrew Miller,taylorjose@example.com,Female,South Cynthiafort,4/28/2025
U003316,Darlene Chen,katherinecampbell@example.net,Male,Atkinstown,12/30/2024
U003317,David Smith,dawnbeck@example.com,Female,Lake Jamie,5/23/2024
U003318,Dan Jenkins,harrelllinda@example.com,Other,Smithtown,7/27/2024
U003319,Daniel Martinez,michael79@example.com,Female,North Jennifer,3/6/2025
U003320,Yolanda Cohen,erikacarlson@example.com,Female,Fischermouth,6/3/2025
U003321,Christopher Gray,pagelauren@example.net,Male,Espinozamouth,3/30/2024
U003322,Thomas Kim,michelle38@example.com,Other,Douglasberg,12/1/2024
U003323,Catherine Miller,christinaday@example.org,Other,West Williambury,6/24/2025
U003324,Michael Matthews,matthew86@example.net,Other,Lake Jillmouth,1/27/2024
U003325,Jeffrey Wilson,jimenezterri@example.net,Female,Maxwellton,7/20/2025
U003326,Cynthia Rodriguez,gballard@example.com,Male,New Daniel,6/18/2024
U003327,Dana Allen,ccortez@example.com,Other,Margaretborough,11/4/2025
U003328,Brandy West,johnathan63@example.net,Female,Melaniemouth,6/8/2025
U003329,Tiffany Rodgers,saundersjames@example.net,Male,Jacobstad,1/6/2024
U003330,Deborah Ball,emilyadams@example.org,Other,Blakehaven,9/2/2024
U003331,Erica Bryant,dawnmerritt@example.org,Male,Port Saraton,4/29/2025
U003332,Donald Wade,andrew94@example.com,Male,North Kimberlyport,11/7/2024
U003333,Hailey Richardson,amedina@example.com,Female,North Stephanieport,10/2/2024
U003334,Robert Miller,rscott@example.org,Male,Martinezport,1/12/2025
U003335,Stacey Jimenez,anna67@example.org,Female,Port Alexisville,7/24/2024
U003336,Steven Smith,ericford@example.org,Other,Donnabury,12/9/2024
U003337,Anthony Sanchez,mary68@example.net,Other,Sandovalview,6/21/2025
U003338,Lisa Brown,daniellebrown@example.org,Male,Port Stevenhaven,2/14/2025
U003339,Ashley Green,justinjohnson@example.net,Other,North Sarahborough,9/30/2025
U003340,William Saunders,john31@example.com,Female,Hannahstad,2/10/2024
U003341,Kristin Martin,brooke70@example.org,Female,West John,3/7/2024
U003342,Joseph Daniel,michaeljames@example.net,Female,Phillipsmouth,6/3/2025
U003343,Devin Davis,jamiejones@example.com,Male,Danielland,5/23/2024
U003344,Mary Santana,anthonysmith@example.org,Male,Lake Richard,3/18/2024
U003345,Brian Johnson,gregorylevine@example.com,Male,Frankchester,2/2/2025
U003346,Samuel Downs,kaitlindiaz@example.org,Female,Elizabethmouth,6/20/2025
U003347,David Wall,richmondlarry@example.net,Female,Josephberg,6/14/2025
U003348,Jacqueline Ferguson,leonard75@example.net,Female,South Alyssa,10/9/2024
U003349,Colleen Brown,nelsoncheryl@example.net,Female,Tammyburgh,5/7/2025
U003350,Dennis Reed,brittany58@example.org,Male,Lake Jillian,6/30/2025
U003351,Nancy Jackson,rogerssara@example.com,Male,Brandonfort,3/5/2025
U003352,William Willis,xstokes@example.com,Male,Rhondastad,5/4/2025
U003353,Jane Kennedy,solson@example.com,Male,Bakershire,5/3/2024
U003354,Kevin Campbell,williamsalan@example.net,Female,South Kenneth,6/16/2024
U003355,Susan Powers,linda37@example.com,Female,Port Norma,10/24/2024
U003356,Michael Pearson,denise60@example.net,Other,East Davidview,11/13/2025
U003357,Eric Ward,jessica96@example.org,Other,Port Ryanshire,1/17/2024
U003358,Christina Andersen,donaldchen@example.com,Other,Johnsonshire,7/24/2025
U003359,Stephanie Ward,mannkenneth@example.org,Female,Ayalaborough,4/8/2024
U003360,Brian Bryan,john98@example.net,Male,Stacieberg,3/31/2024
U003361,Ashley Moore,ronaldhartman@example.com,Male,Ashleyview,11/10/2024
U003362,Lauren Munoz,jennifer57@example.net,Male,East Shaneborough,8/17/2024
U003363,Trevor Sawyer,scottrodriguez@example.org,Female,Port Dustin,5/11/2025
U003364,Rachel Martin,phillipwade@example.org,Other,Hughesmouth,4/12/2025
U003365,Lisa Page,tiffany46@example.com,Male,Coryburgh,10/6/2024
U003366,Jesse Miller,hannamichael@example.org,Other,New Jennifer,1/12/2025
U003367,Thomas Santos,briana28@example.net,Other,South Kimberly,4/20/2024
U003368,Tracy Norton,jamieclark@example.net,Female,Jaybury,9/7/2025
U003369,Wanda Bryant,jennifermeyer@example.org,Female,Carrilloshire,7/14/2025
U003370,Mallory Cooper,smithnicolas@example.com,Male,Shermanland,5/7/2024
U003371,Patricia Sims,khuber@example.net,Female,Matamouth,6/25/2024
U003372,Tyler Ward,thomas10@example.com,Female,North Ann,5/28/2024
U003373,Cameron Chavez,ortegaashley@example.com,Female,South Cindybury,1/17/2025
U003374,Melissa Conway,haascheryl@example.org,Male,Shellyport,11/15/2024
U003375,Brett Irwin,gabriellechavez@example.com,Other,New Edwardside,12/19/2024
U003376,Aaron Brown,geraldcastro@example.net,Other,Millerburgh,5/4/2025
U003377,David Silva,michael39@example.net,Male,Ashleyton,10/7/2025
U003378,Jason Hess,hshah@example.com,Other,Seantown,3/30/2024
U003379,James Fuentes,bauermichelle@example.net,Other,Sheilamouth,5/15/2024
U003380,Gary Pope,david30@example.org,Male,Palmerside,8/17/2024
U003381,Debra Black,rnguyen@example.net,Other,Stefanietown,10/16/2024
U003382,Bailey Davis,bradley97@example.org,Female,South Robert,2/5/2025
U003383,Phillip Griffin,gmoses@example.net,Male,West Katieberg,7/18/2024
U003384,Laura Ellison,kathy50@example.net,Male,Rebeccaberg,1/27/2024
U003385,Nancy Green,sarahjacobs@example.org,Female,Danielfurt,3/13/2024
U003386,Tanya Alexander,velliott@example.net,Female,Amandamouth,11/3/2024
U003387,Charles Walton,fosterlisa@example.com,Female,Davidsonchester,7/4/2024
U003388,Christopher West,denisecole@example.net,Female,Jayfort,7/17/2024
U003389,Tammy Ramirez,natasharodriguez@example.net,Male,Michaelhaven,2/5/2024
U003390,Sara Green,valeriegonzales@example.org,Male,Scottport,11/13/2025
U003391,Courtney Harris,lhartman@example.com,Male,Port Brendan,1/27/2024
U003392,Kimberly Choi,terrenceclark@example.com,Female,Wilsonstad,10/26/2025
U003393,Timothy Lopez,moorejohn@example.org,Female,Stephenhaven,9/23/2024
U003394,Michael Matthews,jim42@example.com,Female,Jamestown,8/12/2025
U003395,Kristen Dickerson,sabrina83@example.com,Female,Lake Stephanietown,1/31/2025
U003396,Renee Jones,lydiasullivan@example.net,Female,East Brianna,5/18/2024
U003397,Jessica Herrera,zglenn@example.com,Male,Lake Tyroneton,8/9/2024
U003398,Angel Nelson,rgarcia@example.org,Female,Port Sean,10/18/2024
U003399,Kristen Quinn,blairdonna@example.com,Female,Jamesside,11/10/2025
U003400,Donna Walsh,sallen@example.com,Male,Lopezland,10/26/2024
U003401,Patricia Zimmerman,marissa54@example.com,Other,Pattersonhaven,9/12/2025
U003402,Kathleen Ramsey,carlos27@example.net,Other,Nicoleland,4/12/2024
U003403,Jessica Munoz,nthompson@example.net,Female,Ginaburgh,6/20/2024
U003404,Eugene Harris,barbararichards@example.net,Other,North Lee,2/26/2024
U003405,Alexis Hale,lewistara@example.net,Other,West Jenniferhaven,6/21/2025
U003406,Kimberly Barnes,qjones@example.com,Male,Lake Stephaniefurt,6/25/2024
U003407,Kenneth Butler,barbaramcclain@example.com,Female,Mitchellfurt,9/24/2024
U003408,Kristin Contreras,zwalton@example.com,Male,Ballfurt,12/2/2024
U003409,Johnathan Kaufman,hartdavid@example.net,Male,Melissaberg,10/1/2024
U003410,Lance Gilmore,chadcox@example.com,Female,Morenoshire,2/4/2025
U003411,Tony Thomas,kerry42@example.org,Male,South Chaseside,1/16/2025
U003412,Billy Zamora,brookeherrera@example.net,Female,Lake Alicia,9/4/2024
U003413,Joshua Brown,ataylor@example.com,Female,New Benjamin,6/21/2025
U003414,Michelle Scott,leeamy@example.org,Other,East Lori,4/20/2024
U003415,Daniel Rodriguez,elizabeth65@example.com,Female,Matthewfort,9/5/2025
U003416,Dennis Roberts,ashleygarcia@example.org,Female,Jamesmouth,8/6/2024
U003417,Michael Zimmerman,loganpineda@example.net,Female,Lake Walter,10/2/2025
U003418,Christopher Allen,tanya69@example.com,Female,Lake Valerie,5/2/2025
U003419,Amy Shaffer,jennifer86@example.net,Female,Carlosside,7/6/2025
U003420,Mark Fleming,schwartzcarol@example.net,Other,Port Lynnchester,9/23/2025
U003421,Michelle Villa,cynthia62@example.net,Other,South Laurie,3/29/2024
U003422,Amanda Taylor,mary79@example.com,Male,South Timothy,4/12/2025
U003423,Catherine Downs,hessadam@example.net,Female,Liton,5/12/2025
U003424,Wendy Edwards,marylopez@example.net,Female,Mooreberg,4/9/2025
U003425,Michelle Diaz,armstrongcynthia@example.com,Other,Jacksonport,3/25/2024
U003426,Jennifer Butler,edwarddavis@example.com,Other,Russellbury,7/11/2025
U003427,Tricia Gomez,keithdennis@example.com,Male,West John,2/15/2025
U003428,Stephanie Smith,daylee@example.net,Female,Cameronview,1/3/2025
U003429,Bryan Henson,jake50@example.com,Female,Miguelborough,9/3/2025
U003430,John White,wyattdanielle@example.net,Male,Johnsonview,5/19/2025
U003431,Kevin French,johnsonchristine@example.com,Female,Davisside,7/3/2024
U003432,Erica Park,sheilaanderson@example.com,Female,Sotobury,4/28/2024
U003433,Michael Scott,ibrown@example.com,Female,Thomasbury,11/30/2024
U003434,Kyle Mcintosh,taylor12@example.com,Other,Pattersonmouth,8/18/2024
U003435,John Robinson,catherinewhite@example.net,Other,Port Dominicland,9/1/2025
U003436,Sarah Garcia,maria33@example.net,Other,South Ericside,8/24/2024
U003437,Dawn Rivera,patriciaburnett@example.com,Female,East Janet,10/27/2025
U003438,Chad Anderson,walkersamantha@example.net,Other,East Valeriestad,7/23/2025
U003439,Ashley Cobb,steven14@example.org,Male,Port Jodichester,2/14/2025
U003440,Jacob Thompson,ugates@example.net,Female,Carlyton,10/5/2025
U003441,Joshua King,nking@example.com,Female,Kellyborough,1/3/2024
U003442,Kaitlyn Elliott,qchapman@example.org,Female,Lake Kathleen,7/17/2025
U003443,Adrian Brown,fredericksmall@example.com,Female,Robbinsbury,9/23/2025
U003444,Steven Williams,udorsey@example.net,Female,Rodriguezborough,8/6/2024
U003445,Karen Robinson,williamsbradley@example.org,Male,Lewisberg,5/8/2024
U003446,Jessica Coleman,vfrederick@example.com,Other,Woodchester,8/22/2024
U003447,Gabriel Barrett,ppena@example.com,Male,Lindaborough,3/23/2024
U003448,Jennifer Wilkins,deborah68@example.com,Other,West Kennethchester,5/30/2024
U003449,Mason Owens,wharris@example.org,Other,Danielfort,5/17/2025
U003450,Emily Howard,robin65@example.com,Male,North Kristenbury,9/27/2024
U003451,Seth Edwards,ashleyfoster@example.com,Other,Danaland,4/27/2025
U003452,Ernest Arellano,markoconnor@example.com,Other,Timothyshire,1/6/2024
U003453,Mary Gonzalez,jerrysanders@example.org,Male,Chadberg,3/9/2025
U003454,Kurt Brown,ewilliams@example.org,Other,Mooreshire,10/2/2025
U003455,David Harvey,michaeltodd@example.com,Female,New Eric,1/17/2025
U003456,Mike Miller,ashley28@example.com,Other,South Lindashire,2/19/2025
U003457,James Brown,nryan@example.net,Male,Karenfurt,7/8/2025
U003458,Cindy Williams,twagner@example.com,Female,Jordanfurt,11/9/2024
U003459,Kyle Hoffman,anoble@example.net,Female,Jasonchester,9/15/2024
U003460,Natasha Paul,morenomatthew@example.org,Other,Kristinchester,12/11/2024
U003461,Thomas Lopez,jcunningham@example.org,Male,West Seth,4/22/2024
U003462,Tony Chen,jennifer68@example.net,Female,South Susan,7/11/2025
U003463,Joseph Thompson,jonking@example.com,Other,Sanderston,5/12/2025
U003464,Sharon Evans,dmiller@example.com,Female,Jacksonside,8/29/2024
U003465,Joanne Meyer,nbender@example.org,Male,Teresaview,9/21/2024
U003466,Karen Frazier,christopher69@example.net,Other,Robertland,8/31/2025
U003467,Kevin Williams,heatheryoung@example.org,Female,New Anthony,6/6/2024
U003468,Joyce Adams,zrichards@example.org,Male,South Tammy,9/27/2024
U003469,Kristen Welch,davisemily@example.org,Female,Port Anthony,2/16/2025
U003470,Cody Duran,anthonyburton@example.org,Other,West Edwinland,9/20/2024
U003471,John Mckenzie,erikacarter@example.org,Male,North Gary,9/26/2025
U003472,John Dunn,cwebb@example.org,Other,New Michael,2/1/2024
U003473,Melanie Sanchez,utucker@example.com,Female,North Hollyville,1/13/2024
U003474,Danielle Walton,beannicholas@example.com,Female,Port Katherine,3/24/2025
U003475,Melissa Moreno,vickie87@example.org,Male,Robinmouth,10/4/2025
U003476,Trevor Graham,wilsontiffany@example.org,Female,Smithfort,7/13/2024
U003477,Tammy Escobar,brian93@example.net,Other,Port Mollyborough,4/6/2024
U003478,Jennifer May,maryjackson@example.com,Female,North Nicholasborough,7/12/2024
U003479,Heidi Payne,feliciawebster@example.org,Other,Cruzstad,5/1/2024
U003480,Misty Henson,robinsoncorey@example.com,Female,Jessicaburgh,4/10/2024
U003481,Rebecca Lewis,bsnyder@example.org,Other,South Seanville,12/27/2024
U003482,Ryan Leblanc,mdoyle@example.org,Other,West Cody,3/18/2024
U003483,Randy Scott,ryanhall@example.org,Other,East Billy,5/9/2024
U003484,Christopher Jennings,jason04@example.net,Female,West Latoyaland,1/27/2025
U003485,Juan Jones,anthony55@example.org,Other,Warrenburgh,2/20/2025
U003486,Robert Burns,halltyler@example.com,Male,Hayesfort,1/9/2025
U003487,Adam Pena,wendysantos@example.com,Female,Donnaton,2/3/2024
U003488,William Morris,millerraven@example.com,Other,South Danielle,8/20/2024
U003489,John Hardy,annettewilson@example.net,Other,East Alex,11/2/2025
U003490,Karen Brown,jonathansimmons@example.org,Other,Fergusonland,3/14/2024
U003491,Candace Cox,kevinmorales@example.org,Other,Lake Taylorview,8/28/2025
U003492,Thomas Jones,murrayelizabeth@example.com,Male,Sheilamouth,8/8/2025
U003493,Rita Hawkins,crystaldavis@example.com,Male,South Joannatown,1/22/2025
U003494,Kenneth Cohen,amysandoval@example.org,Male,North Coryview,7/29/2024
U003495,Matthew Russell,amarshall@example.org,Other,Davidshire,7/15/2025
U003496,Anthony Webb,kristycole@example.com,Other,Charlesfort,9/29/2024
U003497,Steven Lindsey,nicolewade@example.net,Female,West Janestad,8/18/2025
U003498,Kevin Wagner,scottsandoval@example.com,Male,Lake Eduardo,10/16/2025
U003499,Michael Chapman,amandawarren@example.net,Other,Bowersstad,2/26/2025
U003500,Victor Good,christinewalter@example.org,Other,Lake Jenny,4/29/2025
U003501,Patricia Sims,hollyscott@example.net,Male,New Wesley,4/24/2025
U003502,James Obrien,katie48@example.com,Other,Derekmouth,3/31/2025
U003503,Angela Flores,wflynn@example.org,Other,New Chris,6/18/2024
U003504,Robert Gibson,kristinamoore@example.org,Other,Teresabury,5/16/2025
U003505,Melody Jacobson,dmccoy@example.org,Other,Colemanbury,7/22/2025
U003506,Brian Green,christopherross@example.org,Female,Nicolemouth,7/3/2024
U003507,Morgan Lewis,laurenrice@example.com,Female,East James,5/1/2024
U003508,Justin Adams,lauren14@example.org,Female,Monicaberg,11/10/2024
U003509,Daniel Morgan,kelly95@example.com,Male,Garrettland,2/27/2024
U003510,Amanda Evans,nicholas81@example.com,Male,East Claireville,3/8/2025
U003511,Ricky Goodwin,rachelguerrero@example.com,Male,New Caitlyn,10/31/2025
U003512,Scott King,marcuspearson@example.net,Female,Brooksshire,12/8/2024
U003513,Michael Dickerson,marshalllisa@example.com,Male,Tinaland,7/9/2025
U003514,Jeffrey Ramirez,samanthahurst@example.org,Other,Susanside,6/29/2025
U003515,Mark Gonzalez,johnsonwesley@example.org,Other,Richardport,4/27/2024
U003516,John Mendoza,tcase@example.org,Other,Port Cynthiaview,9/10/2025
U003517,Alexander Fisher,bwilson@example.com,Other,Allenmouth,3/8/2025
U003518,Catherine Ibarra,laurenflynn@example.net,Other,Harperton,9/16/2025
U003519,Albert Jones,samuel59@example.org,Other,North Rachelmouth,9/20/2024
U003520,Jessica Lee,qwilliams@example.org,Other,South Frederick,1/2/2024
U003521,Christine Perry,daniellerodriguez@example.org,Male,New Peterland,9/26/2025
U003522,Jacqueline Kelley,nathanjefferson@example.net,Female,Hinesmouth,6/29/2024
U003523,Jose Johnson,hollandjustin@example.com,Female,Derekfurt,12/11/2024
U003524,Thomas Wilkinson,johnanthony@example.com,Female,Lake Tinashire,1/10/2024
U003525,April House,jodi94@example.com,Female,Donnachester,9/8/2024
U003526,Karen Burns,brittanyjohnson@example.com,Other,Woodsfort,5/25/2024
U003527,Carolyn Nichols,peterhamilton@example.com,Other,Jenniferville,3/27/2025
U003528,Brenda Jacobs,stewartkelsey@example.org,Other,East Matthewchester,1/28/2024
U003529,Nancy Schmidt,ymontgomery@example.com,Other,Port Christinaborough,5/22/2025
U003530,Erica Solomon,fsmith@example.com,Male,Port Georgeton,9/1/2024
U003531,Kelly Price,noahroberson@example.com,Female,New Andrewberg,3/1/2024
U003532,Michael Carter,toni93@example.com,Male,Brooksmouth,8/7/2025
U003533,Joshua Sanchez,lgallagher@example.com,Female,Port Sethchester,4/17/2024
U003534,Sara Ayala,stephen37@example.com,Male,Jessicaberg,9/22/2025
U003535,George Hahn,robert90@example.org,Female,Trujilloburgh,8/13/2024
U003536,Melissa Chapman,christinehart@example.com,Female,Natalieborough,8/5/2025
U003537,Ray Scott,thomaslori@example.net,Male,Josephmouth,6/21/2025
U003538,Ann Malone,ashley12@example.com,Male,South Anne,1/1/2024
U003539,Pamela Walker,chad39@example.com,Other,Thorntonmouth,8/6/2024
U003540,Justin Jones,jenniferadkins@example.org,Male,Brianstad,4/20/2024
U003541,Raymond Sanchez,nicole11@example.net,Female,Foxborough,4/6/2024
U003542,Adrienne Curtis,wendy33@example.net,Female,West Curtisland,11/2/2024
U003543,Linda Trujillo,riddlejames@example.net,Female,North William,11/24/2024
U003544,Juan Rice,john60@example.net,Female,Lake Allen,9/12/2024
U003545,James Walker,simongabrielle@example.org,Male,New Johnchester,2/17/2025
U003546,Tiffany Frederick,yayers@example.com,Other,Allenchester,11/28/2024
U003547,Stephanie Bennett,michael59@example.org,Female,West Rachel,8/21/2024
U003548,Christina Shaffer,james11@example.org,Female,South Claudia,12/10/2024
U003549,Nathan Young,medinajessica@example.org,Female,Lake John,1/27/2025
U003550,Natasha Harris,collinsdiana@example.com,Male,Julietown,3/22/2025
U003551,Douglas Wright,ytaylor@example.com,Female,South Scottville,11/13/2024
U003552,Yvette Francis,kevin87@example.com,Other,North Sarah,8/6/2024
U003553,Robert Mitchell,jessicascott@example.org,Other,Terryshire,9/10/2025
U003554,Brian Aguilar,kimmark@example.com,Female,West Gary,11/6/2024
U003555,Jeremy Salinas,william37@example.com,Female,East Nicholasburgh,1/23/2024
U003556,Alyssa Miranda,vargaspamela@example.net,Male,Mariastad,1/2/2025
U003557,Patrick Hardy,curryisabella@example.com,Female,Maryfurt,10/12/2025
U003558,Kelly Evans,katrina23@example.net,Male,North Jonathanstad,3/25/2025
U003559,Morgan Good,xsimpson@example.com,Other,Tristantown,4/26/2024
U003560,Wayne Harrison,wgeorge@example.org,Male,Lake Kevinmouth,6/22/2025
U003561,Kaitlyn Jensen,rodneythomas@example.net,Male,Rebeccaberg,10/4/2025
U003562,Heidi Brown,elizabeth77@example.net,Female,Port Cynthiabury,9/12/2025
U003563,Melissa Williams,danieldavis@example.net,Other,Alexanderfort,7/3/2024
U003564,David Jennings,cruzjoseph@example.com,Male,Meganfort,2/5/2025
U003565,Deborah Robbins,mistywolf@example.com,Other,Mcdanielhaven,8/24/2024
U003566,Christopher Kelly,hendersonnicole@example.net,Male,West Michaelmouth,8/19/2024
U003567,Mark Houston,amiller@example.com,Other,Tinashire,3/16/2024
U003568,Sarah Allen,richard05@example.net,Male,Leechester,6/12/2024
U003569,Rebecca Robinson,robert32@example.org,Other,Rebeccaland,3/20/2024
U003570,Nathaniel Lawson,watkinschristopher@example.org,Male,Bergermouth,12/15/2024
U003571,Patricia Grant,jriley@example.com,Other,Duncanhaven,8/1/2025
U003572,Veronica Stevenson,armstrongsarah@example.org,Male,Fernandoton,3/5/2025
U003573,Jamie Duncan,henrybailey@example.net,Female,South Johnbury,6/26/2024
U003574,David Webb,twillis@example.org,Other,South Peterville,1/3/2024
U003575,Christopher Petersen,rsanchez@example.net,Female,Port Alexandriastad,5/30/2025
U003576,Paul Fisher,glennsmith@example.org,Female,Robertborough,6/3/2024
U003577,Michael Gibson,soliver@example.org,Male,Laurentown,3/14/2025
U003578,Nichole Massey,robinsonjulie@example.com,Female,North Jeffery,6/30/2025
U003579,Katie Thompson,storres@example.com,Other,Lake Laura,3/28/2024
U003580,Jenny Cobb,jmiller@example.net,Male,North Tammy,3/28/2024
U003581,Amber Mcdaniel,rvincent@example.net,Male,Williamchester,7/25/2025
U003582,Donna Hart,samanthafaulkner@example.org,Other,North Dianaburgh,10/23/2025
U003583,Christian Washington,pachecojason@example.com,Other,Cruzbury,12/9/2024
U003584,Jennifer Jensen,ericlynn@example.com,Female,Matthewborough,9/25/2024
U003585,Gabriella Carr,elizabethburke@example.org,Female,South Michael,5/17/2024
U003586,Haley Wade,kellereric@example.com,Male,Davidmouth,8/24/2024
U003587,Mark Hayes,perkinsmatthew@example.net,Other,North Mike,10/13/2025
U003588,Angela Bryant,martinezmichele@example.com,Other,Edwardport,12/8/2024
U003589,Cassandra Mason,laurengreene@example.net,Male,New Wesley,6/28/2025
U003590,Adam Marquez,david97@example.com,Female,Gutierrezshire,4/25/2024
U003591,Ricardo Miller,scott52@example.net,Other,East Jacqueline,3/2/2024
U003592,Paul Franco,diane90@example.org,Female,Annaview,7/4/2025
U003593,Kenneth Lambert,joy57@example.com,Female,Boyerland,1/31/2025
U003594,John Daniels,vcooper@example.org,Male,Lake Patricialand,5/8/2025
U003595,Brooke Cortez,jrobertson@example.org,Other,Susanshire,4/22/2025
U003596,Patrick Smith,rileyjustin@example.org,Male,Johnsonfurt,6/1/2025
U003597,Kimberly Powers,hjohnson@example.com,Male,South Derekberg,3/13/2024
U003598,Michaela Walker,andreadunn@example.org,Female,North Katherine,1/20/2024
U003599,Ronald Phelps,cgood@example.org,Other,East Deborahbury,1/30/2025
U003600,John Walker,eward@example.org,Male,Davidsonshire,7/20/2024
U003601,Aaron Sullivan,tracy43@example.net,Other,Burnston,3/6/2025
U003602,Peter Hayes,charlesking@example.net,Male,New Sophiamouth,8/5/2024
U003603,Ronald Pierce,pfrancis@example.net,Other,Port Michaelhaven,7/4/2024
U003604,David Horn,jason12@example.net,Male,South Mary,10/20/2024
U003605,Leslie Joyce,parksanna@example.net,Female,West Alexisland,10/13/2024
U003606,Paul Collier,amack@example.org,Female,North Sabrinaton,6/17/2025
U003607,Sara Hayes,jonathan73@example.net,Male,Jessicaport,10/22/2025
U003608,Richard Armstrong,spencerjoshua@example.org,Female,New Amandashire,6/15/2024
U003609,Carlos Robinson,harrisalexander@example.com,Male,Lake Amber,9/15/2024
U003610,Laura Thompson,garciatammy@example.net,Female,East Katelynport,6/22/2024
U003611,Alexis Carter,bryan25@example.net,Other,Howellshire,8/11/2025
U003612,Felicia Wolf,johndaniels@example.com,Female,Archerfurt,1/25/2024
U003613,Barry Chen,mckenziemills@example.com,Other,East Kimberlyport,8/6/2025
U003614,Jason Salazar,ipierce@example.com,Other,Kellyborough,1/12/2024
U003615,Cory Gonzalez,eugeneavila@example.net,Female,Lake Cindy,1/15/2024
U003616,Seth Smith,pgoodwin@example.net,Other,North Thomas,4/12/2025
U003617,Kyle Miller,david31@example.org,Female,Hickston,8/26/2024
U003618,Maria Sullivan,kathrynbaxter@example.org,Other,New Tara,8/21/2024
U003619,Luis Kim,howardclaudia@example.org,Female,Lake Mary,11/8/2025
U003620,Alexander Kim,prodriguez@example.org,Other,Katherinefort,5/23/2024
U003621,Gregory Morris,qwoods@example.net,Male,Codyport,3/29/2025
U003622,Shaun Cannon,scott44@example.net,Female,Port Marcus,8/4/2024
U003623,Diana Vaughan,mannlisa@example.com,Female,Port Saraville,5/7/2025
U003624,Ryan Barry,amycooper@example.com,Female,Pattersonchester,8/3/2024
U003625,Benjamin Richardson,ipotter@example.org,Other,New Jill,12/4/2024
U003626,Michele Walker,dmorris@example.org,Male,Floreschester,11/9/2025
U003627,Sandra Evans,nicholas33@example.net,Other,East Kevin,2/5/2024
U003628,Michael Ramirez,shannon51@example.com,Other,Jenniferhaven,10/26/2025
U003629,Dana Powell,colonjames@example.org,Female,Wandaberg,10/3/2025
U003630,Nicholas Ortega,tmejia@example.net,Other,Carpentermouth,11/13/2024
U003631,John Butler,stephaniebright@example.net,Other,Johnsonside,10/17/2025
U003632,Victoria Harrison,sgoodwin@example.org,Male,Roseshire,8/23/2024
U003633,Jaime Martinez,haroldarmstrong@example.com,Other,Port Lauraburgh,11/8/2025
U003634,Jacqueline Taylor,camachokathryn@example.com,Male,West John,9/30/2025
U003635,Mikayla Davis,joshua54@example.org,Female,West Amber,1/31/2025
U003636,Sandra Allen,katie03@example.com,Male,Walkerborough,12/28/2024
U003637,Eric Hernandez,qlee@example.com,Male,West Tonyashire,9/10/2025
U003638,Amy James,ygarcia@example.net,Female,Penaland,7/10/2025
U003639,Kimberly Leon,warrengerald@example.net,Male,Solomonmouth,5/13/2024
U003640,Susan Clark,rhughes@example.net,Male,East Andrew,9/20/2024
U003641,Michael Gonzales,randall36@example.org,Female,South Jamestown,4/26/2024
U003642,Kelly Williams,zmoore@example.org,Other,East Shirleyfurt,8/5/2025
U003643,Brandon Bryan,krista74@example.net,Male,Lake Christopherbury,8/1/2024
U003644,Denise Walker,perezcody@example.net,Other,South Robertfurt,6/22/2024
U003645,Traci Maddox,michael54@example.org,Female,Karenside,10/22/2024
U003646,Shawn Mcintyre,khernandez@example.com,Female,Port Marytown,3/10/2025
U003647,Alison Miller,xsimon@example.com,Other,Lake Donnaton,12/15/2024
U003648,Pedro Smith,williamwalters@example.org,Male,Vanceberg,5/4/2024
U003649,Joshua Brandt,fprice@example.net,Other,Luisfort,9/8/2025
U003650,Jeffrey Carey,jordanbrian@example.org,Female,Ericborough,8/20/2025
U003651,Ashley Reed,melanie07@example.org,Female,Lake Saramouth,6/13/2025
U003652,Christina Brooks,johnhopkins@example.com,Male,Port Ronaldmouth,6/1/2025
U003653,Amber Young,dianeparsons@example.com,Female,West Spencermouth,3/5/2024
U003654,Jill Jones,kellychang@example.org,Other,North Lori,9/1/2024
U003655,Susan Lester,kellydesiree@example.org,Other,Dillonmouth,5/3/2024
U003656,Amy Wilson,robertjordan@example.com,Other,Port Markton,8/20/2025
U003657,Jeremy Marquez,kara91@example.org,Other,Johnbury,11/22/2024
U003658,Hailey Jackson,harmongary@example.com,Male,Cervantesbury,7/13/2025
U003659,William Campbell,blakesarah@example.net,Other,South Dawn,1/18/2025
U003660,Jason Silva,eric85@example.net,Male,East Jeffreytown,8/30/2024
U003661,Danielle Nicholson,angela32@example.net,Female,New Luistown,12/23/2024
U003662,Brian Gallegos,vguerrero@example.net,Female,Port Leslieside,8/15/2024
U003663,Jason Freeman,brownbrett@example.com,Male,Jonathanshire,3/26/2024
U003664,Ashley Holt,qmartinez@example.net,Male,North Jamesview,4/17/2025
U003665,Allison Preston,rose86@example.com,Female,Websterfort,8/31/2024
U003666,Joshua Gray,cdougherty@example.org,Female,South Nicholas,7/19/2024
U003667,Kelly Keith,jbaker@example.org,Other,New Aaronchester,2/9/2024
U003668,Jason Fowler,mary28@example.net,Male,Adamborough,12/19/2024
U003669,Kim Wilson,taylorcathy@example.net,Female,Timothymouth,2/1/2025
U003670,Hannah Jordan,stacey03@example.net,Male,South Jamesfort,9/12/2024
U003671,Steve Hernandez,wrightjohn@example.com,Female,Erichaven,12/23/2024
U003672,Christina Smith,pwilliams@example.net,Male,Jacobside,6/6/2024
U003673,Nichole Roberts,davisjonathan@example.net,Male,Houstonport,7/26/2025
U003674,Mark Luna,emilypena@example.com,Female,West Kathleenton,11/7/2024
U003675,Robert Ferguson,michael65@example.net,Other,Bautistabury,1/28/2025
U003676,Clinton Noble,kerriking@example.com,Other,Harrisfurt,2/20/2025
U003677,Melinda Carpenter,stonejulie@example.com,Other,Lake Emilymouth,1/5/2025
U003678,Danielle Zamora,wellsjennifer@example.org,Female,Lake Wesleyhaven,10/20/2024
U003679,Shawn Jones,kbenton@example.net,Female,South Lukemouth,11/8/2024
U003680,Robert Parker,wilsonjoseph@example.com,Other,Barajaschester,5/3/2024
U003681,Robin Everett,emurphy@example.net,Female,New Marie,11/3/2024
U003682,Douglas Carrillo,martintracy@example.net,Female,Rhondaburgh,1/13/2025
U003683,Stephanie Aguilar,ballmichael@example.net,Other,Nancyborough,6/25/2024
U003684,Jeremy Mccarthy,jason63@example.org,Female,Miguelfurt,11/14/2024
U003685,Andrew Underwood,qpotter@example.com,Female,West Karatown,10/26/2025
U003686,Julie Nelson,cwood@example.org,Male,Port Michelle,1/4/2024
U003687,Jessica Edwards,wallacevictoria@example.com,Male,New Robert,3/25/2024
U003688,Gregory Hoffman,kara42@example.com,Other,Lake Joseph,5/21/2025
U003689,Jennifer Johnston,paulabrooks@example.net,Male,Norrischester,11/11/2025
U003690,Madison Morris,sean58@example.com,Male,Lake Todd,10/5/2024
U003691,Brian Haynes,terrigarner@example.org,Female,Deborahshire,2/15/2024
U003692,Russell Drake,umartinez@example.org,Male,Smithville,2/7/2024
U003693,Sarah Haynes,bryan25@example.com,Female,North Kellyborough,11/21/2024
U003694,Robert Sanders,jmarshall@example.com,Male,South Danielberg,9/7/2025
U003695,Barbara Mann,bgarcia@example.org,Other,Albertport,8/25/2025
U003696,Heather Moore,wattsjason@example.net,Female,South Rebekahchester,5/2/2024
U003697,Derek Hancock,vjohnson@example.com,Male,Johnland,11/11/2024
U003698,Tracey Hall,floreskyle@example.com,Female,Ninaberg,9/28/2024
U003699,Brian Campbell,gzhang@example.org,Other,Lake Jamestown,8/17/2024
U003700,Rebecca Flores,antonio26@example.org,Other,West Anthony,9/24/2024
U003701,Vicki Perez,erictownsend@example.org,Female,Reyeschester,3/2/2025
U003702,Marcus Douglas,jimmy24@example.org,Other,Lake Michelleshire,10/4/2024
U003703,Matthew Haynes,dmcintyre@example.net,Other,West Angelaland,7/8/2024
U003704,Tammy Johnson,shawn21@example.org,Male,Parsonsmouth,6/12/2024
U003705,Katherine Gaines,vphillips@example.com,Other,South Daniel,8/9/2025
U003706,Scott Haney,elizabeth70@example.com,Male,New Sophia,3/22/2024
U003707,Raymond Vasquez,keith23@example.com,Female,Riosmouth,1/25/2024
U003708,Candice Sawyer,leejohnson@example.com,Other,West Elizabeth,1/18/2025
U003709,Christopher Mcbride,xneal@example.org,Female,South Natalie,2/13/2024
U003710,Matthew Jones,shawngonzalez@example.com,Other,Alyssatown,6/20/2024
U003711,Claudia Vasquez,danielhurley@example.com,Male,South Joshuafurt,4/2/2025
U003712,Edgar Graves,pcarrillo@example.org,Other,East Melanie,2/22/2024
U003713,Rebecca Ayala,figueroawilliam@example.org,Female,West Allisonville,6/24/2025
U003714,Jennifer Jones,bradley89@example.net,Other,Johnport,4/24/2024
U003715,Kathy Lin,pachecopatricia@example.net,Male,South Karenbury,1/13/2025
U003716,Alexis Christian,zachary99@example.org,Female,Melissahaven,1/6/2024
U003717,David Smith,justinfranco@example.com,Male,New Maryville,1/29/2024
U003718,Patricia Morgan,matthewmay@example.net,Other,Patrickshire,4/20/2025
U003719,Cynthia Ali,yvonnedavis@example.net,Other,Carrollchester,2/7/2025
U003720,Derrick Fields,ritabeard@example.com,Male,Gallegosview,1/16/2024
U003721,Danny Thornton,ashlee36@example.org,Female,South Lorettaview,4/8/2024
U003722,Madison Logan,brenda59@example.org,Male,South Adam,3/1/2025
U003723,Aaron Walker,julie56@example.net,Female,Tylerville,1/30/2025
U003724,Peter Henry,clarkjustin@example.net,Female,Melissaport,6/3/2025
U003725,Walter Leonard,groberts@example.com,Female,Michaelhaven,6/9/2024
U003726,Nancy Mccarthy,james22@example.org,Male,South Wendyview,9/20/2024
U003727,Tiffany Tran,gcruz@example.org,Female,Garciaborough,9/3/2025
U003728,Ashley Briggs,tracy58@example.com,Male,New Juliemouth,4/2/2025
U003729,James Sanchez,holmesmiguel@example.net,Male,Maryfort,8/7/2025
U003730,Michael Gardner,lawrencealexis@example.net,Male,Watsonborough,12/18/2024
U003731,Elizabeth Harper,stephaniegraham@example.org,Other,East Robert,5/1/2024
U003732,Linda Harrison,rebeccamartinez@example.org,Other,Tammyfort,6/10/2024
U003733,Lori Maxwell,martinsuzanne@example.org,Other,North Michellefort,7/25/2025
U003734,Teresa Fisher,michael02@example.net,Female,Guerreroshire,2/25/2024
U003735,Shawn Waters,joshuamcknight@example.net,Other,Heatherland,7/14/2024
U003736,Jay Dodson,wilcoxryan@example.net,Other,Burchshire,1/21/2024
U003737,Pamela Henderson,qmoyer@example.com,Other,Brewerberg,3/11/2025
U003738,Jennifer Davis,phillipsandrea@example.net,Female,Johnmouth,5/28/2025
U003739,Glenn Smith,daysergio@example.net,Male,Floydstad,8/1/2025
U003740,Jacob Fitzpatrick,douglas53@example.net,Other,New David,3/16/2025
U003741,Michael Duran,lhayes@example.com,Male,Kingmouth,6/29/2024
U003742,Brandon Carney,jacob14@example.net,Male,Ryanton,4/6/2025
U003743,Nicholas Schmidt,idawson@example.com,Male,Gregorytown,6/4/2024
U003744,Laura Mitchell,rachel98@example.org,Male,Elizabethport,6/2/2025
U003745,Thomas Gilmore,feliciathompson@example.com,Other,East Deanna,11/1/2024
U003746,Vicki Peck,richard67@example.net,Female,Robertmouth,2/7/2024
U003747,Alicia Mcguire,alewis@example.net,Other,Port Jeffreyshire,3/17/2025
U003748,Jennifer Deleon,tiffany92@example.net,Female,North Jennifermouth,8/10/2024
U003749,Gerald Benton,susan01@example.net,Other,Stevenfort,5/26/2025
U003750,Roberto Morales,williamcasey@example.com,Other,Kellyshire,11/29/2024
U003751,Natalie Shelton,zimmermanangela@example.net,Male,Port Michelle,10/7/2025
U003752,Bradley Robbins,gregory66@example.net,Female,South Ianland,4/2/2024
U003753,Marcus Peterson,michelle09@example.net,Other,Griffintown,8/8/2024
U003754,Alan Reeves,zachary72@example.com,Female,Lake Greg,3/30/2025
U003755,Rachel Carter,thenderson@example.net,Female,New Kenneth,8/9/2025
U003756,Melissa Dodson,danny19@example.com,Other,Lake Martin,12/19/2024
U003757,Jay Kent,katherineyoung@example.org,Female,Fordmouth,5/3/2024
U003758,Tyler Lewis,paulwhitaker@example.com,Other,Morrisborough,4/10/2025
U003759,Albert Fletcher,qgreene@example.org,Other,Gainesland,3/31/2025
U003760,Gina White,sosarobert@example.net,Male,South Meganfurt,3/6/2025
U003761,Jean Gutierrez,rwall@example.com,Male,Port Megan,9/25/2024
U003762,Christopher Wilson,keithhall@example.com,Female,Masonbury,9/18/2025
U003763,Jill Robinson,katherine69@example.com,Male,West Mark,6/19/2025
U003764,Jill James,lukesmith@example.net,Female,Lake Brianfort,10/31/2024
U003765,Haley Delgado,lisa64@example.net,Other,Curryland,4/30/2024
U003766,Nicholas Green,dianasantiago@example.org,Male,Port Ashleyburgh,5/5/2024
U003767,Sabrina Cook,jonathan90@example.net,Other,Brycemouth,8/11/2025
U003768,Victoria Robinson,brownphillip@example.com,Male,Lake Sara,9/25/2024
U003769,Brian Shelton,cgreen@example.net,Male,Bergton,6/26/2025
U003770,Mary Mason,harrisdestiny@example.org,Male,Goodmanbury,8/18/2025
U003771,Michael Moore,kathylarson@example.net,Other,Alexanderfort,2/17/2025
U003772,Matthew Evans,wellsvalerie@example.net,Female,Lynchville,4/21/2025
U003773,Jane White,qsmith@example.org,Male,East Kimberly,8/10/2024
U003774,Jason Anderson,thomasgreen@example.org,Other,North John,7/18/2025
U003775,Megan Mitchell,vincent12@example.net,Female,New Josephstad,6/2/2025
U003776,Brittany Hogan,kennedyelizabeth@example.com,Female,Angelaburgh,2/13/2024
U003777,Heather Ward,hannahmorris@example.com,Male,Port Vanessachester,4/16/2024
U003778,Kristen Hernandez,amykane@example.org,Other,Port Joe,5/13/2024
U003779,Amy Gonzales,ugarcia@example.org,Other,Leahchester,10/12/2025
U003780,Sherry Jenkins,melissa74@example.com,Female,Ericamouth,7/24/2024
U003781,Gabrielle Prince,curtissmith@example.org,Other,Jessicaton,1/24/2024
U003782,Brandon Fernandez,richard45@example.org,Female,Amytown,12/26/2024
U003783,Alex Smith,ftucker@example.com,Female,Victorland,8/6/2024
U003784,Sean Shepherd,ybennett@example.net,Female,Paulmouth,2/6/2025
U003785,Jeffrey Evans,vramos@example.net,Male,Dicksonborough,6/14/2024
U003786,Barbara Valencia,lauravelazquez@example.com,Other,New Danny,10/13/2025
U003787,Michael White,jroberts@example.net,Male,Sanchezmouth,9/24/2025
U003788,Tamara Wilson,alan04@example.com,Female,Port Robert,2/4/2024
U003789,Michelle May,emartin@example.com,Other,Stefaniefort,3/3/2025
U003790,Tiffany Ortiz,armstrongkaren@example.com,Other,New Angelamouth,11/4/2024
U003791,Todd Le,ngraham@example.net,Female,Brewerhaven,5/28/2025
U003792,Shannon Evans,rebecca57@example.org,Other,North Lauren,8/27/2024
U003793,Jon Baker,bbrown@example.org,Female,Herbertfort,2/22/2025
U003794,Thomas Ramirez,fbowman@example.org,Female,New Joshua,6/20/2024
U003795,Mike Orr,floydsamantha@example.org,Female,Riverafort,11/7/2024
U003796,Elizabeth Charles,davidlopez@example.net,Female,Lake Kimberlyton,2/9/2025
U003797,Alexander Mitchell,kimnoah@example.net,Other,Justinmouth,8/9/2024
U003798,Carlos Walker,sara46@example.org,Male,Garciaberg,5/13/2025
U003799,Jimmy Pace,hamptonkathryn@example.com,Other,East Nathan,5/8/2024
U003800,Nancy Richardson,ledwards@example.net,Male,New Randyburgh,6/25/2025
U003801,Jessica Wilson,hhendricks@example.com,Other,Gallaghermouth,12/10/2024
U003802,William Heath,kimberlybuchanan@example.org,Female,Christianchester,3/8/2025
U003803,Brianna Harrison,biancahess@example.net,Other,Port Samuel,6/18/2024
U003804,Anthony Porter,ugordon@example.com,Other,Port Natashaton,9/20/2024
U003805,Kelly Ferrell,wallacedonald@example.com,Other,New Patricia,4/14/2025
U003806,Tara Yang,smithscott@example.org,Female,Lake Stefanie,5/13/2025
U003807,Dylan Black,keith30@example.com,Male,Emilystad,10/3/2024
U003808,David Ellis,james87@example.org,Other,Lauriemouth,10/17/2024
U003809,Jennifer Garza,glambert@example.net,Female,Adrianmouth,1/13/2025
U003810,Kathy Vazquez,diazjudith@example.com,Male,Thomashaven,5/1/2025
U003811,Christine Watson,byang@example.com,Female,Port Jameston,5/28/2024
U003812,Robert White,amandastewart@example.net,Male,New Shannon,10/6/2024
U003813,Sarah Webb,jeffrey98@example.org,Female,West Tiffanyshire,1/20/2024
U003814,Christopher Kennedy,ballen@example.net,Female,New Austin,4/26/2024
U003815,Nathan Lewis,rhansen@example.net,Female,Port Ronald,10/16/2025
U003816,Zachary Martinez,imartin@example.com,Female,Rogerschester,9/30/2025
U003817,Raymond Castillo,anne73@example.net,Female,Kellytown,2/1/2024
U003818,Julie Fowler,qolson@example.org,Other,Tiffanyport,8/5/2024
U003819,Mark Bryan,johnsonamber@example.com,Other,Allisonberg,1/27/2024
U003820,Todd Carter,kristen20@example.net,Male,East Keithville,5/24/2024
U003821,Justin Wood,wmoss@example.com,Other,North Richard,1/12/2024
U003822,Emily Patterson,millercynthia@example.net,Female,Costaland,1/10/2024
U003823,Justin Bush,walvarado@example.org,Female,North Monicaport,6/6/2024
U003824,Kevin Rush,davidwoods@example.com,Other,Lake Patrickport,8/17/2024
U003825,Martin Banks,knappjeffrey@example.net,Male,Clarkborough,3/2/2025
U003826,Tony Pitts,michael81@example.com,Male,New Jessicabury,10/2/2024
U003827,Kimberly Mejia,jorgelucas@example.net,Male,Moralesbury,8/27/2024
U003828,Austin Williams,greenjason@example.net,Other,West Jacquelineside,4/4/2025
U003829,Amy Doyle,uchen@example.org,Female,Alejandroshire,8/16/2025
U003830,Joanne Williams,fclark@example.org,Male,South Taraside,9/14/2024
U003831,Curtis Barry,michaelagardner@example.com,Male,Lake Henryville,9/15/2025
U003832,Craig King,sara62@example.com,Male,Hallberg,9/6/2024
U003833,Jeffery Rodriguez,gpowell@example.com,Female,Jacksonburgh,8/15/2025
U003834,Sherry Silva,oconner@example.net,Female,Tracystad,6/22/2025
U003835,Brian Elliott,owilson@example.net,Male,North Katherine,1/26/2024
U003836,Clifford Coleman,gerald14@example.com,Female,Millerchester,6/13/2025
U003837,Melanie Baker,woodrussell@example.com,Male,Evelynhaven,8/15/2024
U003838,Douglas Leach,srodgers@example.net,Other,Jonathanshire,5/21/2025
U003839,Danny Robinson,qgrant@example.net,Male,Pooleberg,6/29/2025
U003840,Jaime Kelley,seanwheeler@example.com,Other,West Rachel,1/15/2024
U003841,Elizabeth Smith,rcampbell@example.org,Female,Samuelview,7/12/2025
U003842,George Benson,michaelcampbell@example.com,Male,Matthewland,1/3/2024
U003843,Douglas Duffy,mariahclark@example.com,Female,Port Haileystad,1/15/2025
U003844,Alan Estrada,sarah52@example.com,Male,Adamfurt,2/19/2024
U003845,Wesley Brown,deborah82@example.net,Other,South Ericland,9/9/2025
U003846,Jacob Parker,dianelewis@example.net,Female,Lake Kristaberg,4/13/2024
U003847,Eric Wright,nataliemartinez@example.com,Female,Gonzaleschester,10/5/2024
U003848,Matthew Hunter,carpentermegan@example.com,Male,Bowmanmouth,8/26/2025
U003849,Brandy Hernandez,joseph93@example.org,Female,South Tracy,5/29/2025
U003850,Troy Mcneil,qortiz@example.net,Other,Lake Markfurt,3/11/2025
U003851,Priscilla Lucas,kathrynjohnson@example.org,Other,Martinezborough,3/20/2025
U003852,Timothy Carlson,john03@example.net,Male,East James,8/21/2025
U003853,Laura Ortega,huntdaniel@example.com,Male,Ambertown,3/23/2025
U003854,Rodney Medina,savagejeffrey@example.net,Female,Stephanieland,4/17/2024
U003855,Joshua Mcclure,annastephens@example.org,Other,Toddview,3/16/2024
U003856,Michelle Riley,smithnicholas@example.com,Female,New Robertburgh,7/7/2025
U003857,Norman Brown,jjohnson@example.com,Other,Port Douglas,6/10/2024
U003858,Troy Fowler,duanemclean@example.com,Other,Lake Kimberlyberg,8/13/2025
U003859,Patricia Nixon,benderkimberly@example.com,Male,South Davidton,8/17/2025
U003860,Antonio Morris,lrichard@example.com,Female,South Derekhaven,12/28/2024
U003861,Anne Carr,ivan68@example.com,Other,Cantuton,2/13/2024
U003862,Jason Tran,zhawkins@example.net,Male,North Kelly,11/1/2025
U003863,Jeremy Duke,foxterri@example.org,Other,Karenshire,10/29/2024
U003864,Christine Morrison,anthonywilliams@example.net,Male,Thompsonton,1/13/2024
U003865,Cynthia Mercer,travis85@example.net,Male,Hansonside,11/25/2024
U003866,Christina Brown,stevenpatel@example.com,Male,East Caitlin,7/30/2025
U003867,Gerald Andrews,tamaramurphy@example.org,Female,West Brittanybury,7/19/2025
U003868,Stephanie Orozco,xtownsend@example.com,Male,Lake Christopher,1/11/2025
U003869,Kristin Ward,shawn00@example.com,Male,Lake Toni,1/2/2025
U003870,Jay Jenkins,timothybell@example.net,Other,Deborahview,5/30/2025
U003871,Matthew Sanchez,award@example.net,Male,Adkinston,7/22/2025
U003872,Brian Lopez,gclarke@example.net,Other,Port Jeremystad,2/26/2025
U003873,Jasmine Smith,jasonrodriguez@example.com,Other,Carpenterview,11/9/2025
U003874,Brandon Edwards,davischristine@example.org,Female,West Jacob,1/13/2024
U003875,Ryan Andersen,kbrown@example.org,Male,South Juliaberg,8/3/2025
U003876,Raymond Giles,daryldavis@example.org,Male,East Daniel,6/4/2025
U003877,Christopher Cole,leslie40@example.com,Other,New Elizabethshire,2/13/2024
U003878,Angela Harper,smithmaria@example.com,Female,Wisebury,9/4/2024
U003879,Eric Butler,michaelwood@example.com,Male,Allenburgh,3/12/2025
U003880,John Landry,janetdrake@example.net,Female,Mendozaville,6/29/2024
U003881,Robert Newton,jacksonbianca@example.org,Other,Nicolemouth,2/7/2024
U003882,Christopher Turner,richardsonchristopher@example.com,Male,East David,10/30/2024
U003883,Faith Conrad,rbenson@example.com,Female,South Traci,12/5/2024
U003884,Steven Durham,moralesjessica@example.org,Male,South Taramouth,8/4/2024
U003885,Daniel Jones,jenniferwilson@example.com,Male,Virginiaport,8/15/2025
U003886,Scott Jones,scottleblanc@example.com,Female,Christophertown,10/22/2025
U003887,Richard Morris,diamond85@example.com,Male,East Jonathanville,4/11/2025
U003888,Laura Fitzpatrick,fandrade@example.com,Other,South Damonton,3/20/2025
U003889,Emily Hayes,mercedesortega@example.net,Male,South Franciscobury,3/18/2024
U003890,Theodore James,bgreen@example.org,Male,Lake Kimmouth,10/21/2025
U003891,David Ross,mckinneymorgan@example.net,Female,Port Kelly,7/17/2024
U003892,Molly Harris,kevinguerrero@example.org,Female,West Nataliefort,3/25/2024
U003893,Kelly Foster,wthomas@example.net,Female,East Jeremy,8/4/2024
U003894,Dawn Kline,david11@example.com,Male,Richardbury,7/30/2025
U003895,Stacy Harper,corey59@example.org,Female,West Samantha,12/20/2024
U003896,Lucas Brown,qmitchell@example.com,Male,Port Sara,10/16/2024
U003897,Ryan Cline,albert05@example.net,Other,Daleborough,3/8/2024
U003898,Yvonne Delgado,darleneroberts@example.com,Other,Lake Daniel,11/21/2024
U003899,Stacey Daniels,fowleramanda@example.net,Male,Shawnfurt,4/12/2025
U003900,Angela Miranda,traceyhill@example.net,Male,Cynthiaview,2/6/2024
U003901,Tracy Monroe,johnpark@example.com,Other,Wrightfort,3/12/2025
U003902,Elizabeth Shaw,eric53@example.org,Other,Roblesmouth,1/24/2024
U003903,Tonya Pope,thomasmiller@example.net,Male,New Markfurt,2/3/2024
U003904,Heather Adams,rojasmichael@example.net,Other,West Jenniferstad,1/15/2025
U003905,Michael Dorsey,wayneschmidt@example.com,Other,South Raymond,1/23/2024
U003906,Stacey Figueroa,keithsimmons@example.net,Male,North Candiceview,2/3/2024
U003907,Hannah Cummings,fthompson@example.net,Female,New Tiffanyton,1/25/2024
U003908,Lauren Davis,hernandezelizabeth@example.org,Female,Zunigamouth,9/26/2024
U003909,Natalie Hernandez,jasonsosa@example.org,Other,Peterfort,2/16/2025
U003910,Aaron Vaughn,aprilcooper@example.com,Male,South Gregorymouth,4/3/2024
U003911,Susan Green,joshuathompson@example.net,Other,Lopezborough,4/23/2025
U003912,Travis Lyons,hector14@example.net,Other,North Chelsea,8/3/2024
U003913,Scott Allen,xgreen@example.net,Male,Jonesport,5/6/2024
U003914,Brent Villarreal,wendy25@example.org,Female,Port Katiestad,4/8/2024
U003915,Melinda Sutton,zsnyder@example.net,Other,South Kenneth,9/2/2024
U003916,Tracy Stevens,shawn38@example.net,Other,South Susanland,6/20/2025
U003917,Edgar Allen,garciapamela@example.org,Female,Lake Jared,3/28/2024
U003918,Thomas Lopez,thompsonjorge@example.net,Male,Stephanieport,3/14/2024
U003919,Natalie Jackson,mackenziemartinez@example.org,Male,North Angela,5/1/2025
U003920,Alexandra Morris,xbrown@example.net,Male,Jamieville,6/21/2025
U003921,Alexander Rose,anna78@example.org,Male,Williamsonville,6/19/2024
U003922,Vanessa Coleman,donaldbanks@example.net,Male,New Wendyborough,6/3/2024
U003923,Nathan Weber,schaefermegan@example.com,Other,Jenniferside,11/1/2024
U003924,Kendra Sanchez,gonzalezdana@example.net,Other,Barronbury,1/17/2025
U003925,Cody Mcguire,qbrown@example.net,Female,Randallport,1/6/2025
U003926,Lawrence Johnson,akhan@example.org,Female,Robinstad,7/30/2025
U003927,Sherry Stone,sallyarnold@example.org,Female,Port Williamside,8/8/2024
U003928,Annette Reese,brian28@example.com,Female,Olsonside,7/8/2025
U003929,Suzanne Robertson,jeffrey15@example.com,Male,Craigbury,6/6/2025
U003930,Arthur Ingram,rjenkins@example.com,Male,Lake Pamelafurt,5/27/2024
U003931,Rebecca Davis,higginsheidi@example.org,Female,Matthewbury,5/25/2024
U003932,John Harris,randalljonathan@example.org,Other,South Trevor,1/18/2024
U003933,Steven Schroeder,toddwelch@example.org,Male,South Connorside,2/22/2024
U003934,Natasha Kemp,traci58@example.org,Male,South Douglasville,2/1/2025
U003935,Maria Cole,xsanchez@example.com,Other,Port Rogermouth,9/24/2024
U003936,Barbara Obrien,jennifer36@example.com,Other,East Andrewmouth,7/24/2025
U003937,Rebecca Adkins,howellthomas@example.net,Other,Port Jimmouth,11/5/2025
U003938,Tiffany Garcia,zryan@example.net,Other,Joshuachester,1/8/2024
U003939,Jane Duarte,hollowayseth@example.com,Other,North Tara,8/11/2024
U003940,Sara Fields,beltransamantha@example.net,Female,Robertview,6/27/2024
U003941,Kristin Williams,zbrewer@example.com,Other,North Sandy,1/7/2024
U003942,Jeffrey Scott,turnerarthur@example.net,Male,South Crystaltown,1/17/2024
U003943,Megan Logan,stephanie54@example.net,Other,Adamton,1/25/2025
U003944,Pamela Johnson,jennifer45@example.com,Female,Cruzborough,1/10/2024
U003945,Tammy Pacheco,george60@example.com,Male,Port Julian,7/21/2024
U003946,Leslie Henderson,burchalyssa@example.net,Other,Morrisonland,10/17/2024
U003947,William Jackson,sparkspatrick@example.org,Other,Brianville,3/1/2024
U003948,Mark Johnson,danielbentley@example.com,Other,Port Tylerland,9/8/2024
U003949,Gabriela Castillo,xhumphrey@example.org,Male,Lake Sydneybury,3/8/2025
U003950,Eric Wright,dmorales@example.org,Other,Kylefurt,6/15/2025
U003951,William Knapp,noah64@example.com,Female,West Felicia,3/9/2024
U003952,Elizabeth Perez,delacruzmelissa@example.org,Female,Chenview,2/27/2024
U003953,Felicia Ramirez,mmahoney@example.net,Other,Port Beth,10/6/2025
U003954,Mark Andrews,rose48@example.net,Male,Andrewtown,5/26/2025
U003955,Kyle Morgan,penny39@example.org,Male,Annhaven,1/27/2025
U003956,Andrew Rosario,timothywade@example.net,Female,Barnesview,12/4/2024
U003957,Theodore Harris,morrisjoshua@example.org,Female,Danielville,8/6/2025
U003958,Shawn Henderson,bparker@example.com,Male,Colemanfurt,8/7/2025
U003959,Heather Miller,guzmanpatricia@example.org,Male,Robersonberg,5/30/2025
U003960,Diane Carr,westmichelle@example.com,Female,New Laurachester,8/22/2024
U003961,Seth Andrews,fullermegan@example.com,Other,Port Patricia,5/29/2025
U003962,Emily Baird,twilliams@example.com,Other,Woodsfort,2/8/2025
U003963,Virginia Nelson,linda70@example.org,Male,Wendytown,9/19/2025
U003964,Michael Estes,christine09@example.net,Other,Stephenmouth,4/21/2025
U003965,Pedro Soto,rgreen@example.net,Male,Michaelmouth,3/31/2024
U003966,Diamond Myers,vclark@example.net,Female,Teresatown,4/30/2025
U003967,Tonya Johnson,stephanie07@example.org,Female,Mcfarlandfort,4/29/2025
U003968,Colleen Dominguez,thomasarmstrong@example.net,Male,Brownside,3/30/2024
U003969,Joseph Mays,jillbrewer@example.com,Female,Johnsonchester,2/1/2025
U003970,Lisa Fernandez,kimberlygraham@example.com,Other,Amberport,9/24/2025
U003971,Michael Brown,zmorrison@example.org,Female,Kellyfort,5/14/2024
U003972,Kimberly Becker,donald71@example.com,Female,Anneland,12/5/2024
U003973,Perry Duffy,bperkins@example.net,Other,Langmouth,2/5/2025
U003974,Max Garcia,baileychloe@example.net,Other,South Colleenberg,2/19/2025
U003975,Timothy Williams,gonzalezkaren@example.net,Male,Malloryshire,5/22/2024
U003976,Jason Townsend,jesse69@example.net,Female,Port Kimberly,1/13/2024
U003977,Connor Smith,ochambers@example.com,Male,North Deannaburgh,3/2/2025
U003978,Kevin Santana,wrightvicki@example.net,Male,New Steven,1/26/2025
U003979,Cody Hamilton,brittany11@example.net,Other,North Lisa,2/14/2025
U003980,Anna Bullock,haneycarrie@example.com,Male,Fraziershire,7/19/2025
U003981,Jay Meza,margaret83@example.net,Male,Howardport,6/22/2024
U003982,Alyssa Evans,thomasmendoza@example.com,Female,Brianbury,8/29/2025
U003983,Tina White,iwells@example.net,Male,South Barbaraland,1/7/2024
U003984,Michael Rush,michael26@example.com,Male,West Michelle,10/1/2024
U003985,Kevin Schroeder,hannahthomas@example.net,Male,Farmerfort,3/23/2025
U003986,John Dixon,michelle12@example.net,Female,Ramoshaven,2/7/2025
U003987,Jonathan Kramer,fcalhoun@example.org,Other,Andrewfurt,11/29/2024
U003988,Melody Martin,ycline@example.com,Female,Ianport,4/27/2025
U003989,Levi Robinson,taylorjustin@example.com,Other,Lake Paulamouth,3/9/2024
U003990,Ashley Taylor,john37@example.org,Other,South Michael,7/5/2025
U003991,Cory Oliver,laurenstewart@example.org,Other,West Jason,12/27/2024
U003992,Christopher Khan,william56@example.com,Female,North Lisa,2/13/2024
U003993,Heather Ramsey,benitezheather@example.com,Female,North Rebecca,11/22/2024
U003994,Robert Johnson,aduarte@example.org,Other,Lake Sarahmouth,11/4/2024
U003995,Jason Bass,qshepherd@example.org,Female,Port Nicoletown,5/25/2024
U003996,Nicole Roberts,robertjones@example.net,Male,Port Erik,3/7/2024
U003997,Peggy Smith,perryjason@example.com,Other,Josephshire,5/11/2025
U003998,Richard Jackson,melissa43@example.com,Other,Port Joshuafort,10/18/2024
U003999,Maria Dawson,mcknightantonio@example.com,Other,Brianmouth,2/27/2024
U004000,Sandra Zimmerman,cheryl60@example.org,Other,Sullivanborough,5/25/2025
U004001,Jacqueline Hill,mbarajas@example.com,Male,Williamsmouth,6/30/2025
U004002,Wayne Macdonald,ehernandez@example.com,Female,Port Joshuaburgh,6/24/2024
U004003,Michelle Sherman,qgarza@example.net,Male,Shermanfort,7/30/2024
U004004,Jonathan Rodriguez,victorporter@example.org,Female,Annaville,8/18/2024
U004005,Miguel Hawkins,bradleyemily@example.com,Male,Reneeton,9/18/2024
U004006,Richard Rojas,ujefferson@example.org,Other,Josephport,1/15/2025
U004007,Kerry Terrell,claudiaglass@example.org,Male,Snydertown,3/3/2024
U004008,Bruce Reed,brownlori@example.org,Male,Caldwellchester,12/28/2024
U004009,Nicole Jenkins,natalie70@example.com,Other,West Bryan,10/31/2025
U004010,Elizabeth Wilson,morganmcintosh@example.com,Female,Kellerland,5/11/2025
U004011,Alex Patterson,wintersjeffrey@example.com,Female,Moorebury,10/27/2024
U004012,Debra Mcdonald,rmclaughlin@example.org,Other,Johnmouth,2/11/2025
U004013,Marcus Johnson,freynolds@example.net,Other,Baileyville,6/19/2025
U004014,Amanda Smith,jgaines@example.com,Other,New Justin,4/30/2025
U004015,Stephen Garcia,emccall@example.org,Other,Pattersonberg,9/8/2024
U004016,Cassandra Moore,angelahall@example.net,Other,West Jamieshire,4/15/2025
U004017,Daniel Moore,juliedean@example.net,Male,East Roberto,6/28/2025
U004018,Rhonda Ramirez,woodarderica@example.org,Female,Lake Kaylee,7/20/2025
U004019,Brandy Adams,hailey69@example.net,Other,North Gregoryburgh,8/24/2024
U004020,Richard Anderson,robertpaul@example.net,Female,East Michaelton,8/22/2024
U004021,Melissa Golden,jennifermoss@example.com,Other,South Bryan,6/25/2025
U004022,Sara Montgomery,stewartpeter@example.com,Male,South Janetberg,9/8/2025
U004023,Richard Trujillo,amber63@example.com,Male,East Kimberlybury,11/3/2025
U004024,Nicholas Freeman,lisamontgomery@example.org,Male,Morganstad,11/1/2025
U004025,Andrea Landry,hughesjoseph@example.net,Male,Hansenmouth,2/1/2024
U004026,Lynn Bullock,ipruitt@example.org,Female,Patriciaton,7/14/2025
U004027,Danielle Kim,amber84@example.org,Male,North Katherine,11/2/2025
U004028,Bryan Miles,mary60@example.net,Female,Clayfurt,7/8/2024
U004029,Michelle Vega,ywatson@example.org,Other,Justinton,7/7/2024
U004030,Stacey Adkins,brianharrison@example.org,Other,Penashire,3/10/2025
U004031,Melinda Coleman,daniel30@example.net,Male,West Samanthaton,1/17/2024
U004032,David Hanson,ruth54@example.com,Female,New William,9/5/2025
U004033,Justin Washington,reyeswilliam@example.net,Other,Kristenmouth,1/1/2024
U004034,Leroy White,heather85@example.org,Other,Meganton,4/22/2024
U004035,Mark King,davissamuel@example.net,Other,Chambersstad,3/21/2024
U004036,Michael Clark,wileycynthia@example.org,Other,West Kaitlynport,1/10/2024
U004037,Andrew Reeves,vasquezcrystal@example.org,Male,Jessicastad,3/10/2024
U004038,Ronald Munoz,javieringram@example.com,Male,Gravesberg,2/16/2024
U004039,Patrick Armstrong,shane87@example.net,Male,North Ashley,6/20/2025
U004040,Mike Rosales,bennettbrett@example.com,Other,South Lisa,4/13/2024
U004041,Eduardo Gallegos,harrisjamie@example.com,Male,East Deannaside,10/27/2024
U004042,Chad Walker,sprice@example.org,Other,Evanschester,11/7/2025
U004043,Heather Miller,rachel59@example.com,Male,Stephanieside,8/27/2024
U004044,Micheal Webster,victoria46@example.net,Male,Port Denise,6/4/2025
U004045,Amanda Williamson,xrich@example.org,Female,Lake Katherine,10/31/2025
U004046,Alan Moore,johnwalker@example.net,Female,North Doris,3/29/2024
U004047,Kayla Nguyen,tylergreen@example.org,Other,Johnside,9/21/2024
U004048,Sarah Patterson,tanner72@example.com,Other,Lake Ethanmouth,9/19/2025
U004049,William Barnes,gharris@example.org,Other,Jamiefort,11/22/2024
U004050,Brian Peters,jamesandrade@example.org,Female,Johnsonshire,5/12/2024
U004051,Kenneth Porter,hcox@example.net,Male,Taylortown,1/5/2025
U004052,Donna Walter,zfranco@example.com,Female,New Deborah,1/20/2025
U004053,Rodney Meza,hutchinsonerik@example.net,Male,West Jessicaburgh,2/16/2024
U004054,Amy Adams,wesley06@example.net,Other,Lake Shannonberg,9/9/2024
U004055,Justin Wade,cholder@example.org,Female,North Blake,4/17/2024
U004056,Jason Hansen,williamsonrobin@example.com,Other,Jonathanhaven,2/12/2024
U004057,Andrea Williams,phyllis83@example.org,Male,Robertmouth,11/5/2025
U004058,Samantha Ellis,paulwhite@example.org,Male,Lake Wendytown,1/3/2025
U004059,Roberto Acosta,brian99@example.com,Female,Jeffreytown,10/15/2024
U004060,Jenny Smith,seanthompson@example.net,Female,Janicebury,12/29/2024
U004061,David Moss,fjohnson@example.com,Female,Tommyville,10/27/2024
U004062,Jessica Gonzalez,campbellgary@example.org,Other,Barnettfurt,6/9/2024
U004063,Joseph Wheeler,tammy43@example.org,Male,South Theresaburgh,11/2/2025
U004064,Jennifer Williams,iortiz@example.org,Female,Mallorymouth,11/3/2024
U004065,Jennifer Morales,gallaghermartin@example.com,Other,Richardfurt,12/22/2024
U004066,Carol Wolfe,megan52@example.com,Other,Elizabethport,4/5/2024
U004067,Matthew Kramer,ngibson@example.org,Other,South Fernandochester,4/12/2024
U004068,Joseph Hamilton,garciaveronica@example.com,Male,East Zacharymouth,11/18/2024
U004069,Sarah Hawkins,veronicajensen@example.org,Female,Taylorstad,5/5/2025
U004070,Johnny Banks,alopez@example.com,Female,North Jeremyfurt,3/18/2025
U004071,Joseph Spencer,james14@example.net,Other,South Dustin,9/12/2024
U004072,Michael Holland,williamschris@example.com,Female,Hensleyfurt,6/7/2024
U004073,Benjamin Lloyd,mitchellkrista@example.net,Male,North Brandonville,3/11/2025
U004074,Michael Wade,kyle43@example.org,Female,North Thomashaven,10/20/2024
U004075,Melissa Anderson,wacosta@example.net,Other,Port Lynn,8/17/2025
U004076,Leroy Nicholson,matthewleonard@example.net,Male,Parksborough,9/15/2025
U004077,Kim Gonzalez,jenkinsrandy@example.com,Female,North Karaton,2/8/2024
U004078,Erika Powell,linlisa@example.org,Male,Lake Roberta,3/5/2025
U004079,Dylan Johnson,russellgregory@example.com,Female,Odonnellview,1/1/2024
U004080,Marilyn Lucas,bmorgan@example.net,Male,Brucemouth,6/16/2024
U004081,Justin Oneal,christopher60@example.org,Other,Jacquelinestad,10/27/2025
U004082,Mary Leach,mcooper@example.net,Other,Leblancshire,5/11/2024
U004083,Jacob Green,nuneznicole@example.org,Other,Port Jeremy,9/29/2025
U004084,Corey Mclean,jessica03@example.net,Male,New Susan,7/5/2025
U004085,Joshua Schneider,jeremy29@example.net,Male,Michaelmouth,11/9/2024
U004086,Stacy Herman,natalie04@example.com,Other,Andersonfurt,12/25/2024
U004087,Robin Castillo,dorisphillips@example.net,Other,South Shannonland,5/7/2025
U004088,Candace Ramos,kelly29@example.net,Male,New Ashley,1/15/2024
U004089,Cynthia Anderson,wesleyhenderson@example.net,Male,Susanfort,2/15/2024
U004090,Brent Gillespie,justinvargas@example.org,Male,Dawnfort,10/25/2025
U004091,Ashley Ward,jeremy56@example.com,Male,Lake Dylanbury,1/20/2025
U004092,Samantha Hill,gholt@example.org,Male,Castanedaborough,7/15/2024
U004093,Jessica Garza,john78@example.net,Female,Melodytown,2/18/2024
U004094,Jason Vazquez,moorefrank@example.net,Female,Port Charlesfurt,5/22/2025
U004095,Edwin Stanton,floresjose@example.com,Female,Port Steven,7/30/2024
U004096,Brett Brown,wallacechristy@example.net,Male,Lake Richardberg,10/26/2025
U004097,Jeff Wallace,sarahreeves@example.org,Male,South Matthew,9/20/2024
U004098,Susan Crawford,scotttravis@example.com,Male,South Cassandra,4/14/2024
U004099,Troy Murphy,christinehowell@example.org,Other,Knightville,12/19/2024
U004100,Kevin Hill,clinelindsay@example.net,Other,New Robin,7/8/2025
U004101,Jennifer Carroll,ricardothomas@example.net,Other,North Robertstad,11/5/2024
U004102,Carrie Ray,timothycampbell@example.net,Other,Rosariostad,3/12/2024
U004103,Jessica Lee,chadholland@example.net,Female,North Laura,3/15/2025
U004104,Kent Simpson,nhobbs@example.com,Male,Port Stevenstad,5/25/2024
U004105,Douglas Lang,hartmangeorge@example.net,Female,Parkershire,3/7/2025
U004106,Lisa Boyd,abrown@example.com,Male,Lake Davidmouth,9/1/2024
U004107,Priscilla Brown,nlee@example.net,Female,West Rachelfort,6/4/2024
U004108,Patrick George,jessicamcdonald@example.net,Other,Lake Monica,7/24/2025
U004109,Justin Kirby,lhampton@example.com,Female,Stewartland,10/15/2025
U004110,Nicole Martin,katherine38@example.com,Female,Port Diana,2/22/2024
U004111,Sean Lee,collinsdebra@example.com,Male,Lisaville,10/31/2024
U004112,Anne Keller,tanya96@example.org,Other,Elizabethside,2/10/2025
U004113,Tammy Gould,katiegriffin@example.net,Female,Port Michaelbury,7/9/2024
U004114,Robert Rivera,rbrown@example.org,Male,West Christopher,3/31/2025
U004115,Kristy Pace,delgadoryan@example.org,Other,South Michaelville,9/12/2025
U004116,Maria Brooks,ebean@example.net,Other,Shaffermouth,7/6/2024
U004117,Laura Schmitt,brian43@example.com,Male,Port Christopherburgh,4/14/2025
U004118,Nathan Chavez,steven66@example.com,Male,Khanberg,9/25/2024
U004119,Thomas Mccann,duranmatthew@example.com,Male,Christinaberg,2/6/2025
U004120,Brian Logan,lhodges@example.org,Other,Jacquelinetown,6/14/2024
U004121,Mary Monroe,jeffrey73@example.org,Male,Jamesport,8/13/2025
U004122,Candace Tapia,reidmarilyn@example.org,Female,North Sarah,4/22/2024
U004123,Nicholas Bell,mendozamichele@example.org,Male,Sandersfurt,7/3/2025
U004124,Jeffrey Boone,david79@example.net,Female,Ramoschester,2/17/2025
U004125,Dalton Johnston,robert09@example.net,Female,Nunezside,4/6/2025
U004126,Christina Wilcox,edwardroy@example.net,Female,North William,11/11/2024
U004127,Amber Collins,kchavez@example.net,Female,West Kimberly,5/28/2025
U004128,Christy Andersen,bmedina@example.org,Male,Downshaven,11/7/2024
U004129,Heather Smith,hudsonscott@example.com,Other,Tonymouth,5/8/2024
U004130,Michael Wilson,melissapham@example.org,Female,Chavezberg,2/7/2025
U004131,Christopher Conley,ugriffin@example.net,Male,West Andrewburgh,5/12/2025
U004132,Ian Carter,mparker@example.net,Female,Lake Johnland,9/11/2025
U004133,Mark Bradley,elizabethpatton@example.net,Male,West Rebeccachester,10/14/2024
U004134,Taylor Ryan,davidvaldez@example.net,Female,West Danielland,3/12/2025
U004135,Patrick Carpenter,johnsonraven@example.net,Other,West Ryanport,4/30/2025
U004136,Jose Carrillo,murphycassidy@example.org,Female,Rebeccafort,7/11/2024
U004137,Olivia Key,deangina@example.com,Other,North Cindychester,1/17/2025
U004138,Brendan Henderson,staffordmarissa@example.com,Other,South Peggychester,10/16/2025
U004139,Paul Garcia,mcohen@example.com,Male,North Robert,8/18/2025
U004140,Brendan Costa,joy58@example.org,Female,Yolandatown,8/14/2025
U004141,Deborah Washington,jacqueline24@example.org,Female,East Brianland,6/23/2024
U004142,Julie Meyer,jthompson@example.net,Other,Cherylmouth,9/7/2024
U004143,Deanna Garcia,wendyjones@example.net,Female,North Alejandrofurt,10/13/2024
U004144,Jose Dean,tonyaramos@example.com,Male,Brownmouth,6/7/2024
U004145,Melissa Martin,jimmyhopkins@example.com,Other,Josephview,1/29/2025
U004146,Kristin Davis,wilsonlawrence@example.com,Other,Sullivanview,6/24/2024
U004147,Emily Wood,clarkamy@example.com,Male,Lindabury,6/16/2025
U004148,Savannah Ruiz,gordonjason@example.com,Male,North Steven,4/17/2024
U004149,Lisa Hernandez,dylanyoung@example.net,Male,North Joanne,9/5/2025
U004150,Lauren Olson,bnguyen@example.org,Female,South Jamesbury,1/24/2025
U004151,Alexander Fletcher,kelsey80@example.com,Male,New Patricia,9/12/2024
U004152,Michaela Weaver,kgoodman@example.org,Male,Johnsonchester,1/29/2024
U004153,Eric Bowman,yramsey@example.org,Other,West Michaelberg,8/22/2025
U004154,Derek Thomas,sharonbeck@example.com,Female,Brookstown,7/19/2025
U004155,Mitchell Horn,xburgess@example.org,Other,Katieport,2/13/2024
U004156,Scott Buckley,irosales@example.net,Other,Lewisfort,10/3/2025
U004157,Vanessa Huerta,bsmith@example.net,Male,Johnburgh,3/2/2024
U004158,Brandy Rodgers,yatesjanet@example.net,Female,Lake Misty,1/4/2025
U004159,Maria Chavez,megan76@example.com,Male,Martinburgh,9/23/2024
U004160,Sara Moore,ericweaver@example.net,Other,Port Juan,3/4/2025
U004161,Jonathan Adams,briannamcdaniel@example.com,Female,East Aprilmouth,10/5/2024
U004162,Erica Bender,moonryan@example.net,Other,New Carol,2/21/2024
U004163,Benjamin Cruz,aprilhernandez@example.org,Other,South Dustinshire,8/20/2024
U004164,Jessica Smith,toddbrooks@example.com,Female,Port Brianchester,12/19/2024
U004165,Cynthia Ward,denise62@example.com,Male,Lake Bonnieport,3/21/2025
U004166,Jason Jackson,byrdsherry@example.net,Male,Farmerhaven,2/20/2024
U004167,Nicole Smith,campbelljulie@example.org,Other,Johnsonchester,2/16/2024
U004168,William Cook,jose43@example.com,Male,Port Daniel,12/15/2024
U004169,Ryan Tyler,achaney@example.org,Female,Port Sherri,5/15/2024
U004170,Charles Nielsen,owenjesse@example.com,Female,North Kellie,5/4/2025
U004171,Ashley Freeman,yhunt@example.com,Male,North Angela,11/3/2025
U004172,Susan Jones,kramirez@example.net,Male,Lake Stephaniebury,1/15/2025
U004173,Erik Hughes,aparker@example.org,Other,East Ginaville,3/12/2024
U004174,Tracy Wilson,parkerjacqueline@example.org,Female,Chasehaven,3/31/2024
U004175,Christopher Miller,cheryl20@example.com,Male,North Melody,1/7/2025
U004176,Maurice Glenn,nancydavis@example.net,Male,North Baileybury,3/20/2024
U004177,Brad Beltran,stevensdonna@example.org,Male,Calebfurt,3/7/2024
U004178,Geoffrey Lee,joneselaine@example.org,Other,North Melissa,8/16/2025
U004179,Ann Boone,adam46@example.net,Female,Millerbury,3/22/2025
U004180,Barry Marshall,patriciamoore@example.net,Other,Michaelshire,7/12/2025
U004181,Adrian Fitzgerald,hannahclay@example.com,Female,East Susan,10/15/2025
U004182,Daniel Morales,robertnguyen@example.org,Female,West Meganshire,9/4/2024
U004183,Shawna Washington,johnsmichael@example.org,Other,Craigbury,7/5/2024
U004184,Anthony Foster,brianhancock@example.net,Male,West Theresa,3/25/2025
U004185,Clarence Kirby,ashley66@example.com,Other,East Anna,11/22/2024
U004186,Patrick Guerrero,timothy33@example.net,Male,New Lukehaven,6/1/2024
U004187,Alexander Pope,curtis26@example.com,Other,Bradleyport,1/14/2024
U004188,John Martinez,ycox@example.org,Male,New Jonathan,10/21/2024
U004189,Tricia Camacho,william46@example.net,Other,Dawnton,3/9/2025
U004190,Daniel Brewer,taylorgary@example.org,Female,Maddenville,3/7/2024
U004191,Amy Munoz,mmanning@example.org,Male,Cannonton,2/14/2025
U004192,Matthew Ellison,peterberger@example.com,Other,Leahview,11/8/2024
U004193,Nicole Holland,emilysolomon@example.net,Other,Victoriachester,10/1/2024
U004194,Amanda Paul,kmueller@example.org,Male,North Jonathan,8/24/2024
U004195,Angela Tucker,claytonpatrick@example.net,Female,Jeremyfort,10/25/2025
U004196,Kenneth King,jenniferpage@example.net,Other,Wilsonshire,9/14/2024
U004197,Sharon Rogers,boyermichael@example.com,Male,Alexisside,10/1/2025
U004198,Brandon Fuller,whitneyjennifer@example.com,Male,Thomasmouth,10/19/2025
U004199,Samantha Taylor,lwatts@example.com,Female,South Crystal,10/17/2024
U004200,Krista Johnson,josebrown@example.net,Female,West Jennaport,1/27/2024
U004201,Edward Gonzalez,gonzalesdaniel@example.org,Female,Smithburgh,10/29/2024
U004202,Matthew Odonnell,donnamiller@example.com,Female,South Robertburgh,9/5/2024
U004203,Rebecca Reed,vasquezjoseph@example.org,Other,South Johnmouth,1/8/2025
U004204,Michael Dunn,angelagriffin@example.net,Other,East Kari,2/24/2025
U004205,Richard Mccoy,johnsonsally@example.net,Female,Port Brenda,2/21/2025
U004206,Theresa Hamilton,taylorbruce@example.com,Female,Paulchester,3/21/2025
U004207,Zoe Bennett,wpeters@example.com,Female,West Rachel,7/26/2025
U004208,Sandra Brown,banksyolanda@example.com,Female,Port Tracey,1/14/2025
U004209,Betty Moore,landrade@example.net,Male,New Ryan,10/22/2025
U004210,Abigail Fuller,kingallison@example.org,Male,Francesberg,1/6/2024
U004211,Jacob Schaefer,krogers@example.org,Male,Port Maryhaven,1/8/2024
U004212,Michael Moreno,lisawise@example.org,Male,Jameschester,1/25/2024
U004213,Pamela Gross,lisaperez@example.net,Other,Andrewchester,11/30/2024
U004214,Steven Morales,heatherpitts@example.net,Male,Lake Andretown,3/11/2025
U004215,Nicole Lane,guzmantiffany@example.com,Male,Michaelview,7/31/2025
U004216,Samuel Acevedo,prestonjohn@example.com,Male,Ruizside,1/17/2024
U004217,John Ingram,julie56@example.com,Male,Franklinmouth,3/16/2025
U004218,Anna White,tperez@example.com,Female,East Sylvia,3/3/2025
U004219,Tracy Williams,duncanvanessa@example.com,Female,Sullivanmouth,10/10/2025
U004220,Theresa Bradshaw,bryan34@example.org,Female,South Randybury,4/12/2025
U004221,Barbara Hunter,jcochran@example.org,Female,Johnsonstad,4/12/2024
U004222,Courtney Aguilar,jacob36@example.net,Male,South John,7/8/2025
U004223,Steven Ferguson,robinsoncharles@example.com,Other,West Charles,3/28/2025
U004224,Emily Baldwin,jbrady@example.com,Female,North Danielport,8/23/2024
U004225,Sara Jackson,dharris@example.net,Male,Blackwellbury,11/11/2024
U004226,Larry Ramirez,sarah64@example.com,Female,North Denise,5/16/2025
U004227,William Murphy,richardhall@example.net,Female,North Amyhaven,6/16/2025
U004228,Joseph Dunn,martinezamy@example.com,Female,Hunterville,8/30/2025
U004229,Rachel Smith,wulaura@example.com,Female,New Gabrielaton,10/3/2024
U004230,Emily Campbell,ldrake@example.net,Male,South Cameron,5/28/2025
U004231,Heather Johnson,zrobinson@example.com,Male,North Jose,5/20/2024
U004232,Clayton Miller,wbartlett@example.org,Male,New Julie,5/13/2024
U004233,Matthew Santos,parsonsdawn@example.net,Other,West Ashley,1/5/2024
U004234,Richard Henry,beverly73@example.net,Female,Petersville,3/23/2025
U004235,Jesus Chandler,pamelamartin@example.com,Other,New Charlesstad,5/19/2024
U004236,Donna Lopez,austinthompson@example.org,Other,Tuckerchester,9/6/2025
U004237,John Gordon,sloanthomas@example.net,Other,Powellberg,2/5/2024
U004238,Kyle Mcknight,smoore@example.net,Male,Alyssaland,12/15/2024
U004239,Heather Wright,butleramanda@example.org,Male,South Chelsea,1/3/2024
U004240,Deborah Murphy,shellycowan@example.net,Female,Port Ivan,5/31/2024
U004241,Stephanie Davis,parmstrong@example.net,Male,Johnchester,11/2/2024
U004242,Jessica Sanchez,bradjackson@example.com,Male,Garcialand,2/7/2025
U004243,Lauren Powers,jerrywilliams@example.net,Other,Jimeneztown,8/21/2024
U004244,Barbara Cruz,cooleyjoshua@example.org,Male,New Paige,2/14/2024
U004245,Kenneth Garcia,benjaminhoffman@example.com,Female,West Amy,1/1/2024
U004246,Mark Lopez,jstephens@example.com,Female,South Saraberg,7/29/2024
U004247,Stephen Russell,mmccann@example.net,Other,Daniellebury,6/29/2025
U004248,Ashley Perkins,eward@example.com,Male,Lake Robertside,10/5/2024
U004249,Jeffrey Barron,phuynh@example.net,Other,South Judith,6/20/2024
U004250,Robert Miller,michael57@example.com,Female,Kleinhaven,7/23/2025
U004251,Devin Lynch,william61@example.net,Female,South Kelly,9/4/2024
U004252,Ariana Martin,ijohnson@example.com,Male,Markburgh,1/5/2025
U004253,Melanie Crawford,moorevalerie@example.net,Male,New Marvin,8/28/2024
U004254,Angela Durham,ublake@example.org,Female,South Jennifer,10/18/2025
U004255,Evan Carter,maryromero@example.net,Female,West Jasonview,5/22/2024
U004256,Eric Carr,huntnicholas@example.com,Other,North Alexandriaville,3/2/2024
U004257,Brittney Hardin,delacruzmelanie@example.net,Other,New Krystal,2/24/2025
U004258,Jimmy Dean,jacksonthomas@example.com,Other,Hunterton,4/9/2025
U004259,Shelby Brooks,michael74@example.net,Male,Lewisberg,2/15/2024
U004260,Teresa Jennings,wcaldwell@example.org,Male,Phillipmouth,1/14/2025
U004261,Timothy Mills,darrell96@example.org,Female,Lake Ryanfurt,11/8/2025
U004262,Ricky Beltran,kellerjames@example.org,Male,Graytown,7/20/2025
U004263,Franklin Carter,nicholas79@example.org,Male,West Jasonfurt,7/4/2025
U004264,Theresa Murphy,melanie54@example.com,Male,South Angelaview,8/15/2025
U004265,Henry Smith,joewarren@example.org,Male,Cathyshire,6/13/2025
U004266,Brianna Bennett,paynekimberly@example.net,Male,New Stevenmouth,10/13/2025
U004267,Barry Rodriguez,leetina@example.com,Male,Greenville,12/19/2024
U004268,Julia Martinez,michellesalazar@example.org,Male,Lake Julia,4/4/2024
U004269,Natasha Burke,kelly12@example.org,Male,West Victoria,2/19/2025
U004270,Mark Gonzales,gillespiethomas@example.com,Female,Hughesside,5/2/2025
U004271,Sheena Brown,shelleybailey@example.net,Female,South Heidi,11/27/2024
U004272,Mitchell Hanna,mitchelljoel@example.com,Other,Webbfurt,3/18/2025
U004273,Catherine Ballard,juliaball@example.org,Other,Monicafurt,11/12/2025
U004274,Taylor Lawrence,xedwards@example.com,Other,Port Davidport,11/23/2024
U004275,Elizabeth Livingston,rachel38@example.net,Male,South Mary,8/16/2024
U004276,Ashley Blanchard,emilyhughes@example.com,Other,Randallshire,11/1/2024
U004277,Monica Stone,oholmes@example.net,Other,West Davidbury,9/24/2024
U004278,Benjamin Hardy,chelsea44@example.com,Female,Ramirezmouth,8/9/2024
U004279,Devin Evans,jessica78@example.com,Male,North Carolynview,2/6/2024
U004280,Debra Dunn,rebecca75@example.org,Male,New David,11/10/2024
U004281,Lauren Allen,tinashepard@example.org,Male,West Robert,6/21/2024
U004282,Chelsea Wilson,castrodeborah@example.net,Male,Castillotown,10/11/2025
U004283,Terry Johnson,barbarachambers@example.org,Other,West Phillip,9/1/2025
U004284,Mary Conrad,tholt@example.net,Female,Olsenland,10/10/2025
U004285,Timothy Olson,awhite@example.net,Male,Navarrohaven,6/5/2025
U004286,Richard Hall,kathylong@example.net,Male,East Alexborough,10/8/2024
U004287,Lauren Anderson,nturner@example.com,Female,Sandersview,4/7/2024
U004288,Shaun Strickland,phillipadams@example.org,Male,Tammymouth,1/22/2025
U004289,David Delgado,ijackson@example.net,Male,Port Charlesburgh,7/15/2024
U004290,Christina Mosley,amandastark@example.net,Female,Port Andrew,8/14/2025
U004291,Paul Johnson,reginald69@example.com,Male,North Saraburgh,6/17/2024
U004292,Jacob Floyd,dean40@example.com,Male,West Danamouth,8/22/2025
U004293,Joseph Solis,ahenderson@example.org,Other,South Shane,12/17/2024
U004294,Stephanie Duncan,lindaperez@example.com,Female,Mcmillanport,9/19/2025
U004295,Andrew Arnold,perrymargaret@example.net,Other,New Maureen,9/10/2025
U004296,Kelsey Brown,acampbell@example.org,Female,New Kurtfort,9/17/2025
U004297,Elizabeth Little,margaret34@example.net,Female,Woodstad,8/30/2025
U004298,Julie Anderson,robinsonkatherine@example.com,Male,Gibsonburgh,7/11/2024
U004299,Kevin Williams,janicedixon@example.net,Female,West Erinmouth,10/24/2024
U004300,Matthew Ochoa,margaret56@example.org,Other,Draketown,11/2/2025
U004301,Veronica Miller,kimberlyduarte@example.com,Female,Popeland,12/5/2024
U004302,Kathy Hampton,nchambers@example.org,Male,Andrewside,6/16/2024
U004303,Dillon Green,emily54@example.com,Female,Christianton,8/28/2025
U004304,Andrew Burton,nrodriguez@example.net,Male,Kelseymouth,10/1/2024
U004305,Scott Murphy,hallleslie@example.com,Male,Parkerview,5/29/2024
U004306,Mary Anderson,wattsjonathan@example.org,Female,New Veronicaborough,7/4/2024
U004307,Michael Buckley,pcastro@example.org,Female,Gabrielleshire,3/14/2024
U004308,Benjamin Blake,sonyareese@example.org,Female,Thomasmouth,1/19/2024
U004309,Kayla Richardson,sheila62@example.net,Male,Catherinestad,4/11/2025
U004310,Michael Glass,marypatrick@example.net,Male,New Beverly,9/20/2024
U004311,Charles Lane,christopher88@example.net,Other,Kathleenside,7/16/2024
U004312,Samantha Glover,sheltonariel@example.com,Other,Lake Misty,10/27/2024
U004313,Cassandra Stone,flemingcharles@example.net,Other,Cervantesshire,12/14/2024
U004314,Erin Carter,wallkaren@example.com,Male,Mooremouth,8/9/2025
U004315,Nicholas Mcdonald,rhondawest@example.net,Other,Kellymouth,4/9/2025
U004316,Brian Riley,beckaustin@example.com,Female,North Johnny,7/16/2025
U004317,Brenda Williams,npollard@example.net,Female,Lake Raymondview,6/26/2025
U004318,John Cowan,christinawilliams@example.com,Female,Makaylaview,9/21/2025
U004319,Tim Reid,martinezhenry@example.org,Other,Freemanburgh,1/9/2024
U004320,Tara Jones,omontgomery@example.com,Female,South Christopher,2/21/2025
U004321,Tina Perry,ehill@example.org,Male,Bensonbury,3/12/2025
U004322,Scott Fisher,vanessamann@example.net,Male,North Stephanie,8/25/2024
U004323,Kathleen Lee,jonespaul@example.net,Female,East Christopher,9/8/2025
U004324,Ashley Williams,zphillips@example.net,Female,Walterview,4/18/2024
U004325,Benjamin Gray,eddie31@example.com,Male,Taylorberg,5/24/2024
U004326,Kevin Copeland,valerie71@example.org,Female,Williamsfurt,8/5/2025
U004327,Shawn Schneider,hvelez@example.net,Male,North Jonathan,2/11/2024
U004328,Benjamin Stevens,gordonjonathan@example.net,Other,Lake Danielville,1/6/2025
U004329,Jessica Saunders,steven65@example.net,Other,Shawnstad,11/7/2024
U004330,Andrew Perez,raymondmurray@example.net,Male,Cynthiaview,11/3/2024
U004331,Sarah Rowland,cardenaskathleen@example.net,Other,Lake Makayla,6/9/2025
U004332,Justin Moran,nedwards@example.org,Other,West Leslieborough,11/26/2024
U004333,Natalie Johnson,anthonyford@example.org,Male,North Ericmouth,5/12/2024
U004334,Jose Reed,yballard@example.net,Female,South Jasonberg,8/27/2024
U004335,Dalton Nash,loriwalters@example.org,Other,Port Lisa,8/21/2024
U004336,Christopher Solis,tinafrye@example.net,Female,Port Anthony,12/12/2024
U004337,Brian Shah,angela08@example.net,Female,Gilmoreland,6/8/2025
U004338,Kelsey Shaw,kevin30@example.com,Other,Erinmouth,3/14/2024
U004339,David Garcia,zrodriguez@example.net,Female,North Annetteville,9/23/2025
U004340,Melissa Wiggins,omccullough@example.com,Female,North Matthew,10/21/2025
U004341,Timothy Clayton,awilson@example.com,Other,South Amandahaven,9/29/2025
U004342,Joshua Gay,craig73@example.com,Other,Ronaldshire,3/17/2025
U004343,Cynthia Carter,matthewstewart@example.com,Female,Ryanshire,8/17/2024
U004344,Travis Olson,erinarmstrong@example.org,Female,Simsfurt,3/13/2025
U004345,Jessica Mccann,dianesingh@example.org,Female,West Ericatown,1/24/2024
U004346,Michael Lucas,sheltonlaura@example.org,Male,Dawnville,8/26/2025
U004347,Sonya Chandler,donaldbrown@example.com,Male,Bartlettberg,2/28/2025
U004348,Brittany Jones,wardtamara@example.net,Female,Gloriabury,8/18/2024
U004349,Kimberly Ayala,longsandra@example.net,Other,South Jacobhaven,6/6/2024
U004350,Jennifer Daniel,ybrown@example.org,Male,New Amandastad,2/29/2024
U004351,Danielle Lewis,joshuabradley@example.com,Male,West Ryan,10/6/2025
U004352,Wendy Boyd,wgilbert@example.org,Female,Tonyport,2/11/2024
U004353,Jorge Padilla,ghughes@example.net,Male,Mcgeebury,9/9/2025
U004354,Richard Porter,carrieharris@example.com,Female,Lake Kevin,1/15/2024
U004355,Cassandra Dodson,brandyrogers@example.com,Other,New Jenna,11/26/2024
U004356,Larry Baker,nicholaskim@example.org,Female,North Michelle,1/28/2024
U004357,Adriana Anderson,zlong@example.org,Other,Adrianville,5/8/2024
U004358,Theresa Newton,samantha76@example.com,Male,Port Kayla,3/2/2025
U004359,Megan Morales,shelby16@example.net,Male,North Thomas,7/26/2024
U004360,Damon Watson,cristinaphillips@example.com,Male,Johnsonmouth,2/19/2024
U004361,Andrew Shaffer,vgreen@example.net,Male,South Robertport,1/5/2024
U004362,Zachary Wilson,davidbryant@example.org,Other,Nicholsbury,12/31/2024
U004363,Catherine Fernandez,samanthacox@example.com,Male,South Moniqueborough,5/14/2024
U004364,Lindsay Parker,wcoleman@example.com,Female,Rodriguezview,8/24/2025
U004365,Deanna Lane,johnsoncory@example.net,Other,Linshire,3/8/2024
U004366,Erin Miller,mariahunter@example.net,Other,Port Lawrence,3/14/2025
U004367,Ann Woodard,craigdennis@example.com,Male,East Oliviafort,6/20/2024
U004368,Robin Cruz,james90@example.net,Male,Lake Shannonview,4/21/2025
U004369,Renee King,sandovalanthony@example.net,Other,East Ashlee,11/29/2024
U004370,Richard Clayton,vnguyen@example.com,Female,East Heatherbury,1/31/2024
U004371,Johnathan Martinez,jbowman@example.com,Female,New Alexis,11/13/2024
U004372,Andrea Cruz,awhite@example.org,Male,New Alanshire,4/25/2024
U004373,Elizabeth Wilson,sarah78@example.org,Male,Grimesfort,1/6/2025
U004374,Kristi Rios,brentcampos@example.org,Male,South Chadside,3/6/2025
U004375,Kathryn Duncan,sheilaharris@example.net,Other,Grayfurt,2/12/2024
U004376,Michael Jones,cantrellvictoria@example.org,Female,Smithberg,4/24/2024
U004377,Dennis Alvarado,melinda28@example.com,Other,West Amanda,11/6/2024
U004378,Kirk Jackson,lgonzalez@example.net,Other,Newmanview,8/5/2025
U004379,Michael Davis,kelseyfrancis@example.org,Female,Michaelhaven,2/25/2025
U004380,Stanley Burch,josepena@example.net,Other,South Christophertown,12/10/2024
U004381,Susan Peters,jared29@example.com,Male,West Jenniferton,8/27/2024
U004382,Nancy Garrison,caleb79@example.com,Other,Lake Bobby,11/1/2025
U004383,Kimberly Romero,hillmelissa@example.net,Other,Port Chadville,11/13/2024
U004384,Evan Ramirez,amanda74@example.net,Female,Bradton,11/19/2024
U004385,Grant White,ireed@example.org,Other,Douglastown,1/29/2025
U004386,Angela Stanley,stephen01@example.net,Other,Mitchellborough,7/20/2025
U004387,Diane Gamble,jmorris@example.net,Male,West Maurice,10/21/2025
U004388,Heidi Brooks,sporter@example.net,Other,Rogertown,7/14/2025
U004389,Matthew Valdez,andersonjason@example.org,Male,Janeport,1/1/2024
U004390,Tina Mitchell,agregory@example.org,Female,Darrenton,2/28/2025
U004391,Debra Strong,heather60@example.net,Other,Lisafort,9/25/2024
U004392,Priscilla Monroe,dwashington@example.com,Female,North Sherry,4/16/2025
U004393,Mathew Anderson,duffycody@example.net,Male,North Jenniferchester,12/29/2024
U004394,Danielle Parker,wagnerlori@example.org,Female,Lake Ericborough,6/19/2024
U004395,Kimberly Elliott,stephen36@example.net,Male,New Melinda,1/11/2024
U004396,Susan Ward,michael58@example.com,Male,Shelleyside,9/15/2024
U004397,Jenny Simmons,gadams@example.com,Male,Lake Richard,9/3/2024
U004398,William Rodriguez,williamsgregory@example.com,Male,Richardview,8/21/2025
U004399,John Mitchell,derek48@example.com,Other,Spencerport,8/20/2024
U004400,Hannah Collins,murphyjulie@example.org,Male,South Billy,7/13/2025
U004401,Matthew Rodriguez,millsbrittany@example.net,Male,East Amandamouth,2/16/2025
U004402,Michael Jensen,anne22@example.net,Other,Lake Jamesberg,8/8/2025
U004403,Christina Mendez,fhiggins@example.net,Female,Port Danielfurt,7/16/2024
U004404,Kristen Phillips,nicholasgallegos@example.net,Male,Port Brittanymouth,10/28/2024
U004405,Samuel Cooley,gabrielleberry@example.com,Female,Kingborough,2/16/2025
U004406,Kevin Castillo,jenniferbutler@example.com,Other,Lake Sandrafort,10/24/2025
U004407,Patrick Ponce,alexandra08@example.com,Male,North Kristine,7/4/2025
U004408,Louis Swanson,vhood@example.org,Male,Port Manuelland,10/10/2024
U004409,Robert Wood,ievans@example.net,Female,Sarastad,4/1/2024
U004410,Tanya Ramos,nicholas12@example.com,Other,East Austinhaven,1/2/2025
U004411,Michelle Rodriguez,michaelsellers@example.org,Male,Lake Joel,6/14/2024
U004412,Jose Aguilar,jamescochran@example.net,Female,Lake Herbertstad,5/23/2025
U004413,Vincent Stark,zchaney@example.net,Male,Nelsonborough,8/6/2024
U004414,Renee Campbell,williejenkins@example.org,Male,Haynesberg,8/15/2024
U004415,Steven Walters,andersonjulia@example.org,Male,Smithfort,5/20/2024
U004416,Maria Hill,joshuaperry@example.org,Other,Wallerborough,9/22/2024
U004417,Michael Ramirez,llittle@example.net,Other,Johnsonburgh,6/17/2024
U004418,Cody Griffith,adamsdanielle@example.net,Male,West Melissa,8/14/2024
U004419,David Gonzalez,xleblanc@example.org,Male,Jessicaport,3/6/2024
U004420,Gavin Williams,lynnfrey@example.com,Other,Dianaberg,1/1/2025
U004421,Jonathan Snow,leah30@example.com,Female,North Victoriatown,8/23/2025
U004422,Michael Schmidt,thomassingleton@example.org,Male,West Brett,1/3/2024
U004423,Karen Barnes,jefferydiaz@example.com,Female,Allenstad,12/2/2024
U004424,Bryan Carrillo,nicole99@example.com,Other,Alyssafurt,2/7/2025
U004425,Bobby Sawyer,tracy33@example.net,Other,South Cindyberg,1/31/2025
U004426,Paul Lane,alejandro47@example.com,Female,North Spencermouth,10/4/2024
U004427,Robert Roberson,kimberly89@example.net,Other,Lake Raymondside,1/11/2024
U004428,Mikayla Crawford,frankjackson@example.org,Male,West Johnton,9/30/2025
U004429,Hannah Andrews,serranomelissa@example.com,Female,Lake Melaniefurt,9/30/2024
U004430,Matthew Miller,brucetina@example.org,Female,Port Ericfurt,6/3/2025
U004431,Lisa Robinson,wshelton@example.org,Female,Aaronberg,3/15/2024
U004432,Sarah Evans,josewheeler@example.org,Male,Johnberg,3/11/2025
U004433,David Park,johnsonjames@example.com,Male,New Donna,6/7/2024
U004434,Eileen Cook,tbradley@example.org,Other,Jerryburgh,4/20/2024
U004435,Teresa Wilson,lbright@example.net,Female,Patriciahaven,2/17/2025
U004436,Jill Marsh,brian89@example.com,Other,Carpenterstad,7/6/2024
U004437,Cesar Hill,aaronmarshall@example.net,Female,South Johnbury,5/27/2024
U004438,David Fry,griffithmatthew@example.com,Other,South Casey,9/14/2024
U004439,Robin Gonzalez,brianacarter@example.net,Female,Zimmermanmouth,5/25/2025
U004440,Jessica White,james82@example.org,Male,Ryanburgh,5/13/2024
U004441,Victoria Shah,jamesle@example.org,Other,New Sheila,4/23/2024
U004442,Jennifer Robinson,cruztodd@example.org,Other,Samanthaton,8/10/2024
U004443,Grace Lutz,charles45@example.org,Other,New Vanessa,8/23/2025
U004444,Mike Ramos,boydmadison@example.net,Other,New Jasmin,6/21/2024
U004445,Heidi Bailey,robert29@example.net,Female,East Dawn,9/11/2025
U004446,Daniel Leblanc,angela33@example.net,Male,Romeroshire,11/10/2024
U004447,Claudia Simon,petersonkathryn@example.net,Other,Matthewfort,9/6/2024
U004448,Michael Hicks,michaelstout@example.org,Other,East Joyce,9/4/2024
U004449,Alexis Olson,esawyer@example.net,Male,Morrisonport,4/10/2025
U004450,Kenneth Maldonado,steven52@example.net,Female,West Amystad,12/10/2024
U004451,Oscar Cox,qduncan@example.org,Female,Richardtown,10/14/2025
U004452,Mason Anderson,leah41@example.org,Other,Port Morganstad,5/25/2025
U004453,Gregory Turner,thomasdonna@example.com,Other,Kemphaven,5/20/2025
U004454,Deborah Hudson,stephanie59@example.com,Female,Timothybury,1/18/2024
U004455,Lorraine Jackson,megan53@example.net,Male,North Russell,5/17/2024
U004456,Jessica Walker,swalters@example.org,Male,Mirandaborough,7/4/2024
U004457,Michael Preston,james10@example.net,Other,West Emmachester,11/23/2024
U004458,Debra Johnson,john12@example.org,Male,Frankfurt,12/30/2024
U004459,Sean Kim,cbrown@example.net,Other,Robertsburgh,7/7/2024
U004460,Courtney Booth,owensdonna@example.org,Other,Warrenton,12/12/2024
U004461,Jessica Rodriguez,yvonne48@example.org,Female,Peterport,5/15/2025
U004462,Daniel Rodgers,lparker@example.net,Other,North Joshuashire,10/6/2025
U004463,Brian Novak,gonzalesholly@example.net,Male,Lake Maryport,2/17/2024
U004464,Gerald Johnson,allenrosario@example.com,Male,West Christopherland,9/19/2025
U004465,Billy Boone,charlesowen@example.com,Other,East Christopherhaven,2/10/2024
U004466,Andrea Williams,deborah41@example.com,Female,West Sharon,12/17/2024
U004467,Andrew Bell,jennifer77@example.org,Other,North Matthew,8/15/2024
U004468,Paul Garcia,david16@example.org,Male,Mathisview,6/6/2024
U004469,Mitchell Lee,johnsondaniel@example.com,Other,Alexview,5/22/2024
U004470,Morgan Lopez,michael10@example.com,Other,South Peggy,10/14/2025
U004471,Adam Thomas,gardnervanessa@example.com,Male,West Sara,5/7/2024
U004472,Samuel Moody,icraig@example.com,Female,Port Jimmy,1/10/2025
U004473,Emily Livingston,kimberlywhitaker@example.net,Male,Port Janetview,1/27/2024
U004474,Anthony Larson,martinjennifer@example.net,Female,Davidville,6/12/2025
U004475,Brenda Stanley,zacharywest@example.com,Other,West Jenniferview,11/10/2025
U004476,Lauren Baker,kennethrivera@example.org,Male,South Ronald,3/1/2025
U004477,Timothy Patel,zgarrett@example.com,Male,Analand,3/17/2025
U004478,Chad Cannon,hollymcdonald@example.com,Female,North Jill,1/26/2024
U004479,Tyler Black,ggibson@example.org,Female,South Aaronberg,12/3/2024
U004480,Brian Lynch,cynthiamiller@example.net,Male,East Julia,6/20/2024
U004481,Michael Johnston,hoffmanemily@example.com,Other,Millerfurt,3/7/2024
U004482,Allen Griffin,brittanycoffey@example.net,Male,Lake Donaldfurt,3/15/2025
U004483,Evelyn Hendricks,btapia@example.org,Other,Port Tamaraside,2/9/2024
U004484,Emily Weber,dominiquepowers@example.com,Other,Villanuevaborough,7/4/2024
U004485,Andrew Rice,pamelaclark@example.net,Other,Bradleyfurt,6/2/2025
U004486,Dawn Snyder,connermatthew@example.org,Other,Lake Benjaminton,4/25/2025
U004487,Brian Robinson,lgarrett@example.com,Female,Lake Jennahaven,4/9/2025
U004488,Michael Cherry,patricia44@example.org,Female,Kimberlyberg,7/21/2025
U004489,Robert Long,alexander29@example.net,Male,South Raymondshire,6/27/2024
U004490,Crystal Rodriguez,cheryl83@example.com,Female,Boydtown,3/21/2024
U004491,Mary Davis,sramirez@example.org,Male,Port Timothymouth,6/11/2024
U004492,Andrew Steele,ramirezmargaret@example.com,Male,Lake Nancy,8/15/2024
U004493,Sean Newman,patriciaoliver@example.org,Other,Port Angelica,8/15/2024
U004494,James Aguilar,rogercarter@example.com,Male,Jeffersonfurt,1/25/2024
U004495,Michael Harris,sherri53@example.com,Female,Mitchellberg,11/18/2024
U004496,April Jackson,wgardner@example.net,Female,East Travisland,12/5/2024
U004497,Darrell Wright,leahsmith@example.org,Male,West Rebecca,8/8/2025
U004498,Richard Harper,raymichael@example.net,Other,Danielfurt,7/9/2025
U004499,Anna Jimenez,campbellkristen@example.com,Male,Robbinschester,9/29/2024
U004500,Donald Norris,cnorris@example.org,Male,Garciamouth,10/17/2025
U004501,Deborah Vincent,jacksonpatrick@example.net,Female,New Debra,7/2/2024
U004502,Robert Le,rebeccazimmerman@example.net,Female,Patrickhaven,8/5/2025
U004503,Rebecca Russo,melissabarnett@example.com,Other,Michaelland,7/6/2025
U004504,Gregory Weaver,yjenkins@example.net,Female,Kevinbury,12/30/2024
U004505,Melanie Caldwell,ymckee@example.net,Male,New Tanyaton,5/15/2025
U004506,Samuel Walker,cmorrison@example.com,Female,North Allison,12/16/2024
U004507,Jonathan Page,smithjustin@example.net,Female,Lake Tony,5/28/2024
U004508,Matthew Bradford,reginald15@example.org,Female,North Karla,10/2/2025
U004509,Richard Smith,grusso@example.net,Female,Shawburgh,10/18/2024
U004510,David Wood,iward@example.net,Other,New Lisa,4/27/2025
U004511,Danielle Williams,jennifer50@example.net,Female,New Andrea,6/20/2024
U004512,Nicole Gonzalez,nicholas69@example.org,Male,West Kellyhaven,5/12/2024
U004513,Bradley Jacobs,oleon@example.org,Female,Port Chase,9/24/2024
U004514,James Mendoza,zmcclain@example.org,Other,Port Kellyhaven,3/29/2025
U004515,Zachary Acevedo,howardzachary@example.net,Other,East Sarah,4/21/2025
U004516,Lucas White,carriebrewer@example.com,Other,Joshualand,7/8/2024
U004517,James Crawford,torrestravis@example.net,Male,Duanestad,12/13/2024
U004518,Leah Parker,brandongonzalez@example.com,Male,Lake Jenniferton,1/17/2024
U004519,Ronald Griffin,matthew05@example.org,Female,Timothyfurt,10/30/2024
U004520,Denise Long,yclark@example.org,Male,Henryview,5/2/2025
U004521,Christopher Kelly,guerrajessica@example.org,Male,Samuelland,11/18/2024
U004522,William Hammond,susanbaker@example.org,Female,Turnermouth,3/14/2025
U004523,Allison Dominguez,julie73@example.org,Male,Jonesfurt,2/21/2024
U004524,Travis Scott,larsonkristopher@example.net,Female,North Mandyshire,1/21/2024
U004525,Robert Dixon,rebeccarhodes@example.net,Female,Calderonmouth,4/16/2024
U004526,Connie Brandt,ywoods@example.com,Male,Aaronbury,12/21/2024
U004527,Wendy Gill,melvin37@example.com,Male,Port Davidburgh,7/22/2024
U004528,Michael Li,lmaynard@example.net,Female,Lake Nicholas,10/13/2024
U004529,Guy Wood,matthew40@example.org,Male,Breannahaven,9/4/2024
U004530,Tara Wright,wward@example.com,Female,South Diane,6/1/2025
U004531,Gavin Jennings,samuel54@example.com,Male,Glennstad,3/5/2025
U004532,Jeanne Harris,jonesanna@example.net,Other,Cruzburgh,12/10/2024
U004533,Bryan Mathews,rebecca28@example.com,Male,Port Nancyhaven,7/25/2025
U004534,Denise Wong,jeffrey29@example.net,Other,Roachbury,6/8/2024
U004535,Lance Salas,lindabrown@example.net,Male,Loriside,1/10/2025
U004536,Kevin Coleman,opark@example.net,Female,New Jenniferfurt,6/7/2025
U004537,Penny Scott,tonyparker@example.com,Other,North Michaelside,5/16/2024
U004538,Timothy Hahn,petersonrichard@example.com,Other,North Joy,11/7/2024
U004539,Sarah Kirk,judysharp@example.org,Female,West Andrewborough,5/24/2024
U004540,Ashley Bridges,xcoleman@example.net,Other,South Genefurt,9/11/2025
U004541,Amy Sharp,zmendoza@example.org,Male,New Dillonport,2/26/2025
U004542,Terri Soto,jonathansullivan@example.net,Female,Gonzalesmouth,11/13/2024
U004543,Megan Davis,april95@example.com,Other,West Stephen,3/11/2024
U004544,Gerald Frye,carlabrown@example.org,Male,West Katherine,9/10/2024
U004545,Scott King,david47@example.org,Other,West Nancyhaven,6/1/2024
U004546,Meredith Fry,serranomathew@example.com,Female,Port Cassandratown,11/9/2025
U004547,Anthony Bryant,mhester@example.org,Male,East Coltonfurt,11/4/2024
U004548,Kenneth Sanchez,jamespreston@example.org,Male,Marcustown,9/8/2025
U004549,Susan Sanchez,lisadavis@example.org,Male,West Stacy,8/7/2025
U004550,Shannon Hammond,carterbrianna@example.net,Female,Melindamouth,4/22/2025
U004551,Jesse Warner,mikegonzalez@example.org,Male,West Laurieborough,11/18/2024
U004552,Nathan Ballard,kristengolden@example.net,Male,South Vincent,8/13/2024
U004553,Cynthia Collier,jennifer98@example.org,Female,Lake Richardborough,6/9/2024
U004554,Kristen Villarreal,anneschultz@example.com,Other,West Donaldshire,5/29/2025
U004555,Christina Shields,davismaria@example.com,Other,Bakerborough,7/20/2024
U004556,Latasha Peterson,eguzman@example.net,Other,North Barbara,3/15/2025
U004557,Wayne Taylor,davissarah@example.org,Other,Lake Brittany,5/19/2025
U004558,Briana Hoover,garciapamela@example.net,Other,Christyport,12/11/2024
U004559,Ronald Hamilton,sharptiffany@example.net,Female,East Benjamintown,12/1/2024
U004560,Teresa Fleming,molly80@example.org,Other,North Lori,1/5/2024
U004561,Jason Allen,sextontristan@example.org,Female,North Jill,9/9/2025
U004562,Renee Cooper,christine92@example.net,Female,Port Francesville,3/14/2024
U004563,Megan Haney,guzmancarl@example.com,Male,Cameronchester,2/11/2025
U004564,Holly Anderson,tiffany48@example.net,Male,Port Raymond,8/4/2024
U004565,Veronica Wu,fisherapril@example.org,Male,West Patriciaborough,9/8/2025
U004566,Robert Hanson,jason45@example.net,Female,Lake Joseph,11/8/2025
U004567,Jared Brown,matthewbrock@example.org,Other,Jeffreystad,2/19/2025
U004568,Julie Ho,linkevin@example.net,Other,Williamschester,10/22/2025
U004569,Nicole Rivera,tina16@example.net,Female,East Jennifer,7/7/2024
U004570,Mason Hubbard,rsherman@example.com,Male,North Rhondashire,1/22/2024
U004571,James Garcia,youngdawn@example.net,Male,Lake Randyfurt,5/20/2024
U004572,Grace Weber,tschmidt@example.org,Female,Heatherborough,12/6/2024
U004573,Drew Smith,markbuck@example.net,Male,Timothyborough,2/18/2025
U004574,Lori Stephens,timothylewis@example.com,Female,Port Christopher,2/20/2025
U004575,Tammy Tyler,sbradley@example.com,Male,Jamieton,2/5/2024
U004576,Abigail Valentine,larajonathan@example.org,Female,Heatherville,11/8/2024
U004577,Alexis Brown,spencerjohn@example.net,Other,Joneston,9/24/2025
U004578,Tanya Robertson,kevin12@example.net,Other,Lake John,1/2/2024
U004579,Alan Hardy,erika25@example.com,Other,Lake Ashley,9/24/2025
U004580,Meagan Reynolds,joseph29@example.net,Female,Brownton,4/9/2024
U004581,Donna Martinez,briannarodriguez@example.com,Male,North Coleport,2/22/2025
U004582,Jim King,georgekara@example.org,Male,Liberg,12/18/2024
U004583,Lisa Gutierrez,zachary00@example.org,Male,East Jennabury,3/25/2024
U004584,Andrew Barnes,xrogers@example.net,Male,Santosbury,10/30/2025
U004585,Amy Holland,paulparker@example.com,Male,West Juan,5/7/2024
U004586,Gregory Wagner,mbaker@example.net,Other,West Tinahaven,9/1/2025
U004587,Michele Duncan,cooperchristina@example.org,Female,Evanland,4/5/2025
U004588,Jesse Hernandez,fvasquez@example.org,Male,Lopezport,10/25/2024
U004589,David Williams,brandy57@example.net,Female,West Matthewland,10/14/2025
U004590,Brittany Robbins,gary64@example.org,Male,Donaldville,1/12/2025
U004591,David Torres,kimberly72@example.net,Female,Lake Fernandoberg,11/26/2024
U004592,Dawn Stevens,patrickhampton@example.net,Female,Lake Jose,2/26/2025
U004593,Colleen Randall,huertajohn@example.com,Female,Susanfurt,1/23/2024
U004594,Nathan Brown,stephensonjuan@example.org,Female,North Alexis,4/3/2024
U004595,Cameron Coleman,jackson43@example.com,Other,Shawtown,3/18/2024
U004596,Nathan Beck,joannesnow@example.com,Female,Lake Davidton,10/21/2025
U004597,Anna Ross,vsalazar@example.net,Male,Dominguezstad,5/21/2025
U004598,Brittany Wong,christian35@example.org,Other,Vazquezport,10/2/2024
U004599,Omar Jackson,mmann@example.org,Other,Hunterton,2/26/2025
U004600,Renee Gilbert,victor05@example.net,Female,East Brandon,10/29/2024
U004601,Nicole Kramer,aolsen@example.net,Male,Douglasstad,2/15/2024
U004602,Jessica Young,jasonarnold@example.com,Female,East Daniel,9/29/2025
U004603,Stephanie Reynolds,nrodgers@example.net,Female,Parkerport,9/4/2025
U004604,Robert Tucker,mwilson@example.net,Female,Priscillaville,9/15/2025
U004605,Troy Orr,johnbrown@example.org,Male,Wilsonstad,3/21/2024
U004606,Zachary Smith,jenniferturner@example.net,Female,Jennifershire,10/2/2025
U004607,Sean Burnett,fholland@example.com,Male,New Elizabethstad,8/4/2025
U004608,Stephen Jones,orice@example.com,Female,Brandonberg,3/17/2025
U004609,Marcia Ayala,george43@example.com,Female,South Peter,5/16/2025
U004610,Justin Ryan,vfloyd@example.com,Female,North Amandaland,10/16/2025
U004611,Alicia Singh,snewman@example.com,Female,Robertschester,10/5/2024
U004612,April Carter,stevenyoung@example.org,Male,Lake Zacharyhaven,10/26/2024
U004613,Robert Murphy,david35@example.com,Female,Matthewmouth,3/12/2024
U004614,Dana Johnson,uburke@example.org,Other,Barryton,2/12/2025
U004615,Crystal Brooks,anthonysmith@example.com,Male,North Kimberly,7/23/2025
U004616,Edward Jackson,briana12@example.net,Male,Patrickberg,6/28/2024
U004617,Michael Peterson,markmassey@example.com,Other,Robertsside,6/25/2024
U004618,Malik Leblanc,jparker@example.net,Other,Jasonport,8/30/2024
U004619,Julie Casey,lopezbrett@example.org,Male,South Kellyshire,4/15/2024
U004620,Stephen Bennett,jenniferfinley@example.net,Male,Lake Joshuamouth,10/4/2024
U004621,Cindy Hayes,scottbrooks@example.org,Other,East Terri,10/13/2024
U004622,Matthew Le,kristinabrown@example.net,Female,South Jessicaton,5/17/2025
U004623,Ashley Lozano,nunezkayla@example.com,Other,Josephstad,9/28/2024
U004624,Randy Carpenter,charles00@example.net,Female,North Amanda,3/27/2024
U004625,Richard Johnson,mezarobert@example.org,Other,North Mary,9/13/2024
U004626,Sylvia Owens,guzmanthomas@example.org,Male,Johnsonhaven,3/22/2024
U004627,Jimmy Avery,josephthompson@example.org,Other,Serranoport,10/21/2024
U004628,Kristy Williams,mking@example.com,Male,Lake Ricardo,5/28/2024
U004629,Frank Luna,millerkim@example.net,Female,Contrerashaven,9/29/2025
U004630,Jason Shaw,wilsonbryce@example.org,Other,Lake Michaelshire,11/3/2024
U004631,Jared Walker,earlowens@example.com,Female,West Justinhaven,4/12/2024
U004632,Raymond Allen,josephpierce@example.net,Other,Dunnchester,7/2/2025
U004633,Megan Howe,robertfoster@example.net,Other,Markport,1/24/2024
U004634,Brenda Gonzalez,hbrown@example.com,Female,Jonesfurt,3/29/2024
U004635,Julie Johnson,ecaldwell@example.org,Other,New Meredith,2/23/2025
U004636,Deborah Huerta,kelly90@example.com,Male,South Steven,3/28/2025
U004637,Christine Perry,riverajamie@example.com,Female,East Stacy,1/23/2024
U004638,Tina Hill,kelsey60@example.com,Female,Monicaland,7/13/2025
U004639,Anthony Sullivan,ldennis@example.org,Male,Washingtonland,2/4/2025
U004640,Chase Henry,daniel59@example.net,Female,Lake Shawn,6/4/2025
U004641,Bonnie Sullivan,sherry22@example.net,Other,West John,6/28/2025
U004642,Andrea Rivera,ylevy@example.org,Male,Sullivanfort,6/24/2024
U004643,Elizabeth Roy,mary83@example.com,Other,Smithshire,4/20/2024
U004644,Jimmy Bates,palmerjessica@example.org,Other,Dixonfurt,1/17/2025
U004645,Daniel Whitaker,melissaperry@example.com,Other,Newmantown,8/4/2025
U004646,Andrew Chapman,drogers@example.org,Other,East Lisafort,1/5/2025
U004647,Alexander Harris,bhopkins@example.com,Other,Russoberg,11/14/2025
U004648,Jimmy Walker,bakerevelyn@example.org,Other,Robertsburgh,1/18/2025
U004649,Ashley Riley,ginamayo@example.net,Male,Morganmouth,12/7/2024
U004650,Victor Butler,cheryldaniel@example.org,Male,Simonhaven,6/26/2024
U004651,Karen Johnson,gthompson@example.org,Female,Cherylville,5/26/2024
U004652,Elizabeth Mora,lawrencewilliam@example.org,Male,West Andrewborough,3/7/2025
U004653,Jennifer Kim,kimberly52@example.org,Male,Howardview,6/7/2024
U004654,Tracy Robles,jwhite@example.org,Male,Wendybury,4/3/2024
U004655,Brent Davis,kimberlylopez@example.com,Male,Michaelland,4/9/2024
U004656,Ralph Briggs,hendersonamy@example.org,Male,Marthamouth,4/26/2025
U004657,Jeffrey Perkins,ali@example.net,Male,Mariamouth,8/24/2025
U004658,Darlene Sullivan,rebecca71@example.net,Female,New Christopherberg,7/31/2025
U004659,Shawn Lee,aguilarchristopher@example.com,Male,Riverastad,3/26/2025
U004660,Kimberly Pineda,qcarpenter@example.net,Other,Wendyland,8/11/2025
U004661,Stephen Mclaughlin,xbanks@example.com,Female,New Nicholaschester,10/25/2025
U004662,Richard Yang,jameshill@example.com,Male,Ginaport,2/4/2025
U004663,Elizabeth Rojas,paigeking@example.org,Other,Catherinechester,6/9/2024
U004664,James Jimenez,tgallagher@example.com,Male,East Dustin,4/16/2024
U004665,Erin Anderson,patricklaura@example.com,Other,New Christopher,8/9/2025
U004666,Leah Johnston,jonathanharris@example.com,Female,Craigburgh,5/16/2025
U004667,Michael Young,alexis33@example.org,Female,Garciaport,2/8/2025
U004668,Jill Morris,louissimmons@example.org,Other,Wendyland,8/2/2024
U004669,Sylvia Jacobs,englishoscar@example.org,Male,Joseland,4/21/2025
U004670,Monica Grimes,johnfowler@example.net,Male,West Kevin,4/24/2025
U004671,Robert Duncan,hannahthomas@example.com,Female,New Stacey,11/27/2024
U004672,Jessica Peterson,thompsonwilliam@example.com,Other,Stevenside,2/8/2025
U004673,Stephanie Baird,simmonsgregory@example.com,Female,North Samantha,10/12/2024
U004674,Jessica Morgan,jayholmes@example.com,Other,Port Jeffreymouth,8/8/2024
U004675,Melinda Miller,jordanalex@example.com,Female,East Shawn,4/18/2025
U004676,Karen Mcguire,patrickmiller@example.com,Female,Timothychester,1/14/2024
U004677,Robin Brooks,lindathompson@example.com,Other,Melissafurt,2/18/2025
U004678,Shannon Archer,jgriffin@example.org,Female,Christopherchester,3/1/2025
U004679,James Gilbert,newmanpamela@example.net,Male,Edwardsside,4/26/2024
U004680,Jonathan Oconnell,onealnicole@example.net,Other,Lake Michael,9/20/2024
U004681,David Villegas,lauren46@example.org,Other,Rodriguezbury,6/17/2024
U004682,Jessica Arias,perezmorgan@example.org,Other,Woodsport,1/5/2025
U004683,Robert Chapman,perkinschristopher@example.org,Other,Sarahton,8/24/2024
U004684,Philip Ortiz,robinsonmark@example.com,Female,New Katelyn,2/25/2025
U004685,Darrell Clark,ntucker@example.com,Male,West Amanda,5/7/2024
U004686,Michael Riley,dmacias@example.com,Female,New Michael,4/12/2025
U004687,Jane Sandoval,donaldmarquez@example.net,Male,Jeremychester,9/28/2025
U004688,Richard Shaw,joneslisa@example.com,Male,Michellemouth,5/14/2024
U004689,Marvin Rowland,sara06@example.net,Other,Wayneberg,2/12/2025
U004690,Amanda Young,lawsonjessica@example.net,Other,New Matthew,2/19/2025
U004691,Joshua Griffin,jaclynmack@example.com,Other,North Larry,4/20/2025
U004692,David Moore,kellykyle@example.org,Male,Fordfurt,1/22/2025
U004693,Renee Pierce,troy04@example.org,Male,Erikfort,4/10/2024
U004694,Steven Mcfarland,harrisjohn@example.com,Other,Jamesbury,3/11/2025
U004695,Shawn Oconnell,mhudson@example.com,Male,Chasetown,2/4/2024
U004696,Randall Rios,howelljustin@example.com,Female,Port Lauren,2/2/2025
U004697,Stephanie Russell,jessica41@example.net,Other,South Brendanberg,6/5/2024
U004698,Donald Matthews,christopher39@example.org,Female,East Brendastad,1/20/2025
U004699,Krista Davis,rscott@example.com,Female,New Ashley,1/31/2024
U004700,Yvette Morris,timothylopez@example.net,Female,West Christiefort,4/29/2025
U004701,Jacqueline Carter,shebert@example.com,Female,Port Patrick,8/23/2024
U004702,Madeline Sanchez,nicole65@example.org,Other,East Jenniferside,5/13/2024
U004703,Brian Taylor,clarkdavid@example.org,Female,Stanleyview,5/16/2024
U004704,Jodi Ballard,harrisdanielle@example.net,Other,Port Wanda,3/28/2025
U004705,David Washington,ostevenson@example.org,Other,West Jennifer,9/26/2025
U004706,Savannah Erickson,kruegerjade@example.com,Female,New Jenniferberg,3/21/2025
U004707,Cory Jefferson,christopherreyes@example.org,Male,Ortegashire,7/23/2025
U004708,Jeffrey Rice,omurray@example.net,Male,Lake Christophertown,4/22/2024
U004709,Stacy Brown,samanthahawkins@example.com,Female,Browningberg,1/7/2025
U004710,Elizabeth Kelly,john56@example.com,Female,Donnaland,6/29/2025
U004711,Erin Bailey,hbenson@example.com,Male,New Tina,2/18/2025
U004712,Francisco Aguirre,jessepark@example.net,Other,North Jeremiah,4/24/2025
U004713,Michael Jones,alejandro09@example.net,Other,Lake Jamesstad,11/20/2024
U004714,Dillon Jacobson,christinayoung@example.net,Other,North Patrickfort,6/8/2025
U004715,Jason Stone,ucruz@example.org,Other,Amberton,6/3/2024
U004716,Heather Ray,kboyd@example.net,Female,East Sydney,8/10/2025
U004717,Michael Rivera,erika44@example.net,Male,Travisberg,9/4/2024
U004718,Joseph Richardson,msmith@example.net,Female,East Curtis,1/3/2024
U004719,Stephen Gilbert,andersonkimberly@example.net,Female,New Charles,3/21/2025
U004720,Jason Smith,daniel03@example.net,Other,Andersonland,10/19/2025
U004721,Edward Goodwin,vjackson@example.com,Male,Victoriaville,2/7/2024
U004722,Jason Brown,snydercatherine@example.net,Male,East Jacqueline,4/16/2024
U004723,Eric Garcia,ijordan@example.net,Other,North Rebecca,6/28/2025
U004724,Robert Garcia,jasondiaz@example.net,Female,Annastad,11/30/2024
U004725,Sharon Sanders,carpentergeorge@example.net,Female,Meganton,10/19/2025
U004726,Jessica Torres,charles47@example.com,Female,Port Scott,2/3/2025
U004727,Karina Hodges,michaelbutler@example.com,Male,Amyport,8/1/2025
U004728,Samuel Silva,erica70@example.com,Female,New Richardstad,11/11/2025
U004729,Brett Marshall,vmclean@example.org,Female,West Brendatown,10/5/2025
U004730,Derrick Cuevas,robert70@example.com,Female,South Jose,8/2/2024
U004731,Victor Howard,gloverkevin@example.com,Female,Combsfurt,10/16/2025
U004732,Janet Fuentes,williamjohnson@example.com,Female,South Douglasmouth,5/30/2024
U004733,Michele Soto,anthonymendez@example.org,Other,Gregoryburgh,8/13/2024
U004734,Lisa Hoffman,beverlypowers@example.com,Other,Hollyfurt,6/7/2025
U004735,Natasha Taylor,ugray@example.net,Male,Port Kellymouth,10/31/2025
U004736,Melissa Mccoy,ellen29@example.com,Male,Mikeside,6/29/2024
U004737,Jessica Payne,priscillafritz@example.org,Male,Vincentport,2/13/2025
U004738,Courtney Morrison,hamiltonmichael@example.com,Female,Douglasside,1/25/2025
U004739,Denise Morris,victoriaduncan@example.org,Other,New Christopherport,5/4/2025
U004740,Stephen Miranda,millerpatricia@example.com,Female,East Rodney,5/30/2025
U004741,Amy Robbins,edwardsaaron@example.net,Female,Cassiefurt,1/18/2024
U004742,Curtis Pena,bryan59@example.com,Female,Kimberlyborough,3/10/2025
U004743,Emily Carter,gary04@example.org,Other,Lake Williamport,6/28/2024
U004744,Nancy Lopez,kflores@example.org,Female,Payneburgh,7/10/2025
U004745,Austin Brooks,cookolivia@example.net,Other,New Jamiestad,8/9/2024
U004746,Katherine Jarvis,lclayton@example.com,Other,Port Erinland,7/25/2025
U004747,Rodney Hill,kathleenvelasquez@example.org,Male,Kristinside,9/13/2025
U004748,Melanie Edwards,brianna58@example.org,Male,Fordton,5/20/2024
U004749,Brandy Bradford,robertroberson@example.org,Female,Paulview,4/19/2025
U004750,Ryan Smith,tylermartinez@example.org,Male,Lake Jeremiah,2/13/2025
U004751,Diane Johnson,michael96@example.net,Female,West Stephaniefort,7/10/2025
U004752,Jose Green,annaho@example.net,Other,Gonzalezfort,5/20/2024
U004753,Michelle Neal,brittany13@example.net,Female,Zamorahaven,9/2/2024
U004754,Aaron Hoffman,sotoeileen@example.net,Other,North Jenniferbury,12/6/2024
U004755,Chelsea Rich,jareddavis@example.org,Female,West Christopher,6/28/2025
U004756,Alexander Marshall,thomaswesley@example.net,Male,Allenhaven,9/11/2025
U004757,Lisa Brewer,leestacey@example.org,Other,Port Williamberg,11/27/2024
U004758,Brian Campbell,donna35@example.org,Male,Robertsonside,5/3/2024
U004759,Nicole Willis,wrodriguez@example.org,Male,Teresamouth,3/8/2024
U004760,Brittany Smith,williammartin@example.com,Female,South Bradleyville,11/9/2025
U004761,Kimberly Calderon,melissaglover@example.org,Other,Vasquezview,1/3/2025
U004762,Austin Benitez,francojoanne@example.com,Other,West Jasmine,5/23/2024
U004763,Tyler Walker,abigail36@example.net,Female,Port Francis,3/13/2025
U004764,Natalie Gates,jjensen@example.com,Male,Richardland,2/25/2024
U004765,Stephanie Smith,butlerbradley@example.org,Other,Port Davidtown,3/4/2024
U004766,Kimberly Bennett,jennifer53@example.com,Other,Port Bailey,11/8/2024
U004767,Heather Oneal,bradley11@example.org,Male,Jonathanfurt,3/20/2024
U004768,Haley Riggs,anthony29@example.org,Male,Williamshire,1/5/2025
U004769,Jonathan Nelson,jill72@example.com,Male,Stevenberg,9/28/2025
U004770,Kathryn Roberts,kristin42@example.net,Male,South Marychester,3/26/2025
U004771,Jonathan Smith,lisa51@example.com,Male,Jonathanchester,6/6/2024
U004772,Michael Collins,yatesjocelyn@example.org,Male,Dennishaven,4/19/2025
U004773,Amanda Robles,nicholas08@example.net,Male,North John,6/1/2025
U004774,Thomas Grant,charlescrosby@example.org,Female,Port Samuel,11/2/2025
U004775,Stacy Peterson,christinafreeman@example.com,Male,Lake Kimberly,2/20/2025
U004776,David Cox,frankwilson@example.com,Female,Lake Jameshaven,10/28/2024
U004777,Joshua Garcia,thomas23@example.com,Other,North Sean,4/8/2025
U004778,Carol Reed,rwilliams@example.org,Male,Youngbury,9/17/2025
U004779,Sandy Hawkins,nhurley@example.org,Female,Eriktown,2/11/2025
U004780,Sabrina Lopez,rdiaz@example.net,Female,South Sherry,12/29/2024
U004781,Christopher Munoz,natasha08@example.net,Female,Kathyshire,4/18/2024
U004782,Beth Mcpherson,roserhonda@example.net,Other,Howardville,4/27/2025
U004783,Pamela Castro,dennis06@example.com,Female,East Diane,12/5/2024
U004784,Diana Hendrix,jacob43@example.org,Other,Annemouth,2/6/2025
U004785,Kayla Wallace,nelsonmaria@example.net,Male,East Kelly,5/2/2025
U004786,James Sims,glennchloe@example.org,Other,Walkerfurt,7/8/2024
U004787,Dennis Wong,sandovaldiana@example.net,Male,Hubbardburgh,5/11/2024
U004788,Timothy Allen,livingstondavid@example.org,Male,East Michaelside,7/28/2024
U004789,Ryan Greene,williamskevin@example.org,Female,South Kathy,10/6/2025
U004790,Kelly Hanson,yvonnealexander@example.net,Female,West Douglasside,11/12/2025
U004791,Christopher Schroeder,ksnyder@example.com,Other,South Richardton,5/23/2024
U004792,Natasha Williams,joshua02@example.com,Female,Priceville,9/28/2025
U004793,David Davis,matthewruiz@example.org,Male,North Andrewfurt,3/31/2025
U004794,Karen Bailey,john73@example.net,Female,Miamouth,8/11/2025
U004795,Lisa Davis,laurie58@example.org,Other,Perezton,10/26/2025
U004796,Daniel Vargas,herrerajames@example.org,Other,Stantonmouth,9/25/2025
U004797,Clarence Larson,manningjamie@example.net,Female,North Ericberg,7/18/2025
U004798,Angel Johnson,jnunez@example.net,Female,Lake Michael,6/8/2024
U004799,Elijah Moore,melinda65@example.net,Male,Troybury,8/13/2025
U004800,Ryan Davis,michael90@example.org,Female,Morganstad,7/9/2025
U004801,Sara Preston,marissaharris@example.org,Other,Samuelmouth,11/14/2025
U004802,Julie Martinez,snyderdawn@example.net,Other,West Lindamouth,8/15/2025
U004803,Katelyn Phillips,heatherward@example.com,Male,Taraberg,10/4/2025
U004804,Cassandra Patel,enelson@example.org,Female,Williamsborough,9/7/2024
U004805,Karen Hunt,ogaines@example.org,Male,South Brandonstad,7/17/2024
U004806,Matthew Barron,jacob11@example.net,Female,Joshuaburgh,9/16/2024
U004807,Clarence Johnson,jason79@example.org,Male,Monroetown,6/23/2024
U004808,William Morgan,patricia83@example.com,Male,Malikside,12/29/2024
U004809,Kathy Cole,wgreen@example.net,Other,Sandrashire,11/2/2024
U004810,Brian Mack,jason82@example.com,Male,Richardview,3/19/2025
U004811,Troy Powers,bryan78@example.net,Male,Solomonfort,2/4/2025
U004812,Kathryn Hall,cookadam@example.com,Other,Boydview,9/25/2025
U004813,Daniel Best,eringates@example.com,Male,Olsonshire,9/12/2024
U004814,Eric Rogers,scottgarcia@example.org,Other,Lake Laura,2/25/2025
U004815,Micheal Salazar,elee@example.net,Male,Bellton,10/19/2025
U004816,Lisa Williams,nicholaswalker@example.net,Female,North Keithchester,9/7/2024
U004817,Tammy Howell,kmoore@example.net,Other,Chadton,7/6/2024
U004818,Trevor Schmidt,hugheskimberly@example.org,Female,Lake Jessica,5/24/2024
U004819,Alice Vargas,joneschristopher@example.org,Other,North Karen,6/12/2025
U004820,Todd Harvey,ricerobert@example.com,Male,New Stevenbury,10/11/2025
U004821,Tasha Garcia,ypham@example.org,Other,Reedburgh,11/21/2024
U004822,Robert Williams,smithricardo@example.net,Male,Ruizton,12/1/2024
U004823,Hannah Brown,davidsoto@example.net,Female,Jamesland,1/2/2024
U004824,Nicholas Smith,kristin70@example.org,Male,Browntown,1/7/2025
U004825,Samantha Christensen,jennyjackson@example.com,Other,Port Tiffany,3/9/2024
U004826,Lucas Kirk,martineztammy@example.org,Male,Lake Nicholasborough,2/24/2025
U004827,Jessica Rodriguez,bmoon@example.net,Other,Cameronton,6/24/2025
U004828,Daniel Austin,millerlinda@example.com,Male,Port Harry,7/27/2025
U004829,Edward Rodriguez,iscott@example.net,Male,Williamfurt,4/12/2024
U004830,Sean Rodriguez,ysmith@example.org,Female,Jonport,3/24/2024
U004831,Brooke Stewart,stantonjanice@example.net,Other,Lake Christopher,6/22/2025
U004832,Tamara Thomas,martha48@example.org,Female,Heatherstad,12/20/2024
U004833,Tara Smith,kellyschmitt@example.net,Other,South Jason,2/26/2025
U004834,Harry Wilson,hjimenez@example.net,Other,East Aaron,10/21/2025
U004835,Christopher Clark,alexisrodriguez@example.net,Other,Colemouth,1/12/2024
U004836,April Jackson,fspencer@example.org,Female,North Samanthaport,7/10/2024
U004837,Jerry Wolfe,cbutler@example.com,Female,New Nicholas,2/22/2025
U004838,Stacey Fletcher,tdougherty@example.net,Female,Lake Bobfort,3/8/2025
U004839,Robert Underwood,michelle58@example.com,Female,Reginastad,3/25/2024
U004840,Jennifer Wilson,mrodriguez@example.com,Female,South Wayne,11/15/2024
U004841,Cynthia Thompson,jcarrillo@example.org,Female,Saunderschester,2/2/2025
U004842,Jonathan Gross,david49@example.com,Male,Barkermouth,10/19/2025
U004843,Deborah Lopez,cortezeric@example.org,Female,Jesuschester,3/5/2025
U004844,Melissa Hanna,michael38@example.net,Female,East Derek,8/11/2024
U004845,Kristine Cook,jefferyhughes@example.net,Other,East Kim,6/19/2024
U004846,Sylvia Hubbard,kaylee54@example.net,Other,Lake Adam,12/24/2024
U004847,Jeffrey Graves,rodriguezjesse@example.net,Other,Fowlerland,6/22/2025
U004848,Christian Diaz,aolson@example.org,Female,Nancyville,6/25/2025
U004849,Michael Ingram,fieldsmary@example.org,Other,West Johnview,9/24/2025
U004850,Charles Howard,zhutchinson@example.com,Male,New Kimberlyfurt,4/19/2024
U004851,Carol Gilmore,andrew79@example.org,Male,Port Leahland,5/18/2024
U004852,Sheena Hawkins,browndeanna@example.com,Other,Jeffreyton,1/27/2024
U004853,Tony Taylor,byrdmatthew@example.net,Other,Dustinchester,4/5/2024
U004854,Angela Flowers,patrickgonzalez@example.org,Female,Pachecochester,3/5/2025
U004855,Heather Garcia,john07@example.com,Other,Port Candice,5/18/2025
U004856,Nichole Alvarez,hilljoseph@example.org,Other,Griffithport,8/14/2025
U004857,Jeffrey Bauer,jessica14@example.org,Other,Port Rebecca,4/1/2024
U004858,Julie Gutierrez,jeanne28@example.net,Other,Rebekahton,12/12/2024
U004859,Justin Wells,angelasilva@example.com,Female,Dennishaven,8/31/2024
U004860,Todd Colon,matthew97@example.net,Female,East Sara,10/10/2025
U004861,Michael Phillips,edward00@example.org,Other,Daisyfurt,7/15/2024
U004862,Kathleen Copeland,zrose@example.com,Male,Jasonton,3/22/2024
U004863,Scott Harvey,icruz@example.net,Female,Wheelerborough,5/8/2025
U004864,Matthew Allen,johnsonemily@example.org,Male,Joannaborough,6/11/2024
U004865,Michelle White,richard37@example.com,Female,North Gregory,2/10/2025
U004866,Larry Schmidt,hroman@example.org,Female,Lake Lisaland,9/2/2024
U004867,David Young,michaelgonzalez@example.org,Other,Marisaburgh,10/31/2024
U004868,Christopher Patterson,larry87@example.net,Female,Jonesland,3/26/2024
U004869,Stephanie Henson,michaelhorton@example.net,Female,North Robinview,6/6/2024
U004870,Kelsey Gamble,ryan73@example.net,Female,Hartmanborough,1/3/2025
U004871,James Martinez,saundersaaron@example.net,Other,New Robert,4/5/2025
U004872,Jennifer Alvarez,eric77@example.com,Other,West Jeffreymouth,12/30/2024
U004873,Brandon Lawrence,barry66@example.net,Other,Lake Sarahberg,6/24/2025
U004874,Amy Church,kholmes@example.com,Female,Christianport,11/12/2025
U004875,Joel Garcia,millerpatrick@example.net,Male,Larrytown,7/15/2025
U004876,Kaitlyn Martinez,longheather@example.org,Male,Port Tiffany,4/26/2024
U004877,Jerry Wood,piercemichelle@example.org,Other,South Lorifurt,6/19/2024
U004878,Heather Brown,pnavarro@example.net,Male,Millerport,3/4/2024
U004879,Erin Ashley,sandra30@example.org,Male,Brewermouth,12/15/2024
U004880,Kathryn Rasmussen,sharrison@example.org,Other,Rachelstad,7/11/2025
U004881,Walter Davis,jamesthompson@example.com,Female,Port Kristen,8/16/2025
U004882,Janice Gonzalez,stephen57@example.net,Other,Powellton,8/30/2025
U004883,Brian Wilcox,andrew66@example.com,Female,South Barbarastad,11/5/2024
U004884,Sharon Joseph,vwatson@example.org,Other,South Kathryn,1/14/2024
U004885,Joseph Rodriguez,caleb40@example.net,Male,Jameschester,6/23/2024
U004886,Zachary Clark,awilliams@example.org,Other,North Rachel,12/21/2024
U004887,Paul Robinson,vargasjennifer@example.net,Male,South Christopher,11/29/2024
U004888,Brittany Roman,mckayamanda@example.net,Other,North Robert,3/6/2024
U004889,Melanie Friedman,dmclaughlin@example.com,Female,North Williamhaven,1/2/2024
U004890,Scott Wilkinson,davidanderson@example.net,Female,West Davidhaven,10/21/2024
U004891,Gary Rodriguez,vbrennan@example.net,Female,South Stacyborough,2/24/2025
U004892,Christopher Mendez,ksantana@example.org,Female,East Markfort,2/23/2024
U004893,Ronald White,matthew37@example.com,Female,Bryanhaven,4/7/2025
U004894,Luke Molina,vgarrett@example.org,Female,Lewisville,8/23/2025
U004895,Taylor Saunders,amanda36@example.org,Other,Port Joannborough,11/7/2024
U004896,Jim Cook,jamesmorales@example.net,Male,Collinsshire,7/15/2024
U004897,Cynthia Wagner,sean46@example.net,Other,Kevinview,10/11/2024
U004898,Danny Boone,jrobinson@example.net,Other,North Katherine,1/3/2025
U004899,Rebecca Hicks,rmullen@example.org,Other,Brianland,9/3/2025
U004900,Jared Duran,ibrooks@example.net,Male,Morrischester,8/20/2024
U004901,Samantha Norris,amymccormick@example.com,Female,Wilkersonland,2/27/2025
U004902,Christopher Morgan,daniellestone@example.net,Other,West Michelle,6/5/2024
U004903,Rodney Frank,cherylhardy@example.net,Other,Fisherfurt,2/29/2024
U004904,Kathy Avery,mcdowelllisa@example.net,Male,Port Joelbury,9/7/2024
U004905,Nicholas Wyatt,tgibson@example.org,Other,Port Jillside,5/26/2024
U004906,Brenda Winters,meyervalerie@example.org,Other,East Emilyview,6/21/2024
U004907,Jill Rogers,thomassutton@example.com,Other,Lake Jessica,1/25/2024
U004908,Susan Brown,becksamuel@example.com,Female,Rachelstad,4/2/2024
U004909,Sophia Frederick,ghicks@example.com,Other,Foxhaven,3/6/2024
U004910,Michael Mason,wharvey@example.com,Female,Millerport,11/6/2025
U004911,Christopher Lowery,robert90@example.com,Other,Port Jeremiah,8/20/2025
U004912,Leah Davis,stacygill@example.net,Female,Longchester,5/5/2025
U004913,Donna Obrien,dustin03@example.org,Male,Crosbymouth,1/5/2025
U004914,Jeremy Williams,ruth41@example.org,Other,Kariton,2/11/2024
U004915,Whitney Brooks,murillojeffrey@example.com,Other,Port Anna,5/17/2025
U004916,Thomas Brown,eroy@example.org,Male,Kristinshire,2/14/2025
U004917,Jennifer Woods,kendra38@example.com,Female,Rossberg,4/22/2024
U004918,Ashley Jenkins,ohernandez@example.org,Male,Kevinmouth,4/20/2025
U004919,Carlos Campbell,sarahhendricks@example.net,Female,Lake Natasha,10/3/2024
U004920,Mary Ray,meyermartin@example.org,Male,Brandontown,1/16/2025
U004921,Joshua Rowland,zjohnson@example.net,Other,Isaacbury,8/16/2025
U004922,Jennifer Robinson,kerryschultz@example.com,Female,West Nicolemouth,6/29/2025
U004923,William Roach,qjacobs@example.net,Other,Jessicaburgh,3/25/2024
U004924,Lisa Simpson,istafford@example.org,Other,Lake Matthewland,3/8/2024
U004925,Katie Rollins,asutton@example.org,Male,East Douglaston,9/9/2025
U004926,Jessica Hill,nvelasquez@example.com,Other,Christopherfurt,3/29/2025
U004927,Timothy Hill,bmaxwell@example.org,Female,South William,9/25/2024
U004928,Shane Davis,emartinez@example.net,Other,Port Heather,4/21/2025
U004929,Kristin Vasquez,smithgeorge@example.com,Male,Hamptonview,8/19/2025
U004930,Isaac Wagner,stacy00@example.org,Male,Masonton,7/28/2024
U004931,Krista Mitchell,martha49@example.org,Female,Danielsport,10/14/2024
U004932,William Terry,hollysmith@example.net,Male,East Nicholas,2/15/2025
U004933,Richard Ruiz,thomaswatson@example.net,Other,Schmidtport,8/10/2025
U004934,Janet Prince,jason92@example.com,Female,Robertstown,8/12/2024
U004935,Daniel Anderson,michaelstevens@example.org,Female,Charlesburgh,9/15/2025
U004936,Kevin Allen,jessica09@example.com,Female,Mitchellmouth,10/15/2024
U004937,Justin Hudson,jhenderson@example.net,Female,Travischester,6/7/2024
U004938,Tina Hernandez,olsonchad@example.org,Female,West Leslie,1/2/2024
U004939,Jennifer Rhodes,onelson@example.com,Other,New Carrie,6/12/2025
U004940,Timothy Sanchez,katelynsalazar@example.org,Female,New James,9/23/2024
U004941,Sean Jordan,andreahogan@example.net,Female,West William,5/14/2024
U004942,Jason Harrell,grasmussen@example.com,Male,Henryberg,10/18/2025
U004943,Benjamin Stokes,timothyproctor@example.org,Female,Deanshire,6/19/2024
U004944,Anthony Mcmahon,sandra96@example.org,Male,East Sarah,2/16/2025
U004945,Regina Deleon,brian67@example.org,Other,South Elaine,4/30/2024
U004946,Amanda Villanueva,dpowell@example.net,Other,Drakeside,10/23/2024
U004947,Suzanne Lambert,jacquelineolson@example.net,Other,New Brandonshire,8/6/2025
U004948,Rebecca Mason,jeffward@example.net,Other,Ramirezchester,10/26/2024
U004949,Jonathan Hughes,fletcherjohn@example.com,Male,Jimenezfurt,4/17/2024
U004950,Allison Hill,mendezmadison@example.com,Female,East Donaldport,8/27/2024
U004951,John Diaz,dwhite@example.com,Male,New Andrea,1/15/2024
U004952,Dylan Sanders,austin72@example.net,Other,Meganhaven,11/21/2024
U004953,Heather Warren,johnsonchristy@example.net,Male,Hamiltonshire,3/19/2025
U004954,Heidi Adams,hannah51@example.com,Other,West Wesleymouth,4/20/2024
U004955,Melvin Lawson,joshua45@example.org,Female,Randallshire,5/26/2025
U004956,Jennifer Freeman,jbryant@example.org,Other,Lake Ruben,9/24/2024
U004957,Nicholas Leonard,sarah30@example.org,Female,South Alex,8/18/2025
U004958,Michael Brown,zkirby@example.net,Female,Gallagherchester,11/10/2024
U004959,John Medina,princedaniel@example.com,Male,Port Angela,4/19/2025
U004960,Erica Wilson,eblack@example.org,Male,South Matthewtown,3/19/2025
U004961,Richard Trevino,tapiamichael@example.com,Male,Port Brenda,2/7/2024
U004962,Michelle Delacruz,luis65@example.org,Male,East David,3/28/2025
U004963,Teresa Duke,joshua13@example.net,Female,Dianamouth,7/26/2024
U004964,Carol Clark,allenchristian@example.com,Female,Brendaton,10/1/2024
U004965,Michael Hopkins,tharper@example.org,Other,Port Ryanborough,11/25/2024
U004966,Daniel Glover,aprilwashington@example.org,Female,North Shawnborough,10/8/2024
U004967,Gloria Lane,marissathomas@example.com,Male,Davidmouth,11/2/2025
U004968,Linda Aguilar,ktaylor@example.org,Female,Port Darleneside,8/31/2025
U004969,Michael Jones,brandon60@example.net,Other,Lake Daniel,7/15/2024
U004970,Denise Brown,julie89@example.com,Male,Josephside,3/6/2024
U004971,Teresa Nelson,wheelerjohn@example.com,Male,Veronicamouth,2/16/2024
U004972,Kelli Conway,mcdanielnathan@example.net,Female,Torresfort,2/17/2024
U004973,Raymond Hernandez,hodgesara@example.org,Female,Philiptown,1/26/2024
U004974,Yvette Nelson,xsavage@example.org,Other,East Marybury,2/3/2025
U004975,Brian Foster,michele60@example.com,Male,West Christinahaven,9/19/2025
U004976,Dawn Horton,irivera@example.net,Female,Port Linda,8/6/2025
U004977,Tammy Silva,tony37@example.org,Other,Lake Jamesberg,1/26/2025
U004978,Krystal Parsons,bmorton@example.net,Male,North Devinchester,2/26/2024
U004979,Joseph Jones,jacob32@example.org,Male,North Lisashire,9/12/2025
U004980,Samuel Butler,jimmycole@example.net,Female,Port Jeffreybury,2/3/2024
U004981,Rebecca Medina,barajasmitchell@example.org,Female,South Amanda,1/6/2024
U004982,Alexander Parker,laurenrojas@example.org,Male,Bakerberg,6/9/2025
U004983,Robert Powell,igutierrez@example.org,Male,Samanthaton,7/3/2025
U004984,Jennifer Solomon,samantha38@example.org,Other,Taylorstad,1/22/2024
U004985,Brian Davis,joseph85@example.com,Male,New Cynthiafort,8/14/2025
U004986,Tammy Marquez,christine14@example.net,Female,West Elizabethville,11/6/2024
U004987,Joseph Russell,johnny71@example.org,Male,Port Marystad,10/15/2025
U004988,Donald Foster,xherrera@example.com,Male,Elizabethbury,10/10/2024
U004989,Cynthia Ross,fvelazquez@example.com,Other,Wardstad,6/15/2025
U004990,Brandon Bates,juan23@example.net,Female,Port Ronaldburgh,2/26/2025
U004991,Teresa Dixon,christina18@example.net,Other,Davisfurt,9/17/2024
U004992,Ana Hall,jennifermedina@example.org,Female,Karenborough,8/29/2025
U004993,Michael Soto,byrdjames@example.com,Female,Port Danielmouth,2/29/2024
U004994,Frank Hunter,tlopez@example.com,Female,South George,9/5/2025
U004995,Kayla Oneal,olsonomar@example.net,Female,Grantburgh,4/30/2024
U004996,Amy Wade,doris13@example.net,Female,Heatherfort,8/24/2024
U004997,Allison Parker,anthony73@example.net,Male,Hernandezchester,7/27/2024
U004998,Tony Russell,kwashington@example.org,Male,Martinezbury,3/12/2024
U004999,Jose Murphy,huntercarla@example.com,Other,Lawrenceshire,5/21/2025
U005000,Elaine Roberts,sandra86@example.org,Male,Amytown,9/6/2025
U005001,Ronald Mejia,hking@example.com,Other,Markbury,2/15/2024
U005002,Susan Cameron,davismichael@example.net,Female,West Ryanville,12/2/2024
U005003,Sierra Chaney,nicole33@example.com,Male,Huanghaven,9/16/2024
U005004,Jennifer Davis,charles78@example.org,Female,New Adamville,7/3/2024
U005005,Timothy Garcia,rebecca14@example.net,Other,Coreyshire,1/27/2025
U005006,Denise Murphy,amymathews@example.com,Male,Port Stuartfurt,8/9/2025
U005007,Christian Melton,nicholsjohn@example.net,Male,South Mariaport,10/18/2024
U005008,Mia Reeves,denisejohnson@example.net,Other,South Sarahport,12/28/2024
U005009,Paul King,youngelizabeth@example.com,Male,West Michaelville,5/9/2025
U005010,Christina Hunt,dhall@example.org,Other,South Danielle,4/6/2025
U005011,Jennifer Taylor,nwhite@example.com,Other,Port Ronald,9/15/2024
U005012,Brian Guerra,sabrinacruz@example.org,Male,Brendaview,8/9/2025
U005013,Michael Murphy,franktodd@example.net,Male,Jorgeborough,11/13/2024
U005014,Laura Juarez,susanelliott@example.org,Other,Meganville,2/5/2024
U005015,Donna Pacheco,aphillips@example.org,Female,Hollowaytown,5/13/2024
U005016,Cindy Ellis,ascott@example.net,Female,Christopherbury,2/21/2025
U005017,Melissa Carter,franklinmelissa@example.net,Male,South Michael,3/19/2024
U005018,Brandon Davidson,helenglass@example.org,Male,Williamschester,7/31/2024
U005019,Karen Andrews,garymeyer@example.org,Female,Melissaborough,3/27/2024
U005020,Candice Bradshaw,michael89@example.org,Other,West Caleb,1/2/2025
U005021,Michelle Morris,cindy75@example.com,Other,Leroyburgh,11/26/2024
U005022,Kimberly Palmer,wanda38@example.org,Female,Henrychester,12/18/2024
U005023,Shawn Clark,millerdavid@example.org,Male,East Dawn,8/25/2024
U005024,Tammy Snyder,daniellefrazier@example.com,Male,North Kevin,9/30/2025
U005025,Jason Mcguire,erica57@example.com,Male,New Roger,5/19/2025
U005026,James Steele,edward43@example.org,Female,West Hannah,12/21/2024
U005027,Matthew Oconnell,bryan34@example.com,Female,Doughertytown,9/29/2025
U005028,Ryan Patel,teresascott@example.org,Female,Thomasmouth,10/5/2025
U005029,Daniel Gardner,williamsjason@example.org,Other,East Pamela,10/11/2024
U005030,Jason Morgan,daniel16@example.net,Other,East James,5/4/2025
U005031,Rhonda Garcia,selenaortiz@example.org,Other,South Julia,1/14/2025
U005032,Daniel Baker,rebekahrodriguez@example.net,Other,West Marcfurt,5/25/2025
U005033,Michelle Snyder,cannonsusan@example.net,Female,Lake Michaelville,11/30/2024
U005034,Roberto Evans,rebeccamccarthy@example.com,Female,West Michael,5/22/2024
U005035,Cheryl Williams,jennifercarson@example.net,Other,North Austin,7/2/2024
U005036,Matthew Miller,mwright@example.net,Male,West Kellymouth,8/24/2025
U005037,Tammy Crosby,xkim@example.org,Female,Smithburgh,4/4/2024
U005038,Mark Mitchell,alexissalazar@example.net,Female,Hicksland,8/24/2025
U005039,Nathan Olson,ksimpson@example.com,Female,Lake Alicia,2/14/2025
U005040,Ashley Lucas,anna74@example.com,Male,East Jimmyland,3/15/2024
U005041,Eileen Johnson,christopher51@example.com,Male,Aprilfurt,2/13/2025
U005042,Rachel Morse,mathewharris@example.com,Female,East Williamshire,9/11/2025
U005043,Ricky Hamilton,ilamb@example.com,Male,Jasonland,2/17/2025
U005044,Robin Brown,wgomez@example.org,Male,Jaclynview,9/20/2024
U005045,Jamie Austin,rgross@example.com,Male,North Andrew,7/30/2025
U005046,Tyler Alvarado,erinmurillo@example.org,Other,Riverachester,8/29/2024
U005047,Samantha Gardner,amy97@example.net,Male,West Mikayla,1/29/2024
U005048,Jonathan Martin,greenjoshua@example.com,Male,Lake Craig,7/23/2024
U005049,Molly Fitzpatrick,iwilliams@example.net,Other,Port Claudiahaven,8/24/2024
U005050,Bradley Nelson,stewartlauren@example.com,Male,West Aaronton,3/14/2024
U005051,Alexis Miller,emilymendoza@example.com,Other,New Hailey,1/16/2025
U005052,Kristen Scott,georgejenkins@example.com,Other,West Heather,9/13/2025
U005053,Holly Singh,justinlewis@example.net,Male,Smithport,4/16/2025
U005054,Anthony Best,ocampbell@example.com,Male,West Emily,3/27/2024
U005055,Holly Carson,vrice@example.net,Female,South Laura,9/27/2025
U005056,Ryan Chase,carrollamy@example.net,Other,East Elijahfurt,10/9/2025
U005057,Shari Stephenson,jacobstracy@example.org,Other,New Kathleenmouth,9/23/2024
U005058,Alexis Graham,michaelsloan@example.net,Male,Cindyland,2/5/2025
U005059,Debra Young,qbrown@example.com,Female,East Victor,11/16/2024
U005060,Amanda Williams,taylormendoza@example.com,Other,Whitestad,11/20/2024
U005061,Christopher Taylor,morrisjohn@example.org,Female,East Saraburgh,5/15/2024
U005062,Patrick Durham,wnelson@example.com,Other,East Sandrabury,8/18/2024
U005063,Craig Davis,ngordon@example.com,Other,Ericchester,2/17/2024
U005064,James Richardson,andresgilmore@example.net,Male,East Dawnport,3/24/2025
U005065,David Jones,mdavidson@example.net,Other,Reynoldsland,4/17/2025
U005066,Kevin Keith,markburgess@example.com,Male,Garyhaven,5/21/2024
U005067,Derek Taylor,gloria48@example.net,Other,Jessicamouth,5/31/2025
U005068,Ashley Joseph,ckelly@example.com,Male,Andreabury,6/5/2025
U005069,David Lawson,krausepaul@example.org,Other,Robertsberg,8/25/2024
U005070,Heather Buchanan,morrisblake@example.com,Male,Tinahaven,5/14/2024
U005071,Nicole Chavez,alexis63@example.org,Male,Waltersborough,5/19/2024
U005072,Ashley King,lowedavid@example.net,Other,Harrischester,3/21/2025
U005073,Gary Cantu,lopezmorgan@example.com,Male,Shelleyborough,10/1/2025
U005074,Robert Wong,bcarr@example.com,Female,Peterburgh,9/22/2024
U005075,Willie Fletcher,staffordchristopher@example.org,Female,East David,9/21/2024
U005076,Ann Lang,lisagallegos@example.org,Female,Lake Stephanie,2/24/2025
U005077,Timothy Morrison,mjones@example.com,Male,Port Amberville,3/31/2025
U005078,Steve Henderson,villegasjoanne@example.org,Other,Brandymouth,7/29/2024
U005079,Edward Johnson,lrobertson@example.org,Female,Knightfurt,10/28/2025
U005080,Kimberly Mullins,rreyes@example.com,Female,New Nicole,2/18/2024
U005081,Matthew Avery,pruittwilliam@example.org,Other,Carrollborough,4/18/2024
U005082,Jade Townsend,jill71@example.org,Male,North Derrick,2/7/2024
U005083,Marie Santos,morgangarrett@example.com,Male,Jacquelineville,5/25/2024
U005084,Donald Sims,marshalldylan@example.org,Other,East Nathan,4/19/2025
U005085,Jeffrey Johnston,carlos13@example.net,Other,Hinesfort,1/13/2025
U005086,John Colon,cguzman@example.net,Other,Pricemouth,9/20/2025
U005087,Lorraine Sanchez,waltersjennifer@example.org,Male,New Kaylee,10/6/2025
U005088,Katherine Huff,dalton44@example.net,Female,Morganview,7/7/2025
U005089,Rachel Moore,reyescalvin@example.net,Female,Lisaville,5/15/2024
U005090,Jacqueline Thomas,meganpalmer@example.org,Other,North Katherine,2/5/2025
U005091,John Lucas,keyrachel@example.net,Male,Port Veronicamouth,12/20/2024
U005092,John Lee,wendy74@example.net,Other,Brianport,2/8/2025
U005093,Melanie Jackson,petersenbrittany@example.net,Other,East Jasminview,7/12/2024
U005094,Debra Gill,hoganrobert@example.net,Female,Vargaschester,10/29/2025
U005095,Joshua Brown,tina16@example.org,Other,East William,7/7/2025
U005096,Alexis Mccullough,timothy41@example.org,Other,South Robert,5/13/2024
U005097,Robert Daniel,david52@example.com,Other,New Michael,4/18/2024
U005098,Jim Snyder,holderdavid@example.com,Male,Jenniferchester,7/2/2025
U005099,Joshua Mendoza,georgelozano@example.org,Female,Port Brianburgh,7/16/2025
U005100,Deborah Case,gina18@example.com,Male,North Margaretton,7/23/2025
U005101,Patrick Anderson,john59@example.com,Other,New Brittany,3/5/2024
U005102,Joseph Williams,sweeneyheather@example.com,Other,Perezland,3/7/2024
U005103,Lisa Foster,shawnsanders@example.net,Other,South Allison,9/29/2024
U005104,Angela Pitts,imullen@example.org,Male,Port Stephanie,3/8/2025
U005105,Victor Villanueva,baileychristopher@example.net,Female,Thomastown,6/6/2024
U005106,Angela Lopez,shellylewis@example.net,Male,Lake Kennethhaven,11/8/2025
U005107,Crystal Foley,joann04@example.com,Male,Patrickmouth,4/28/2024
U005108,Brianna Thomas,anna34@example.net,Female,Port Andrewland,12/30/2024
U005109,Robert Cortez,johnward@example.org,Male,Daltonstad,2/8/2025
U005110,Christopher Soto,anthonyparsons@example.com,Other,South Adamville,3/2/2024
U005111,Jennifer Hawkins,melissa48@example.net,Male,Port Danielle,9/22/2024
U005112,Carol Burns,kayla18@example.org,Female,Andrewsberg,1/22/2024
U005113,Juan Mosley,nguyenscott@example.com,Other,Avilaburgh,6/3/2024
U005114,Jeffrey Duncan,debrapowell@example.org,Male,South Adrianview,2/26/2024
U005115,Sandra Crane,kfitzgerald@example.org,Female,New Anthonymouth,2/3/2025
U005116,Laurie Henderson,csanchez@example.org,Other,Lake Amystad,2/8/2024
U005117,Barbara Kirby,jessica04@example.com,Female,Port Michellestad,6/22/2025
U005118,Christopher Kemp,mariestewart@example.com,Female,Vincentview,4/19/2025
U005119,Ross Foster,vellis@example.com,Male,North Lynnberg,3/9/2024
U005120,Troy Garcia,schwartzconnie@example.net,Male,Port Michael,1/27/2024
U005121,Crystal Stokes,uwhite@example.com,Other,West Steven,10/16/2024
U005122,Anthony Joseph,jacobwiggins@example.net,Female,Amandahaven,2/23/2024
U005123,William Chambers,karenfuentes@example.org,Male,Stephanieburgh,10/12/2024
U005124,Morgan Randall,jay10@example.org,Other,East Rachel,2/9/2025
U005125,Margaret Smith,ramirezbrandon@example.com,Female,Cooperport,1/7/2025
U005126,Samantha Douglas,rodriguezkevin@example.com,Female,Cooktown,7/24/2025
U005127,Michael Kelley,chamberslisa@example.net,Male,New Markton,4/11/2024
U005128,Sally Moss,nelsonjames@example.net,Male,Port Brookeshire,4/7/2024
U005129,Zachary Lee,hibarra@example.net,Male,South Dean,9/14/2025
U005130,Stacy Miller,paulwallace@example.com,Other,South Sallymouth,2/5/2025
U005131,Carla Baldwin,sarah26@example.net,Male,West Melissaside,8/5/2024
U005132,Steven Fernandez,powersjoseph@example.net,Male,West Mark,3/8/2025
U005133,Sean Carson,wardlaura@example.com,Other,Sarahton,4/22/2024
U005134,Frank Phillips,stephensstephanie@example.net,Other,Ramosshire,8/8/2024
U005135,Michelle Garcia,morajames@example.com,Female,South Samanthaland,5/4/2025
U005136,Gary Garcia,mary84@example.org,Male,New Elizabeth,7/23/2024
U005137,Selena Collins,peter47@example.net,Male,Mcdanielborough,9/27/2025
U005138,Mary Mcintosh,jasonalvarado@example.com,Other,East Brandon,6/28/2025
U005139,Alexander Torres,kyle84@example.org,Male,Port Bryan,3/28/2025
U005140,Traci Grimes,kenneth96@example.net,Other,Garciamouth,5/26/2025
U005141,Elizabeth Brown,aknight@example.net,Other,Lake Monicashire,7/2/2025
U005142,Sara Schultz,randy61@example.com,Male,New Audreyville,2/21/2025
U005143,Bernard Espinoza,richard25@example.com,Female,Andersonton,3/4/2024
U005144,Jessica Larson,alishareed@example.net,Other,Nathanieltown,10/31/2025
U005145,Kathy Evans,coopermelissa@example.com,Male,North Sierra,7/4/2025
U005146,Shane Moore,ryan20@example.org,Female,South Luisshire,9/13/2024
U005147,Samantha Lewis,floresstephen@example.org,Female,Lake Timothy,5/2/2024
U005148,Joyce Levy,qlopez@example.org,Female,Lake Joshua,9/25/2024
U005149,James Parsons,deborahvance@example.com,Female,Robertfort,11/1/2025
U005150,Joseph Bennett,james24@example.org,Male,Williamberg,2/22/2025
U005151,Tiffany Munoz,clayscott@example.com,Male,Samuelstad,10/13/2024
U005152,Erica Gonzales,preston45@example.org,Male,West Devin,12/28/2024
U005153,Joseph Medina,melaniejensen@example.net,Male,Christopherstad,1/23/2025
U005154,Elizabeth Henry,markmiller@example.com,Female,Morenobury,4/8/2024
U005155,Courtney Hill,cortega@example.com,Female,Everettborough,6/26/2024
U005156,Donna Jones,leealexandria@example.com,Other,South Tom,2/3/2025
U005157,Robert Brown,gcontreras@example.net,Female,Kimport,1/23/2025
U005158,Gregg Smith,ortegamaureen@example.com,Female,Richardberg,5/14/2025
U005159,Richard Green,xmathews@example.org,Other,Jesseberg,7/16/2025
U005160,Patricia Rhodes,jennifermartinez@example.net,Male,Hansonside,2/13/2024
U005161,Jessica Guerrero,gedwards@example.net,Male,Samuelchester,5/27/2025
U005162,Krista Garcia,marshjoann@example.net,Male,New Robert,7/6/2025
U005163,Wendy Briggs,mike22@example.com,Male,Christianberg,1/26/2024
U005164,Paul Lester,eric95@example.net,Male,Hoffmanborough,6/28/2024
U005165,Danny Daniels,adamvelasquez@example.org,Other,Moranland,9/20/2025
U005166,Christopher Williams,christopherramirez@example.net,Other,North Jenniferside,5/26/2024
U005167,Terri Edwards,michael73@example.com,Male,East Ann,6/22/2024
U005168,Catherine Lopez,piercemadeline@example.org,Female,Myersview,6/5/2024
U005169,John Matthews,warrenpeter@example.net,Female,Clarkshire,3/2/2025
U005170,Shawn Stewart,katherine62@example.com,Female,Lake Jaketon,11/1/2025
U005171,Jordan Evans,michael89@example.net,Other,New Bryanfurt,3/3/2025
U005172,Anthony Phillips,terrivelasquez@example.org,Female,Cartermouth,9/28/2025
U005173,Amanda Knight,rthompson@example.com,Other,Paulbury,12/9/2024
U005174,Jessica Sutton,gracewilliams@example.org,Male,Torresbury,2/26/2024
U005175,Margaret Chapman,jenningsdouglas@example.org,Female,Port Charles,4/13/2025
U005176,Vanessa Brewer,christian68@example.com,Female,West Kellyville,3/24/2025
U005177,Elizabeth Martin,tracysmith@example.net,Male,Jimenezstad,5/4/2025
U005178,Brian Williams,ericswanson@example.org,Male,Allenmouth,2/22/2024
U005179,Justin Martin,ifriedman@example.com,Female,Nelsonbury,12/14/2024
U005180,Bryan Trujillo,donaldjoyce@example.net,Female,Lisabury,2/23/2024
U005181,Ryan Preston,briankelly@example.com,Female,North Christine,11/1/2024
U005182,Joshua Peterson,igardner@example.com,Female,North Rhonda,8/28/2025
U005183,Natasha Hernandez,sheri89@example.net,Female,Lake Christina,4/10/2025
U005184,Andrew Stephens,daniel57@example.org,Other,Hayeston,4/16/2025
U005185,Marie Warner,meaganevans@example.net,Female,Kevinfort,11/8/2024
U005186,Carrie Kim,halldaniel@example.net,Female,Mcbridefort,8/10/2024
U005187,Emily Anderson,paulphillips@example.net,Other,Mercadoshire,5/24/2024
U005188,Tammy Rice,william10@example.net,Male,East Melodyside,10/8/2025
U005189,Wesley Alvarez,llee@example.net,Male,Bellburgh,4/9/2025
U005190,Chad Moore,jack02@example.org,Male,Olsenhaven,12/1/2024
U005191,Amy Burns,vdaugherty@example.net,Other,Ashleyfort,10/14/2025
U005192,Deborah Holloway,chandlerfelicia@example.org,Other,Alvaradoview,1/29/2024
U005193,Ebony Dawson,robert39@example.com,Male,East Charlesland,5/30/2024
U005194,Nicole Huerta,csmith@example.org,Male,New Monicaburgh,8/12/2025
U005195,Brian Young,bradwillis@example.net,Male,Patrickton,3/28/2024
U005196,Allison Carter,cjones@example.org,Female,Port Christopherfort,12/27/2024
U005197,Howard Lamb,penny91@example.org,Other,Leeton,8/13/2025
U005198,Robert Brown,orobertson@example.net,Female,Stevenchester,6/24/2025
U005199,Ian Vaughan,davidsmith@example.com,Other,East Haleymouth,6/16/2025
U005200,Lynn Crane,judymueller@example.org,Other,Ericview,1/11/2024
U005201,Donna Acevedo,kimberly56@example.com,Female,Herrerafurt,9/17/2025
U005202,Kerri Randolph,alan00@example.net,Male,East Kathleenmouth,11/15/2024
U005203,Seth Nelson,smiththomas@example.net,Other,East Susan,6/28/2024
U005204,Melanie David,jeffreysimmons@example.org,Female,Port Wendy,4/10/2024
U005205,Joseph Williams,joshua77@example.com,Female,Stevenchester,5/7/2025
U005206,Samuel Williams,johnsonpaige@example.net,Other,Port Vanessahaven,11/14/2025
U005207,Francisco Dennis,pfranklin@example.net,Male,Lake Stephanie,9/5/2025
U005208,William Lane,brian69@example.net,Other,Stuartbury,10/16/2025
U005209,Luke Lyons,erica00@example.net,Other,Woodmouth,2/28/2024
U005210,Corey Norris,hickskathryn@example.net,Male,East Travis,11/11/2024
U005211,Amanda Hill,oherrera@example.com,Female,North Elizabethside,3/31/2025
U005212,William Espinoza,melissa84@example.org,Female,East Stephanie,2/29/2024
U005213,Vicki Chavez,harrisonlisa@example.com,Male,East Mary,5/21/2025
U005214,Benjamin Williams,james05@example.com,Female,Millerfort,11/29/2024
U005215,Christian Johnson,nataliemartin@example.net,Female,Mcdonaldchester,1/30/2025
U005216,Sandra Harper,hamiltonandrew@example.org,Male,Jensenfurt,8/3/2025
U005217,Tara Cruz,millerjillian@example.net,Male,New Barbara,1/8/2024
U005218,Jasmin Benitez,wayne43@example.com,Female,North Brenda,8/13/2025
U005219,Vanessa Vazquez,danielgreen@example.org,Other,Hintonville,8/8/2024
U005220,Richard Hopkins,deborah86@example.org,Female,Rachelview,12/18/2024
U005221,Susan Mayer,geraldperry@example.net,Male,West Kim,6/30/2025
U005222,John Smith,amanda87@example.com,Other,Simsbury,12/27/2024
U005223,Keith Davis,huntermichael@example.org,Other,Tinaside,6/22/2024
U005224,Christopher Franklin,scotthinton@example.com,Other,Hunterborough,6/13/2024
U005225,Tyler Conley,devinbernard@example.org,Other,South Eileenland,7/16/2024
U005226,Travis Wade,smithjustin@example.org,Other,South Monicachester,9/6/2025
U005227,Larry Gibson,daniel91@example.net,Other,Danielletown,2/15/2024
U005228,Bryan Walton,perezbrian@example.net,Other,Lake David,1/13/2024
U005229,Brianna Scott,millerjessica@example.org,Male,North Michael,7/17/2025
U005230,Michelle Hobbs,stevenvasquez@example.org,Other,Keithmouth,3/11/2025
U005231,Stephanie Morris,holmessamantha@example.com,Female,Hoffmanville,5/1/2025
U005232,Haley Gardner,jamiesanders@example.com,Other,Collinston,9/12/2024
U005233,Crystal Garza,zachary19@example.org,Other,Port Williambury,9/28/2025
U005234,Alexa Anderson,hbailey@example.net,Other,Nicholsshire,6/1/2024
U005235,Olivia Taylor,njenkins@example.net,Other,South Jessicashire,9/15/2024
U005236,Monica Chandler,rbooth@example.org,Other,Hortonfurt,7/31/2025
U005237,Samantha Moody,mwatson@example.com,Male,Alvaradomouth,8/30/2024
U005238,Renee Henry,qlewis@example.net,Female,North Rachelmouth,2/14/2025
U005239,Lisa Warren,dianawright@example.com,Other,Port Rachel,1/24/2024
U005240,Joshua Barton,housejennifer@example.com,Other,Hartfurt,1/22/2025
U005241,Shane Griffin,jose60@example.net,Male,Ericmouth,7/12/2025
U005242,Sheila Taylor,jefferylittle@example.net,Female,Beckershire,11/11/2025
U005243,Courtney Fox,birdtonya@example.net,Female,New Diane,4/24/2024
U005244,Kimberly Harrell,wsanders@example.org,Other,New Alexandraborough,8/25/2024
U005245,Gabriela Gonzales,wallemily@example.net,Other,South Davidland,12/6/2024
U005246,Julian Mejia,colleen97@example.com,Other,Smithside,8/24/2024
U005247,Justin Newton,tmartinez@example.com,Female,West Chelsea,10/26/2025
U005248,Maria Bennett,james50@example.net,Male,Damonberg,3/7/2025
U005249,Kimberly Barton,qmartin@example.com,Other,North Pamelabury,3/7/2025
U005250,Craig Baxter,dcoleman@example.org,Other,New Stevenmouth,4/7/2024
U005251,Joseph Cook,jenniferwilliams@example.org,Male,East Geraldbury,3/17/2024
U005252,Angela Holland,edwardsjames@example.com,Male,Rodriguezland,3/12/2024
U005253,Kenneth Mays,qnolan@example.org,Other,Rickeystad,11/19/2024
U005254,Mark Drake,susanvillarreal@example.com,Male,Brendachester,9/6/2024
U005255,Kari Reese,baileyrobert@example.org,Other,Lake Jamesborough,6/26/2025
U005256,Robert Parker,dcook@example.com,Female,Josemouth,6/8/2024
U005257,Linda Boone,brownashley@example.com,Female,Jerryview,5/2/2024
U005258,Lindsay Curtis,orichard@example.net,Male,Washingtonville,11/11/2024
U005259,Jared Brown,edward48@example.com,Male,Kelliland,7/16/2025
U005260,Leslie Reed,duncanelizabeth@example.org,Female,Jessicaland,4/13/2025
U005261,Joshua Meza,mhurley@example.org,Female,Danafurt,7/24/2025
U005262,Kimberly Harris,cmiller@example.com,Male,Port Geraldview,9/5/2024
U005263,Joe Black,udawson@example.net,Female,New Laurentown,10/31/2025
U005264,Sarah Davis,ptrevino@example.net,Female,Lake John,9/4/2024
U005265,Peter Stewart,dennistran@example.com,Male,Francisville,10/12/2025
U005266,Heather Pruitt,jeanetteirwin@example.net,Other,East Williamborough,3/17/2024
U005267,Anthony Thompson,katherinerodriguez@example.org,Male,West Michael,1/2/2024
U005268,Ashley Snyder,tmartinez@example.net,Other,Smithland,10/10/2024
U005269,Donald Rush,joelbautista@example.net,Other,Annettebury,3/5/2024
U005270,Michael Miller,tball@example.com,Female,Helentown,5/15/2025
U005271,Jennifer Osborn,andrewsdale@example.com,Female,Davischester,6/11/2025
U005272,Amanda Bishop,chrissantos@example.com,Male,Paulburgh,1/11/2025
U005273,Colin Lee,carlasmith@example.net,Male,Castanedaport,7/9/2025
U005274,Heather Lutz,jhumphrey@example.net,Female,East Rebecca,3/16/2025
U005275,Johnny Chase,shawnharrell@example.net,Female,South William,10/17/2025
U005276,Matthew Garcia,yvette87@example.net,Other,Thomastown,2/23/2024
U005277,Steven Horton,ncoleman@example.com,Female,Christianstad,7/8/2024
U005278,Kevin Dennis,lholt@example.com,Male,East Beth,11/9/2024
U005279,Joseph Houston,joshuabrooks@example.net,Female,Luistown,3/8/2025
U005280,Denise Munoz,zflores@example.com,Female,Taylorside,5/30/2025
U005281,Julia Barnett,buckrodney@example.com,Female,North Janiceburgh,6/20/2025
U005282,Kevin Hopkins,hwallace@example.com,Male,Amyfort,5/8/2024
U005283,April Silva,russellbailey@example.net,Female,North Marcus,4/22/2024
U005284,Dennis Williams,hicksandrew@example.com,Other,New Walterburgh,10/17/2024
U005285,Barry Wilcox,gregory10@example.net,Other,Katrinaborough,4/26/2024
U005286,Erika Henry,lewisjessica@example.com,Male,New Meghan,3/10/2025
U005287,Gary Miller,poperobin@example.org,Male,Harperberg,1/31/2025
U005288,Mary Armstrong,masonsalazar@example.net,Female,Sarahburgh,7/31/2025
U005289,Austin Thompson,kevinpierce@example.net,Female,Wellston,10/21/2024
U005290,Timothy Ferguson,jweaver@example.com,Male,Smithhaven,1/9/2024
U005291,Anna Richards,stephaniewilliams@example.com,Other,West Christopherburgh,9/1/2025
U005292,Michelle Butler,brivers@example.net,Other,Levyport,4/5/2024
U005293,Samantha Garcia,lrodriguez@example.org,Male,South Kenneth,1/30/2025
U005294,Jennifer Wright,heidiaustin@example.net,Male,Port Danielmouth,9/22/2025
U005295,Ronald Ramirez,josephperez@example.org,Other,Weaverchester,2/15/2025
U005296,Charles Collins,lisadennis@example.net,Other,Emilymouth,3/6/2025
U005297,Christopher Perkins,ppowers@example.com,Other,North Taylorland,7/3/2025
U005298,Christopher Newman,halljacob@example.com,Female,West Claire,2/14/2025
U005299,Sarah White,alex51@example.com,Other,Amandaside,3/19/2024
U005300,Ryan Wright,lucerodeborah@example.net,Other,New Steven,3/17/2025
U005301,Caleb Torres,rodriguezrachel@example.net,Male,Cherylville,9/13/2024
U005302,Jessica Hughes,david33@example.com,Other,Hendersonside,3/2/2025
U005303,Jeffrey Robinson,bvalenzuela@example.net,Other,Lake Christopherside,3/23/2024
U005304,Dave Rodriguez,kwright@example.org,Female,Marybury,2/9/2024
U005305,Michael Baker,christopher89@example.net,Female,Lake Bethhaven,4/18/2024
U005306,Mark Nguyen,wgeorge@example.com,Female,South Beth,3/23/2025
U005307,Billy May,josephmorrison@example.com,Male,North Theresa,9/9/2025
U005308,Joshua Warren,johnsonadam@example.net,Male,Richardside,7/13/2024
U005309,Amanda Robinson,christopherruiz@example.org,Female,Lloydport,3/4/2024
U005310,Ruth Graves,griffinaaron@example.net,Female,Lake Staceyview,1/12/2024
U005311,Darrell Bennett,browndan@example.net,Other,Woodtown,1/15/2024
U005312,Victoria Jacobs,fernandezmark@example.net,Other,Robertsview,7/4/2025
U005313,Michael Patel,christopherdiaz@example.net,Other,Cruzmouth,8/30/2024
U005314,Annette Sanchez,gmoses@example.org,Female,Holmeshaven,6/24/2024
U005315,Adrian Burton,tholder@example.net,Other,East Brian,5/15/2025
U005316,Bill Ochoa,henrykimberly@example.org,Other,Rodgersberg,2/13/2025
U005317,Jennifer Murphy,millerjoy@example.net,Female,East Joanmouth,6/19/2024
U005318,Nicole York,colewesley@example.com,Other,Davidfurt,10/13/2024
U005319,Krista Hogan,brownmolly@example.org,Female,Charlenechester,11/16/2024
U005320,Christopher Morgan,nancy84@example.com,Male,Christopherfurt,8/3/2024
U005321,Ashley Winters,wallercarl@example.net,Male,Anthonyshire,2/13/2024
U005322,Matthew Galvan,larry96@example.org,Other,Duaneville,10/16/2025
U005323,John Berger,zvelasquez@example.net,Male,Port Brandi,10/14/2024
U005324,Renee Williams,zmyers@example.com,Male,Jacquelineview,8/28/2025
U005325,Hunter Coffey,daledavila@example.com,Female,Lawrencefort,3/16/2025
U005326,Samantha Reed,garciadavid@example.com,Female,Port Thomasside,1/7/2024
U005327,Jeffrey Williams,dmoss@example.org,Other,East Stephen,6/8/2024
U005328,Robert Jackson,michaelmckee@example.org,Female,South Wendymouth,6/6/2025
U005329,Robert Rogers,masseyjames@example.com,Other,East Matthewview,4/28/2024
U005330,Mandy Knapp,millervanessa@example.net,Other,East James,10/3/2025
U005331,David Burton,williamsmark@example.net,Female,North Joshua,6/13/2025
U005332,Jennifer Ruiz,andre71@example.net,Other,Jeffreyville,11/13/2025
U005333,Matthew Phillips,marioperry@example.net,Male,Morganville,6/3/2025
U005334,Jonathan Peck,johnroberts@example.org,Male,West Edwardshire,6/15/2025
U005335,Michael Meyer,grayjames@example.net,Male,Lake Brandon,10/10/2024
U005336,Eugene Hamilton,owenscody@example.org,Female,Port Jaclynmouth,11/11/2025
U005337,Jose Burnett,hurststacy@example.com,Male,East Daleside,8/17/2024
U005338,Paige Lee,bondchristian@example.net,Other,New Rachelview,5/10/2024
U005339,Jenna Soto,vwoodard@example.com,Other,Hernandezborough,11/10/2025
U005340,Martha Garcia,bradybradley@example.com,Other,Hannahfort,10/8/2024
U005341,David Petty,wpeterson@example.net,Female,East Virginia,4/18/2025
U005342,David Carter,davidfaulkner@example.com,Male,South Victoriaport,2/2/2024
U005343,Jeff Cross,sabrina99@example.net,Female,Simsburgh,6/4/2024
U005344,Carl Stewart,scottkirk@example.net,Other,Lake Brian,9/19/2025
U005345,Roy Scott,jimenezkatherine@example.net,Male,North Billy,7/9/2025
U005346,Miranda Johnson,philip05@example.org,Male,West Brendafurt,1/28/2024
U005347,Amanda Morales,christopher38@example.net,Male,Jasonburgh,9/6/2025
U005348,Kendra Maxwell,margaretbullock@example.net,Female,East Matthewborough,4/2/2024
U005349,Joseph Stephens,vasquezwendy@example.net,Male,Kellyfort,5/4/2024
U005350,Leonard Lewis,sydney28@example.net,Female,West Rodneyland,6/27/2025
U005351,Diana Phillips,jonathongreen@example.net,Male,North Richardhaven,4/23/2024
U005352,Lindsay Stephens,grantdustin@example.org,Other,Erikashire,6/30/2024
U005353,Joshua Mccormick,amanda85@example.net,Female,Osborneport,6/30/2025
U005354,Mark Lyons,davidrichardson@example.org,Male,West Davidton,7/25/2024
U005355,Jeffrey Mccormick,nelsonrebecca@example.org,Female,Powellport,11/24/2024
U005356,Darius Miranda,jessicabell@example.com,Male,Jodiberg,3/29/2025
U005357,Jennifer Osborne,scottcombs@example.org,Other,Bauermouth,9/5/2025
U005358,Elizabeth Brown,phoffman@example.net,Other,West Richard,3/12/2025
U005359,Brent Mendoza,annamontoya@example.org,Other,New Sarah,9/27/2024
U005360,Gabriella Morrow,nicolecummings@example.org,Male,Younghaven,12/19/2024
U005361,Danielle Morris,coxpeter@example.org,Female,Cliffordland,7/26/2024
U005362,Dean Costa,randall62@example.org,Female,Donovanfurt,6/30/2024
U005363,Emily Hutchinson,kylemeyers@example.org,Other,Josephstad,9/25/2025
U005364,Margaret Bell,brittany75@example.org,Other,North Kennethfurt,10/7/2024
U005365,John Green,justin01@example.org,Other,East Charles,5/27/2025
U005366,Gloria Boyd,anita31@example.org,Male,West Nancybury,2/26/2025
U005367,Audrey Williamson,andrewknight@example.org,Female,East Jennifer,2/8/2024
U005368,Stephanie Parker,pachecoronald@example.net,Male,Williamsfurt,4/22/2024
U005369,James Kelley,nicholasortiz@example.com,Other,Lake Sarahtown,8/18/2025
U005370,Vanessa Castillo,markphelps@example.net,Other,Lopezstad,2/13/2025
U005371,Jessica Thomas,michaelrangel@example.org,Male,East Matthewview,2/8/2025
U005372,James Daniel,ojordan@example.com,Other,South Thomasmouth,4/13/2025
U005373,Kenneth Johnson,adamsgregory@example.org,Female,New Jessicamouth,9/18/2025
U005374,Karen Snyder,prestonmichael@example.com,Other,East Craig,10/13/2025
U005375,Sharon Mclaughlin,natasha55@example.org,Female,South Madison,7/8/2025
U005376,Lauren Smith,jessicabrown@example.org,Other,New Wesley,2/11/2025
U005377,Barbara Yu,lauramckenzie@example.net,Male,Walterhaven,6/18/2025
U005378,Alexis Johnson,shelia28@example.com,Other,Stephanieborough,1/30/2025
U005379,Gregg Lewis,qgarcia@example.org,Other,Calderonbury,1/22/2024
U005380,Andrew Little,tbarr@example.org,Male,North Nancystad,3/22/2025
U005381,Debra Carter,tannerscott@example.net,Other,New Renee,2/6/2024
U005382,Ann Kirk,galvanwilliam@example.net,Male,West Kelseytown,11/20/2024
U005383,Michelle Jackson,angela78@example.com,Male,West Danielport,5/21/2025
U005384,Dan Smith,kfreeman@example.com,Female,West Helenfurt,12/7/2024
U005385,Maria Anderson,donovanjames@example.net,Other,Lake Bryanside,2/21/2025
U005386,Emily Parker,sbradford@example.org,Other,North Kimberly,12/24/2024
U005387,Sarah Collins,torresrebecca@example.net,Other,Port Stephanie,4/18/2025
U005388,Dillon Suarez,dhenry@example.com,Female,South Matthewmouth,12/8/2024
U005389,Ricky Brooks,apeters@example.org,Other,Garciaport,7/10/2024
U005390,Carlos Lucero,davisrichard@example.net,Female,Brianastad,6/10/2024
U005391,Devon Jones,hwilson@example.com,Female,Travisburgh,11/8/2025
U005392,Danielle Nelson,glenmiller@example.org,Other,North Gabrielside,8/3/2024
U005393,Heather Glover,nelsonbrian@example.org,Other,North Lindsay,12/24/2024
U005394,Lisa Mcdonald,carneyglenda@example.net,Male,Davisshire,3/18/2025
U005395,Joshua Anderson,lopezcarlos@example.com,Female,Lindaside,8/17/2025
U005396,Melissa Woods,hicksanthony@example.com,Female,New Henryhaven,4/15/2024
U005397,Michael Adams,robertroberts@example.com,Female,Gregoryport,3/16/2025
U005398,Bruce Jackson,sotomadison@example.net,Female,Raymondchester,4/9/2025
U005399,David Atkins,lhampton@example.net,Female,Hernandezbury,2/18/2025
U005400,Jennifer Mills,gbray@example.com,Male,East Maria,4/24/2025
U005401,Jessica Bell,cbautista@example.net,Male,New Patricia,7/25/2024
U005402,James Palmer,pedro98@example.org,Female,New Kevin,1/14/2024
U005403,Sandra Hayes,robertanderson@example.com,Other,Christineport,1/2/2024
U005404,Nancy Keith,qgreene@example.com,Other,Nguyenstad,3/15/2024
U005405,Tracy Jacobs,bshannon@example.com,Other,New Kaylaberg,6/9/2024
U005406,Zachary Smith,smithdana@example.net,Other,Herrerachester,6/19/2024
U005407,Jessica Tran,robert53@example.org,Female,East Henry,3/12/2025
U005408,David Kelley,nhanson@example.com,Other,Port Tasha,4/26/2024
U005409,Paula Perez,tthomas@example.com,Other,West Charles,4/29/2024
U005410,Philip Brown,angelavilla@example.net,Female,West Katherineshire,6/10/2025
U005411,Joseph Pace,vickimartin@example.net,Other,East Gregory,3/19/2025
U005412,Kevin Webster,lwilson@example.net,Other,Millerhaven,10/4/2025
U005413,Katie Ross,sharonmeadows@example.org,Other,South Sharon,4/28/2025
U005414,Jennifer Becker,christophergreen@example.net,Other,Marciaview,4/18/2025
U005415,Eric Johnson,marksveronica@example.net,Male,Phamview,11/1/2024
U005416,Gregory Cooper,ngonzalez@example.com,Male,Zacharystad,4/23/2024
U005417,Alicia Logan,olarsen@example.org,Male,Port Rebeccaton,3/19/2025
U005418,Adam Wong,aarontapia@example.com,Other,South Julie,9/30/2024
U005419,Kathleen Best,bonnie77@example.org,Other,Taylorbury,9/18/2024
U005420,Martin Walker,victorcordova@example.org,Female,East Amanda,6/3/2024
U005421,Kaitlin Rocha,kimberly05@example.com,Other,Erikamouth,9/28/2025
U005422,Daniel Salazar,hcrosby@example.org,Female,Lake Erica,9/16/2024
U005423,Catherine Morales,amber99@example.com,Other,East Jose,1/31/2024
U005424,Shawn Simmons,cmoran@example.org,Male,North Thomastown,3/31/2024
U005425,Sean Little,heather77@example.com,Other,Wrightville,2/13/2024
U005426,Robert Baldwin,jorge99@example.net,Other,Port Jennaville,1/30/2024
U005427,Tracy Vasquez,younglisa@example.com,Male,East Emily,4/24/2025
U005428,Tiffany Smith,jeffreymartinez@example.net,Other,Trujilloville,5/14/2025
U005429,Jasmine Tyler,brianlarsen@example.net,Other,East Karenview,6/17/2025
U005430,Margaret Wright,danielhuynh@example.net,Other,Lauratown,5/20/2024
U005431,Joseph Lam,wiseamber@example.net,Other,Annetteshire,6/27/2025
U005432,Devin Thompson,nancycastillo@example.org,Female,New Joe,11/12/2024
U005433,Elizabeth Anthony,kclark@example.org,Other,South Gregoryview,7/2/2025
U005434,Maria Hoffman,rebeccatate@example.net,Male,Port Paulland,10/12/2025
U005435,Karen Gardner,pwilliams@example.com,Female,Bradfordview,9/16/2025
U005436,Joshua Brown,christopher15@example.com,Other,South Kimberly,7/5/2024
U005437,Matthew Stevens,doylevictoria@example.net,Female,New Troymouth,4/29/2024
U005438,Gregory Walker,evandennis@example.org,Other,Vazquezstad,12/10/2024
U005439,Grace Kirby,tonymoyer@example.net,Other,East Cesar,4/18/2024
U005440,Joseph Mitchell,robertgonzales@example.com,Other,Andersonmouth,3/23/2024
U005441,Desiree Hicks,richard53@example.net,Other,Stephaniemouth,11/14/2024
U005442,Scott Mosley,austinlaura@example.org,Female,Hannahside,3/12/2025
U005443,Kimberly Larson,sdavis@example.com,Other,Kramerberg,10/14/2025
U005444,Kathryn Castillo,perrysmith@example.org,Other,New Reneeland,1/21/2025
U005445,Andrew Olson,hfernandez@example.net,Other,Lake Ricky,6/18/2025
U005446,John Matthews,dshelton@example.org,Female,East Louis,11/21/2024
U005447,Christopher Gonzalez,eugenekaufman@example.com,Female,Morganview,5/16/2025
U005448,Michael Donaldson,rhonda27@example.net,Male,Fletcherburgh,3/27/2025
U005449,Laura Velasquez,enielsen@example.com,Other,Andrewfurt,7/17/2024
U005450,Shannon Townsend,thomaslynch@example.net,Male,East Shawn,1/16/2025
U005451,Ann Stewart,rhondastephens@example.net,Male,Elliottland,2/28/2024
U005452,Tonya Thompson,benderrachel@example.org,Female,Laurenside,4/30/2024
U005453,Ryan Jones,susanprice@example.org,Male,Katelynville,3/17/2024
U005454,James Barnes,kelly72@example.net,Male,New Jonathan,2/19/2025
U005455,Cory Jackson,brianbaker@example.org,Other,New Tinaside,5/10/2025
U005456,Kathleen Wilson,timothy96@example.net,Male,Jordanmouth,4/17/2024
U005457,Anthony Mata,gilbertjason@example.com,Male,Christopherfort,12/16/2024
U005458,Pamela Nichols,alyssa41@example.net,Female,Simpsonville,10/11/2024
U005459,Lisa Jones,aarongriffith@example.com,Male,Bellhaven,1/15/2025
U005460,Rebecca Baker,sharon84@example.net,Female,Cynthiashire,8/17/2024
U005461,Heather Brown,williamssteven@example.org,Other,Zimmermanfort,8/2/2025
U005462,Michelle Oneal,qfloyd@example.net,Female,Brandonburgh,4/22/2024
U005463,John Robbins,batesolivia@example.org,Male,Jacksonview,8/18/2024
U005464,Erica Hudson,sarah03@example.net,Male,South Barbaraside,8/25/2025
U005465,John Patterson,nhernandez@example.com,Other,Estradahaven,3/31/2024
U005466,Alex Wallace,russellamy@example.com,Female,Whitefort,5/10/2024
U005467,Kerry Lynch,stevenssteven@example.org,Male,New Sydney,3/1/2025
U005468,Peter Patel,ricardomitchell@example.net,Other,Kevintown,3/17/2024
U005469,Ian Miller,patrick05@example.net,Male,Annland,4/9/2025
U005470,Joseph White,amandahood@example.net,Female,Johnsonberg,11/1/2025
U005471,Brittney Cantrell,millertony@example.com,Female,Lopezbury,4/2/2024
U005472,Jill Bell,peter07@example.org,Male,Jeremyville,9/25/2025
U005473,Catherine Miller,robertkane@example.org,Other,Markborough,11/29/2024
U005474,Charles Wilkerson,zfleming@example.org,Other,South Matthew,9/24/2025
U005475,Jennifer Jacobs,wendy85@example.org,Other,Garzafort,12/26/2024
U005476,Sarah Combs,gdawson@example.net,Other,New Richardland,11/11/2025
U005477,Andrea Potter,tmitchell@example.net,Male,Leeburgh,3/12/2024
U005478,Danielle Mcknight,kelly74@example.com,Other,Johnsonton,2/27/2024
U005479,Dana Peterson,andrea83@example.com,Other,Michelleport,12/22/2024
U005480,Jennifer Mcfarland,tmccarthy@example.org,Other,Lake Madisonchester,5/29/2025
U005481,Thomas Williams,ariasmax@example.com,Female,South Richard,9/5/2024
U005482,Anne Miller,shortdavid@example.net,Male,North Brandon,6/1/2025
U005483,Raymond Velasquez,xball@example.com,Other,Williamsfurt,8/10/2024
U005484,Anne Harris,johncook@example.net,Other,New Abigail,3/10/2025
U005485,Jeffrey Valdez,bonnie25@example.com,Female,Sarahburgh,5/11/2025
U005486,Sharon Mccoy,everettlindsay@example.com,Other,Morrisview,12/9/2024
U005487,Shane Wolfe,johnsonandrew@example.org,Other,North Benjaminborough,12/7/2024
U005488,Julie Ross,owensalexander@example.net,Male,Hoganport,9/4/2025
U005489,Samantha Carpenter,myersterri@example.com,Female,Osbornestad,4/19/2025
U005490,Michelle Lynch,sarah25@example.org,Female,East Deanshire,1/3/2024
U005491,Sue Richardson,lmurphy@example.org,Female,Jonesshire,3/20/2024
U005492,Randall Foster,bennettkeith@example.net,Other,East Alyssa,11/13/2024
U005493,Elizabeth Gallagher,candrade@example.org,Female,Murrayport,3/15/2024
U005494,Andrew Walker,hbaker@example.com,Other,Albertside,7/30/2024
U005495,Samantha Davis,susanwalker@example.com,Male,West Carmen,6/3/2025
U005496,Dakota Burns,littlemary@example.net,Male,South Michael,9/15/2024
U005497,Noah Hoffman,hneal@example.net,Other,East Chelsea,7/22/2024
U005498,Monique Lee,seanlong@example.org,Female,Heatherchester,11/6/2024
U005499,Michael Dorsey,jonescarl@example.net,Male,West Sandrashire,5/27/2024
U005500,Michael Morris,barbara30@example.org,Other,Diazshire,5/3/2025
U005501,Brian Moody,tara59@example.net,Female,West Lawrenceland,5/14/2025
U005502,Benjamin Juarez,maryreid@example.org,Male,Sherriland,1/4/2024
U005503,Samantha Ballard,johnsonrichard@example.com,Other,Gomezland,4/6/2024
U005504,Bruce Mitchell,ledwards@example.com,Other,Jasminehaven,1/28/2024
U005505,Douglas Martin,cisnerosdawn@example.com,Other,Lindsaymouth,9/19/2024
U005506,Michael Atkins,ulewis@example.org,Other,Lake Mikayla,3/1/2024
U005507,Karen Houston,ymayo@example.com,Female,Thomasbury,3/16/2025
U005508,Alice Waters,staceychen@example.net,Other,Christopherstad,8/16/2024
U005509,Brian Marshall,williamsadriana@example.net,Other,Lake Stacyfurt,3/10/2025
U005510,Nancy Rich,matthew82@example.com,Other,Jasonbury,3/29/2024
U005511,Lori Farmer,michellerogers@example.com,Other,West Alyssa,4/16/2024
U005512,Rachel Frazier,paulahall@example.org,Male,West Paulachester,11/7/2024
U005513,Timothy Pennington,wrightbrian@example.net,Other,Jodiland,6/24/2024
U005514,Heather Brown,cgarcia@example.org,Male,West Katelynborough,1/5/2025
U005515,Michael Williams,rothbriana@example.org,Female,Blakeshire,5/28/2024
U005516,Heidi Brown,zwiley@example.net,Female,Elizabethfurt,7/27/2025
U005517,Adrienne Turner,michaelatkinson@example.com,Male,Millsmouth,9/12/2024
U005518,Heather Skinner,larry29@example.org,Other,Snydertown,8/17/2024
U005519,Jason Lara,jeansummers@example.com,Male,Devinburgh,2/29/2024
U005520,Gilbert Coleman,austinpatricia@example.org,Male,New Laura,6/5/2025
U005521,Chelsea Cole,hunter03@example.net,Male,Stephenfort,10/29/2025
U005522,Jeffrey Thompson,robertsjohn@example.com,Other,South Dwayne,11/3/2024
U005523,Carlos Henry,james73@example.net,Other,Robertamouth,6/5/2024
U005524,Jeff Marks,iflores@example.com,Male,South Nicole,3/20/2025
U005525,Michael Bradshaw,ngates@example.net,Female,West Ericaside,10/21/2024
U005526,Jeffery Johnson,jennifermullins@example.com,Male,West Elizabethport,1/24/2025
U005527,David Knight,rickymcdonald@example.org,Female,South Lawrencemouth,3/12/2025
U005528,Cory Moran,lindsay81@example.net,Female,Popefurt,9/27/2024
U005529,Christopher Peters,browncharles@example.net,Other,Bassshire,8/28/2025
U005530,Alan Miller,nicolehunter@example.net,Female,West Katherineburgh,11/8/2024
U005531,Jose Brown,brooksnancy@example.org,Male,South Colleenfort,3/19/2025
U005532,Alex Baker,kathryn68@example.org,Male,New Loriport,10/12/2024
U005533,Christopher Navarro,elizabeththompson@example.net,Other,North Sheliafort,4/30/2025
U005534,David Dodson,cindy21@example.org,Female,Port Austin,6/18/2025
U005535,Michelle Hicks,nguyenjennifer@example.org,Male,South Devinland,11/2/2025
U005536,Debbie Ramirez,eclark@example.org,Female,Gillmouth,5/19/2025
U005537,Denise Knight,nnichols@example.com,Female,Lake Luisport,8/19/2025
U005538,Jake Payne,teresahernandez@example.com,Other,Smithshire,9/4/2024
U005539,James Morrow,michaelbradford@example.org,Male,Joshuatown,1/31/2025
U005540,Melissa King,jrodriguez@example.net,Male,Holtshire,11/3/2024
U005541,Robert Vaughn,christopherrich@example.org,Male,Angelatown,7/3/2024
U005542,Maria Norman,qduran@example.net,Female,Elizabethhaven,6/16/2025
U005543,Amanda Brown,evancortez@example.com,Other,East Codyton,7/8/2024
U005544,Ryan Washington,gregory93@example.net,Male,Jonathanview,10/16/2024
U005545,Sheila Joseph,sullivantracy@example.net,Other,North Jessica,8/28/2024
U005546,Katherine Hawkins,perryjennifer@example.com,Other,Port Jessica,1/6/2024
U005547,Felicia Stone,martinhutchinson@example.com,Other,Jacobbury,3/11/2024
U005548,John Clark,ariana72@example.com,Female,Meyerhaven,11/10/2024
U005549,Debra Goodman,gabrielhurst@example.org,Female,Anthonyburgh,7/28/2025
U005550,Sean Curtis,leeapril@example.com,Other,East Sarahtown,11/1/2024
U005551,Nicole Hobbs,ichandler@example.org,Other,Port Christopher,8/20/2024
U005552,Courtney Moore,johnsonkevin@example.net,Female,East Dorothy,4/12/2025
U005553,Tammy Cooke,jeremycarey@example.com,Male,New Kevin,7/11/2024
U005554,Megan Howard,leondavid@example.com,Other,Allenborough,9/20/2025
U005555,Robert Ramirez,richardmorgan@example.com,Female,Christinashire,10/2/2024
U005556,Heather Morris,francojenna@example.com,Other,Lauriemouth,11/24/2024
U005557,Evan Price,monica28@example.org,Male,New Deborahhaven,6/18/2024
U005558,Daniel Clements,thall@example.org,Male,New Christophermouth,3/25/2025
U005559,Daniel Dixon,catherine77@example.org,Other,Ericaview,6/26/2024
U005560,Daniel Glass,nicole65@example.net,Male,Vanessafurt,4/1/2025
U005561,Tiffany Hebert,oolson@example.net,Other,Theresatown,8/29/2024
U005562,Linda Bailey,williamgreen@example.com,Male,Martinshire,11/9/2024
U005563,Kevin Burke,gsingleton@example.com,Female,East Janet,5/27/2024
U005564,Meghan Wheeler,tony05@example.net,Other,Weststad,8/28/2025
U005565,Ryan Jackson,jerrymorse@example.com,Other,West Patrickshire,4/3/2025
U005566,Bonnie Rodgers,williamhernandez@example.net,Female,Port Christina,7/30/2025
U005567,Dawn Walker,wsosa@example.com,Male,New Brandon,7/6/2025
U005568,Christopher Gross,gbarker@example.com,Female,Norrisview,10/1/2025
U005569,Shane Hatfield,agonzalez@example.com,Male,New Christopherville,6/16/2025
U005570,Jon Hood,phillipmorrison@example.net,Male,New Jennifermouth,10/3/2024
U005571,Jennifer Cooper,badams@example.com,Other,Chrisland,4/14/2025
U005572,Melissa Willis,jennifer98@example.net,Female,Dianeville,2/2/2025
U005573,Rose Roberts,imiller@example.org,Female,Collinsport,8/2/2025
U005574,Tricia Davenport,melissa89@example.net,Female,Lake Steve,9/1/2024
U005575,Brandon Young,ovega@example.org,Female,North Anthonyshire,1/17/2025
U005576,Jonathan Johnson,smalltabitha@example.net,Male,Jordanshire,9/27/2025
U005577,Laura Bowman,richardwiggins@example.org,Other,Brianland,1/28/2025
U005578,Ryan Ramos,adamserica@example.org,Other,Margaretmouth,1/6/2024
U005579,Teresa Morris,greerpaul@example.org,Female,East Melissa,2/13/2025
U005580,Vincent Stokes,nross@example.net,Other,New Jenniferchester,1/23/2025
U005581,Kathy Stone,charles21@example.org,Other,West Ashley,7/12/2024
U005582,Carrie Day,zwilliams@example.org,Male,Thomasmouth,1/24/2024
U005583,Joseph Stuart,patrickrodriguez@example.net,Male,Brownmouth,4/5/2024
U005584,Paula Reynolds,tyler54@example.net,Other,Maynardton,11/16/2024
U005585,Jonathan Wilson,rberry@example.net,Female,Port Latasha,1/24/2025
U005586,Crystal Sullivan,martinezlinda@example.net,Female,Angelachester,8/18/2025
U005587,Kristen Rose,jerry24@example.net,Male,Mirandaborough,11/6/2024
U005588,Blake May,baxterashley@example.org,Other,South Jessica,2/23/2025
U005589,Amber Mcfarland,ojoyce@example.com,Other,Kochport,6/18/2024
U005590,Michelle Franco,michellenichols@example.com,Other,Lake Jefferyland,11/4/2025
U005591,Andrea Morris,bryantstephanie@example.org,Male,North John,11/15/2024
U005592,Kevin Gray,sprice@example.com,Male,South James,10/10/2024
U005593,Elizabeth Wilson,lauracochran@example.org,Other,Port Brian,4/27/2025
U005594,Karina Davis,travisbrady@example.net,Female,North Kevin,7/13/2024
U005595,Anna Moran,tyronewilliams@example.org,Female,East James,1/2/2025
U005596,Martha Carroll,jodysoto@example.net,Male,Carlaland,6/12/2025
U005597,David Wall,christinebarron@example.org,Female,East Scott,5/2/2024
U005598,Manuel Wells,jennifer85@example.org,Female,Mccarthyland,5/24/2025
U005599,Christopher Perez,amandagonzalez@example.com,Other,Goodmanbury,9/24/2025
U005600,Dylan Reynolds,christopherdunn@example.net,Other,Lake Ginabury,1/8/2025
U005601,Maria Hardin,mburgess@example.net,Female,Joneston,1/19/2025
U005602,Emily Jones,nicole61@example.net,Male,Amandahaven,7/13/2024
U005603,Charles Sanders,doris29@example.org,Other,East Bryan,3/17/2024
U005604,Julia Riley,jennifer89@example.org,Female,North Caleb,2/28/2025
U005605,Wendy Hansen,sellerstimothy@example.org,Other,Lake Lauren,6/27/2025
U005606,Nicole Chambers,vevans@example.com,Other,Port Austin,3/23/2025
U005607,Kathleen Adams,hicksamanda@example.com,Female,Johnmouth,3/3/2025
U005608,Kelly Adams,christopher78@example.com,Female,Thomasfort,6/18/2024
U005609,Jason Anderson,christophermorrison@example.com,Male,Durhamland,1/30/2024
U005610,Danielle Stevenson,thammond@example.org,Female,West Rachel,1/8/2024
U005611,Julie Hernandez,drew05@example.net,Other,Harriston,1/20/2024
U005612,Kathryn Coleman,juan18@example.com,Male,Cobbside,9/19/2025
U005613,Christopher Harrison,cschultz@example.net,Female,New Susan,2/21/2025
U005614,Misty Turner,trichardson@example.net,Other,North Stacyport,3/26/2024
U005615,Jennifer Rose,mauricevargas@example.org,Male,North Paul,2/13/2024
U005616,Timothy Grant,paula52@example.net,Male,North Kylechester,3/7/2024
U005617,Madison Hill,brooksbradley@example.com,Male,Dominiqueland,10/6/2025
U005618,Sabrina Rocha,lindsaymalone@example.com,Other,Port Andrew,11/20/2024
U005619,Scott Daniels,irivera@example.com,Other,East Gabriel,12/24/2024
U005620,Monique Phillips,jerrylee@example.net,Male,Port Gregoryland,5/26/2025
U005621,Timothy Woods,thomasmarcia@example.com,Other,East Mark,2/10/2024
U005622,Andrew Thompson,elizabeth57@example.org,Male,East William,8/10/2025
U005623,Austin Davis,collinsmatthew@example.com,Male,Port Jennifer,9/25/2024
U005624,Daniel Goodwin,marysummers@example.net,Other,Shaunport,2/4/2025
U005625,Connie Cummings,veronicabrown@example.org,Other,North Elizabeth,3/21/2025
U005626,Jacqueline Kelley,masonmichael@example.net,Male,Joeltown,7/30/2025
U005627,Russell Guzman,stephanie80@example.net,Other,Cherylshire,8/7/2025
U005628,Katie Ayala,pdonovan@example.org,Female,East Lisaborough,3/23/2025
U005629,Parker Heath,matthew85@example.net,Male,Port Ericberg,4/21/2025
U005630,Amanda Brooks,karla92@example.com,Male,Cameronburgh,1/7/2024
U005631,Julia Foster,paynefelicia@example.net,Other,West Ryanburgh,10/15/2025
U005632,Jessica Williams,glawrence@example.org,Other,Andrewmouth,1/31/2024
U005633,Kristina Solis,gwelch@example.net,Other,New Jessicabury,7/16/2025
U005634,Melissa Alexander,kylelawson@example.net,Female,Harrisville,6/14/2025
U005635,Jeffrey Juarez,ushields@example.org,Other,South Tinaberg,9/8/2024
U005636,Selena Payne,flynnsavannah@example.org,Male,Yvetteton,7/12/2025
U005637,Lawrence Gonzalez,melissa18@example.org,Other,Benjaminton,1/23/2024
U005638,Ann Benton,alexander89@example.com,Other,Tinafort,5/6/2024
U005639,Zachary Green,rosereed@example.net,Male,Lake Marychester,11/3/2025
U005640,Daniel Turner,monicafletcher@example.com,Male,South Jenniferview,7/31/2024
U005641,Travis Santos,toddhowell@example.net,Female,New Emily,8/21/2025
U005642,Adam Wood,houstonlauren@example.net,Other,Smithview,7/14/2025
U005643,Michelle Lopez,alexrobinson@example.net,Female,Angelastad,7/10/2025
U005644,Anna Hunt,hannahblack@example.com,Male,Jeffreyfort,9/10/2025
U005645,Jamie Villegas,thomasandrew@example.org,Male,New Danieltown,9/12/2025
U005646,Christopher Wilson,alexander55@example.net,Male,Medinachester,5/31/2024
U005647,Melissa Escobar,william43@example.org,Male,Jasonview,4/25/2024
U005648,Cynthia Mendoza,patricia08@example.org,Male,New Dustin,9/28/2025
U005649,Angela Glass,hallstephen@example.org,Female,Gabrielleside,3/10/2025
U005650,Anthony Perez,reginamartinez@example.com,Other,West Matthew,8/8/2025
U005651,Kevin Briggs,olewis@example.net,Male,Thompsonborough,4/7/2024
U005652,Garrett Fox,karenolson@example.com,Other,Johnberg,10/16/2025
U005653,Heather Johnson,jgomez@example.com,Male,West Michael,11/22/2024
U005654,Gabriel Griffith,davidromero@example.net,Female,Deborahside,9/26/2025
U005655,Lisa Francis,kingdonna@example.net,Female,South Jeremiah,5/14/2025
U005656,Mary Berger,willisjonathon@example.com,Female,Riddleside,3/10/2025
U005657,Renee Waters,bowenmargaret@example.org,Female,Katherinechester,8/16/2025
U005658,Charles Mitchell,ndavis@example.com,Other,Samuelbury,4/12/2024
U005659,Gary Saunders,michael63@example.com,Female,West Dannystad,11/18/2024
U005660,Shawn Rodriguez,burgessrose@example.net,Female,East Karen,11/12/2024
U005661,Vanessa Lopez,igutierrez@example.net,Female,Jacquelineview,3/17/2025
U005662,Aaron Todd,katrinawest@example.com,Male,Hillchester,3/13/2024
U005663,Pamela Santos,wendysmith@example.com,Female,East Thomas,8/26/2024
U005664,Jerry Roberts,nathanielgould@example.com,Other,East Coreyfurt,4/16/2025
U005665,Victor Banks,franklinmark@example.org,Male,West Georgeside,6/15/2024
U005666,Philip Hernandez,williamsrichard@example.net,Other,Sherrifort,9/23/2025
U005667,Joseph Carter,randyhenry@example.com,Male,North Ricardo,7/11/2024
U005668,Kenneth Jackson,xballard@example.org,Other,Port Mary,12/21/2024
U005669,Joseph Bautista,michaeloliver@example.com,Other,Martinville,2/4/2025
U005670,Kelly Bush,aanderson@example.com,Other,New Amandaburgh,5/22/2025
U005671,Jessica Brown,ryanaguilar@example.com,Male,Gonzalesburgh,9/27/2025
U005672,David Doyle,cbanks@example.com,Other,Lisaport,6/25/2025
U005673,Timothy White,matthew37@example.net,Other,Chapmanmouth,6/30/2024
U005674,Heather Taylor,rhernandez@example.org,Male,Barrettton,2/13/2025
U005675,Jeffrey Johnson,llawrence@example.org,Other,Lake Kelsey,5/30/2025
U005676,Bonnie Jones,qfischer@example.net,Male,Michellebury,5/12/2025
U005677,Charles Gordon,wspencer@example.org,Female,Thomasshire,3/1/2025
U005678,Samuel Murphy,mcfarlandmichael@example.net,Other,Lewisport,12/25/2024
U005679,Robert Cooper,johnsonkelly@example.net,Male,Stephenshire,6/18/2025
U005680,Jim Holland,hughesrobert@example.org,Female,New Seanberg,4/21/2024
U005681,Amber Macias,deborahmacias@example.net,Other,Chavezchester,1/24/2025
U005682,Nicholas Hall,david36@example.org,Female,Port Lauriestad,6/6/2024
U005683,Jonathan Curtis,danny38@example.org,Other,North Carlmouth,9/8/2024
U005684,Laura Brewer,cochranpatricia@example.com,Male,South Timothyshire,9/18/2025
U005685,Jessica Herrera,hmartinez@example.org,Female,Robertland,3/25/2025
U005686,Jose Clay,andersonsandra@example.org,Female,East Rebecca,10/10/2024
U005687,Kevin Randall,christopher58@example.com,Female,Ortizburgh,5/2/2024
U005688,Michael Jimenez,evansjeffery@example.net,Female,East Karen,8/3/2025
U005689,Valerie Nunez,anthony91@example.org,Other,Wuland,4/30/2024
U005690,Katie Johnston,seth42@example.com,Male,Port Leslie,11/7/2024
U005691,Jose Brown,ujohnson@example.com,Female,Mooreberg,1/13/2025
U005692,Melanie Price,lindsay96@example.com,Male,Rachelville,10/23/2024
U005693,Mary Jones,cortiz@example.com,Other,Lake Danny,12/8/2024
U005694,Anthony Miller,ecarroll@example.com,Male,Pughton,10/7/2025
U005695,Ethan Johnson,haleyjordan@example.org,Male,New Garrett,2/5/2024
U005696,Luis Thomas,craig45@example.net,Other,Lopezville,6/18/2024
U005697,Nicole Johnson,jonathan09@example.com,Female,North Nicoleshire,4/11/2024
U005698,Mathew Bailey,heather17@example.com,Other,Robertside,6/22/2025
U005699,Kevin Guzman,anthony92@example.com,Female,New Sarah,5/30/2024
U005700,Nathan Kaufman,briandaniel@example.net,Other,Lake Rachel,7/7/2025
U005701,James Smith,evanslisa@example.net,Male,Shelleyshire,7/15/2024
U005702,Shawn Greene,perrybarbara@example.net,Female,New Ashleebury,3/1/2025
U005703,Thomas Brown,beth71@example.net,Other,East Donnaview,6/23/2025
U005704,Stephanie Brown,hmckinney@example.com,Other,Ambertown,10/16/2024
U005705,Craig Newman,eflynn@example.net,Other,West Jamesside,5/9/2024
U005706,Marvin Ball,jason42@example.net,Female,Davidsonton,5/23/2025
U005707,Julie Ford,kingchristopher@example.net,Male,East Denise,6/6/2024
U005708,Heather Daniel,cynthia10@example.com,Other,East Lisa,9/8/2025
U005709,Arthur Costa,ydiaz@example.org,Other,East Jordan,9/29/2025
U005710,Carl Perez,phyllisbrown@example.com,Male,Newmanfurt,11/28/2024
U005711,Michele Tucker,jacquelinemiller@example.net,Male,Danielchester,11/16/2024
U005712,Sarah Lin,joshuahernandez@example.net,Male,Armstrongberg,2/17/2024
U005713,Thomas Dominguez,dewing@example.com,Male,East Markborough,6/21/2024
U005714,Benjamin Cook,rmeyer@example.org,Other,Mooreborough,4/29/2025
U005715,Peter Copeland,qpatrick@example.org,Other,Port Ian,7/4/2024
U005716,Jennifer Durham,brockmartha@example.org,Female,East Christina,5/12/2024
U005717,Brittany Thomas,jamiemarshall@example.com,Other,Kristinton,5/18/2024
U005718,Whitney Ortiz,crawfordchristine@example.org,Other,South Donaldmouth,5/28/2024
U005719,Joshua Martinez,margaret97@example.net,Male,New Jessica,5/8/2024
U005720,Patrick Weber,davidstrong@example.org,Female,South William,8/15/2024
U005721,Jessica Phillips,xochoa@example.com,Male,Davilaville,5/14/2024
U005722,Mary Gay,wobrien@example.com,Other,North Daniel,4/1/2024
U005723,Candice Rivera,sandersdaniel@example.com,Other,Kennedyside,4/21/2025
U005724,Christina Webster,josephwilson@example.org,Other,Lake Amanda,4/13/2025
U005725,Carlos Nelson,andreasantiago@example.net,Female,West Shannon,7/29/2025
U005726,Haley Howard,bradley85@example.com,Male,Ambermouth,9/30/2024
U005727,Melissa Sampson,hughesbrent@example.org,Female,Robertsonside,2/14/2025
U005728,Beth Roberts,katrina06@example.org,Other,Port Paul,10/18/2025
U005729,Austin Reid,brandon21@example.net,Other,East Robinfort,6/1/2025
U005730,James Patel,riveraandrew@example.net,Male,East James,11/14/2024
U005731,Rebecca Cole,donald79@example.org,Male,Jimport,9/21/2024
U005732,Kimberly Zuniga,gmatthews@example.org,Male,West Jeffrey,3/10/2024
U005733,Jacqueline Meyer,kaylee04@example.org,Male,Thompsonview,6/19/2024
U005734,Colton Powers,davismary@example.com,Other,Deniseport,5/1/2024
U005735,Willie Bell,ericaavila@example.net,Female,North Erikaland,3/18/2025
U005736,Amanda Beard,nhall@example.net,Male,Shelbyport,9/22/2024
U005737,Kristina Smith,michellejackson@example.com,Male,East Cynthiaport,3/9/2025
U005738,Kevin Smith,charlespeters@example.com,Male,Lake Katherine,1/7/2024
U005739,Chad Rogers,millercarol@example.com,Other,North Rhonda,5/16/2024
U005740,Ryan Wiggins,wbryant@example.com,Other,Reginaldhaven,12/27/2024
U005741,James Allen,austincampbell@example.net,Male,South Williamstad,6/11/2025
U005742,Nicole Roach,wattsthomas@example.org,Other,Port Kevinville,5/10/2024
U005743,Terrence Richmond,thomasunderwood@example.net,Female,West Lauren,9/26/2025
U005744,Kimberly Davis,vramirez@example.org,Other,East Donald,11/11/2024
U005745,James Jenkins,uyork@example.com,Other,Byrdfort,6/30/2024
U005746,Eddie Vasquez,michelle92@example.net,Male,Lake Christopher,5/25/2024
U005747,Kevin Smith,zjones@example.net,Female,Richardstad,6/6/2024
U005748,Lisa Hernandez,xking@example.org,Other,Jenniferchester,9/27/2024
U005749,Elizabeth Jackson,knoxnicole@example.net,Male,East Joshuabury,2/26/2025
U005750,Alexa Walton,kathycastro@example.org,Female,West Michelle,3/5/2025
U005751,Carol Nelson,evansjoseph@example.com,Male,Lake Erica,4/25/2024
U005752,Eric Jones,anthonyball@example.com,Male,West Steven,8/3/2024
U005753,Paul Norris,kimberly31@example.org,Other,Shermanborough,9/26/2024
U005754,Tim James,trevorluna@example.org,Other,Kelseyburgh,11/12/2024
U005755,Gary Hicks,thompsonamber@example.com,Female,Townsendville,9/3/2025
U005756,Jill Thomas,mooremary@example.net,Female,Westshire,4/1/2024
U005757,Justin Ewing,aguilarheather@example.org,Female,Mannville,2/14/2025
U005758,Stephen Morales,cummingskelly@example.org,Male,Kennedyborough,5/1/2024
U005759,Kylie Zuniga,abigail06@example.org,Other,Stevefurt,4/7/2024
U005760,Peter Lee,estafford@example.org,Other,West Josestad,8/25/2024
U005761,Wayne Daniel,tgilmore@example.com,Male,Smithchester,6/25/2025
U005762,Nicholas Taylor,dyeredward@example.org,Male,South David,10/8/2025
U005763,Ricardo Tate,clarkthomas@example.net,Female,Sierraberg,11/9/2025
U005764,Mark Huffman,debra12@example.net,Other,West Michaelshire,10/3/2025
U005765,Jeffery Arnold,devin05@example.org,Male,West Marialand,7/9/2025
U005766,Stacy Oconnor,aduran@example.com,Male,New Leslieburgh,5/25/2025
U005767,Jason Bowman,rogersalisha@example.net,Female,East Eric,3/14/2025
U005768,Tracy Jackson,jenkinskaitlyn@example.com,Female,East Lisaburgh,9/13/2024
U005769,Melissa Scott,bbarr@example.net,Female,Port Jenniferside,12/24/2024
U005770,Kathy Conway,vickie83@example.com,Female,Lake Kimberlymouth,3/16/2024
U005771,Jeffrey Fry,xgill@example.com,Other,Brittanyport,6/14/2024
U005772,Julian Williams,dawn67@example.net,Other,Lisafurt,11/14/2024
U005773,Tammy Brown,sarah68@example.net,Female,South Samanthafurt,10/24/2024
U005774,Brian Gonzales,aatkinson@example.org,Other,South Sarahburgh,7/29/2024
U005775,Cindy Castaneda,kaitlyn73@example.org,Other,Carterside,4/7/2025
U005776,Edward George,shirleyorr@example.org,Male,North Madisonchester,5/7/2025
U005777,Miranda Torres,laura21@example.com,Other,Nancyfurt,3/3/2025
U005778,Brandi Schwartz,james86@example.net,Other,Margaretbury,8/2/2024
U005779,Andrew Myers,daniel45@example.com,Female,Yolandamouth,4/16/2025
U005780,Michelle Peterson,klove@example.net,Female,Dayhaven,5/14/2024
U005781,Sarah Miller,martinezkristine@example.org,Female,Port Timothy,2/25/2024
U005782,Jason Jacobson,xdawson@example.net,Male,Kimberlyfort,10/21/2025
U005783,Kellie Lane,rmills@example.net,Male,Richardsonchester,5/21/2024
U005784,Michele Rodriguez,craigtimothy@example.org,Female,Benjaminchester,7/21/2024
U005785,Cynthia Stein,wbarton@example.org,Male,Port Toddchester,3/14/2024
U005786,Lydia Campbell,brian02@example.org,Male,New Craigfurt,10/12/2025
U005787,Michelle Hamilton,aoliver@example.com,Other,Port Kimberly,7/10/2025
U005788,William Flowers,jasonpacheco@example.org,Other,Nielsenfort,6/23/2025
U005789,Anne Hogan,kevinfisher@example.net,Other,Port Davidton,5/16/2024
U005790,Thomas Barker,dmoore@example.org,Female,Tammyshire,1/31/2024
U005791,Kevin Reeves,joneschristine@example.net,Female,Lake Katrina,2/29/2024
U005792,Jonathan Kelly,johnspatrick@example.com,Female,South Ginastad,5/26/2025
U005793,Ryan Neal,kreed@example.net,Male,Rebeccaton,1/29/2024
U005794,Mark Harrison,zferguson@example.com,Other,East Edward,1/22/2024
U005795,Jocelyn Williams,wmcintosh@example.net,Other,Lucasport,3/27/2024
U005796,Kenneth Taylor,millerdominique@example.org,Female,West Sierra,3/14/2025
U005797,Nicholas Quinn,lcharles@example.org,Female,Johnsonchester,1/1/2024
U005798,Virginia May,haleylinda@example.net,Female,Port Tracyfurt,10/12/2024
U005799,Christopher Hamilton,thomasbilly@example.com,Female,Williamfurt,4/6/2024
U005800,Cassandra Ryan,russellrobert@example.net,Female,Port Jeffreychester,7/5/2025
U005801,Gary Moyer,danielsmichelle@example.net,Female,East Craigtown,4/25/2025
U005802,Michael Russo,mgreer@example.net,Female,Toddborough,4/30/2025
U005803,Alyssa Jones,randy82@example.com,Other,Turnermouth,9/2/2025
U005804,Melissa Schaefer,larry17@example.com,Male,Pattersonfurt,1/22/2025
U005805,Suzanne Ross,walkervanessa@example.org,Male,New Nathaniel,3/2/2024
U005806,Emma Jefferson,fpatrick@example.org,Other,East Leah,3/19/2024
U005807,Melissa Shaw,beltranstephen@example.com,Other,Gregorymouth,9/25/2024
U005808,Jessica Harvey,sarahbrown@example.org,Male,Matthewhaven,3/26/2025
U005809,Elizabeth Harrison,carolynmiller@example.org,Female,West Davidton,2/29/2024
U005810,Anna Willis,ernest31@example.org,Male,Wileystad,2/29/2024
U005811,Travis Lopez,daniel86@example.com,Other,Lake Johnhaven,8/17/2025
U005812,Brian Crosby,linda99@example.net,Male,East Howard,8/1/2024
U005813,Hannah Nelson,anthony66@example.org,Female,Ashleyburgh,2/4/2025
U005814,Dennis Liu,swilcox@example.net,Other,Lorifurt,4/19/2025
U005815,Jacob Hurley,michaelbeard@example.net,Other,West Jeffreyland,2/15/2024
U005816,Jeanette Jackson,nicholas05@example.org,Male,North Alison,6/27/2025
U005817,Robert Morton,acase@example.net,Other,Sellersborough,1/27/2024
U005818,Susan Higgins,jatkins@example.com,Male,North Pamela,8/20/2024
U005819,Michael Brown,ryancarroll@example.com,Male,West Timothy,4/17/2025
U005820,Jacob Dyer,carolynlyons@example.net,Other,Reeseside,12/2/2024
U005821,Lisa Jones,chandlerdouglas@example.org,Other,South Brett,6/1/2025
U005822,Jennifer Reyes,hugheshannah@example.org,Male,Brownberg,4/25/2025
U005823,Christian Floyd,bmartin@example.net,Other,North Andrea,5/14/2025
U005824,Andrew Glover,torresjeremy@example.org,Other,New Lindsey,7/24/2025
U005825,Megan Casey,veronicabyrd@example.net,Female,East Brian,9/6/2025
U005826,Christopher Chapman,ashleystone@example.org,Other,Spearsland,7/16/2025
U005827,Sherri Goodman,donald38@example.com,Male,Gordontown,5/23/2024
U005828,Adam Figueroa,vli@example.com,Male,Campbellmouth,5/22/2025
U005829,Jillian Obrien,xmoreno@example.org,Other,Johnshire,8/22/2025
U005830,Cameron Sexton,melissa13@example.org,Female,Burtonview,2/26/2025
U005831,Emily Rogers,popemichael@example.com,Other,Lake Jeffrey,6/20/2024
U005832,Blake Watson,laura10@example.net,Other,Lake Lisa,6/26/2024
U005833,Wendy Mcclain,uhill@example.org,Female,West Carolynchester,10/30/2024
U005834,Madison Wolfe,vbecker@example.com,Other,Linfort,7/15/2024
U005835,Sonya Blake,garnerlaura@example.net,Male,West James,8/14/2024
U005836,Alexandria Morton,smithsamantha@example.org,Female,Hernandezhaven,7/7/2024
U005837,Kristine Scott,robert31@example.com,Female,Port Tanyastad,1/24/2025
U005838,Charles Roberts,reevesandrew@example.org,Male,Rebeccamouth,4/8/2025
U005839,Hannah Roberts,johnjohnson@example.net,Other,Browntown,3/20/2024
U005840,Denise Casey,frank52@example.com,Other,Bridgesmouth,3/19/2024
U005841,Jeffery Reyes,mallory73@example.net,Female,Port Allisonstad,3/22/2024
U005842,Amanda Elliott,fernandonelson@example.org,Male,Elizabethstad,5/11/2024
U005843,Theresa Wilson,jeremyberger@example.com,Female,Rebeccaborough,9/18/2025
U005844,Isaac Perry,michaelmartinez@example.net,Other,Arnoldborough,4/1/2024
U005845,Tyler Colon,whogan@example.org,Other,Jerryshire,3/25/2025
U005846,Melissa Shaw,donald16@example.net,Male,Stewartport,11/13/2025
U005847,Michael Robinson,abigailsmith@example.org,Female,Tonyfurt,9/27/2025
U005848,Nathan Adams,aaron68@example.net,Female,Edwardborough,7/24/2024
U005849,Jacob Perkins,oneillstacy@example.org,Other,North Deborahside,4/20/2024
U005850,Daniel Lopez,jessicamora@example.org,Male,Port Michaelchester,11/30/2024
U005851,Matthew Mercado,elizabethherrera@example.net,Other,South Jessicaland,3/4/2025
U005852,Russell Perkins,sherritate@example.com,Male,Theresachester,1/7/2025
U005853,Sonya Johnson,julie18@example.com,Other,West Dawnfort,2/9/2025
U005854,Barry Aguirre,brenda41@example.com,Other,East Frederick,6/14/2024
U005855,Michael Mathews,lorrainehall@example.com,Male,Port Nancybury,12/26/2024
U005856,Monica Luna,jimenezaudrey@example.org,Other,North Melissaburgh,8/17/2024
U005857,Audrey Wright,charles27@example.org,Male,West Rachelhaven,10/17/2025
U005858,Steve Camacho,tcontreras@example.com,Female,Taylorborough,2/29/2024
U005859,Jonathan Ray,gpowell@example.net,Male,Jessicaborough,1/25/2024
U005860,Dawn Lindsey,mark29@example.com,Male,Richardborough,6/27/2024
U005861,Melanie Clark,sharonwilliams@example.net,Other,West Stephenfurt,10/22/2025
U005862,Lisa Hernandez,whitney25@example.org,Other,North Reginahaven,4/1/2025
U005863,Linda Watkins,waltondaniel@example.org,Other,Dennisfort,7/6/2025
U005864,Wayne Nichols,connor65@example.com,Male,Curtismouth,3/30/2025
U005865,Benjamin Green,daniellewells@example.com,Other,Christopherbury,1/31/2024
U005866,John Morris,ronnie22@example.org,Other,Stephenfurt,9/12/2024
U005867,Brian Tucker,johnstonrobin@example.org,Female,South Daniel,9/21/2024
U005868,Angela Wood,colin59@example.com,Female,North Lancehaven,6/3/2024
U005869,Leah Rogers,arnoldpaul@example.com,Male,Ellenmouth,11/13/2025
U005870,Julie Stein,xrosario@example.com,Male,Sloanland,9/11/2025
U005871,Kelly Williams,fischermark@example.org,Female,West Anthonyland,4/19/2024
U005872,Timothy Martin,george12@example.net,Male,South Derrickburgh,9/1/2024
U005873,Kevin Scott,andrewglass@example.com,Male,Lake Carolstad,1/29/2024
U005874,Jessica Wells,daniel37@example.org,Female,North Jennifer,11/12/2024
U005875,Leslie Garcia,peterjones@example.com,Female,Kingfort,11/8/2024
U005876,Meghan Ward,rebecca25@example.net,Male,Mirandamouth,12/17/2024
U005877,Jillian Duncan,edwardsdaniel@example.com,Male,South Sarah,8/9/2024
U005878,Amy Martinez,joe88@example.com,Other,Crosschester,7/16/2024
U005879,Debra Hebert,kevin25@example.net,Male,New Michellefurt,8/5/2025
U005880,John Crawford,dberry@example.org,Other,Stephanietown,1/31/2025
U005881,Aaron Patterson,abigail54@example.com,Female,Lake Malikburgh,12/27/2024
U005882,Carrie Cooper,qwilliams@example.com,Female,Swansonton,10/24/2025
U005883,Michael Dalton,reneebrown@example.org,Female,West Kyle,2/20/2025
U005884,Stephen Cox,hrhodes@example.com,Female,New Matthew,1/21/2024
U005885,James Johnston,tstephens@example.org,Male,North David,6/13/2024
U005886,Kenneth Duncan,burtonmartha@example.net,Male,Paulfurt,7/2/2024
U005887,Rebecca Walters,andrewhenderson@example.com,Other,West Carrie,9/2/2024
U005888,Michelle Brooks,trevor39@example.org,Female,Michaelport,10/11/2024
U005889,Yvonne Trujillo,christopherarcher@example.org,Male,Lake Ericland,5/11/2024
U005890,Angela Wilson,robinsontracy@example.org,Other,North Staceyfort,5/6/2025
U005891,Angelica Mueller,trevinohayley@example.net,Other,Starkchester,6/19/2025
U005892,Shelly Hicks,sarah31@example.com,Other,Antonioside,8/12/2025
U005893,Rachel Jones,tracykramer@example.net,Female,North Meganview,5/26/2024
U005894,Kevin Forbes,joshuamccarty@example.net,Other,Timothybury,2/7/2024
U005895,Julian Watkins,merediththompson@example.com,Female,North Lorimouth,12/18/2024
U005896,Elizabeth Wood,ashley20@example.org,Other,East Mary,6/11/2025
U005897,Alex Durham,noahherrera@example.com,Other,Port Danielbury,1/25/2024
U005898,Marcus Diaz,brandon18@example.org,Other,Charlesfurt,12/13/2024
U005899,Christopher Moore,ttaylor@example.org,Male,Simpsontown,10/1/2025
U005900,Crystal Lyons,smithbilly@example.net,Female,Lake Michelle,7/19/2025
U005901,Christine Harris,diana74@example.net,Other,Sherryview,9/3/2025
U005902,Edward Morgan,christopherfreeman@example.net,Female,North Michaelbury,4/5/2024
U005903,Victoria Ortiz,nwalker@example.com,Female,West James,10/29/2024
U005904,Angela Jones,johnsonmariah@example.org,Other,East Johntown,7/29/2024
U005905,Charles Anderson,bbennett@example.com,Other,Ewingberg,9/16/2025
U005906,Brandi Bray,sstephens@example.com,Male,North Davidhaven,9/12/2024
U005907,Justin Davis,wendytucker@example.net,Other,North Tina,7/31/2024
U005908,Brian Harmon,toni78@example.net,Female,East Ryanville,3/1/2025
U005909,Crystal Warren,katherine89@example.net,Female,Lake Ericbury,10/25/2024
U005910,Hailey Martinez,christopher55@example.org,Male,Allenborough,4/16/2025
U005911,Brandon Nielsen,gwilliams@example.org,Other,Maureenshire,5/13/2024
U005912,Kara Crawford,christina34@example.com,Female,Sherryfurt,1/8/2025
U005913,Linda Phillips,timothy96@example.com,Female,East Coreytown,8/24/2025
U005914,Kimberly Martinez,jenniferirwin@example.net,Female,West Nicoleshire,2/18/2024
U005915,Amber Jones,ronaldvillegas@example.net,Female,Cruzhaven,8/31/2024
U005916,Tiffany Hall,sheilagarcia@example.org,Female,Jenniferburgh,3/25/2025
U005917,Joseph Fleming,michael03@example.org,Other,Moralesville,8/8/2024
U005918,Marissa Miller,mariaramirez@example.org,Male,Lopezhaven,2/8/2024
U005919,Christian White,scottkim@example.com,Other,Erinstad,3/8/2024
U005920,David Mays,katherinelee@example.org,Male,Morganview,8/13/2025
U005921,Stanley Wood,mullennathan@example.net,Female,South Peterstad,7/29/2025
U005922,Emily Davis,jthomas@example.com,Male,Ericborough,8/17/2024
U005923,Pamela Castillo,torrestimothy@example.org,Male,Port Emma,10/23/2024
U005924,Traci Vazquez,mark19@example.com,Male,Christopherport,2/19/2025
U005925,Natasha Garcia,caseyjoseph@example.org,Other,New Markbury,6/26/2025
U005926,Lindsey Smith,kayla07@example.net,Other,Steeleshire,12/20/2024
U005927,Crystal Ford,kmurphy@example.net,Female,East Craigside,1/26/2024
U005928,Andrew Mathis,estone@example.com,Male,Odonnellshire,8/28/2025
U005929,David Abbott,hendersonluke@example.com,Male,Lake Barbarachester,9/28/2025
U005930,Lisa Payne,david68@example.org,Male,East Tammystad,10/21/2024
U005931,Zachary Mcdonald,lindsey15@example.com,Male,Lake Michaeltown,4/9/2024
U005932,Kristen Grant,garciaangela@example.org,Female,South Erikafort,9/29/2024
U005933,Amanda Gonzalez,hansenluke@example.net,Other,Christinafurt,11/4/2025
U005934,Shawn Ellis,dominguezoscar@example.com,Other,Andrewborough,8/14/2025
U005935,Kimberly Gonzalez,tamara68@example.org,Male,Matthewsstad,3/5/2024
U005936,Tammy Li,steven01@example.com,Other,Michaelberg,11/11/2024
U005937,Joseph Mccoy,thompsonapril@example.com,Male,North James,4/25/2024
U005938,Kenneth Marshall,hillaudrey@example.net,Female,Lake Robin,3/19/2024
U005939,Anna Martin,kimberly95@example.org,Female,Simmonsville,4/8/2024
U005940,Jennifer Pierce,james72@example.com,Other,Port Teresa,8/9/2025
U005941,Steven Cordova,coxbarbara@example.org,Male,East Stephenbury,10/22/2024
U005942,Jonathan Mcgrath,vaughankatrina@example.net,Female,North Jennifer,11/19/2024
U005943,Dominic Green,wyattsandra@example.org,Other,Sherrychester,1/18/2025
U005944,Brandy Taylor,kentsharon@example.com,Female,South Heather,11/29/2024
U005945,Sheila Johnson,kthomas@example.net,Female,East Beth,12/23/2024
U005946,Michelle Freeman,ealvarez@example.com,Male,Lake Kevin,1/19/2025
U005947,Joseph Wright,mcleandavid@example.net,Other,Port Douglas,4/28/2024
U005948,Jason Powell,lisa09@example.org,Male,Mackenzieview,1/15/2024
U005949,Andrew Lawrence,danielhuffman@example.org,Other,East Kimberlyborough,4/10/2024
U005950,Stephen Turner,nicolerandolph@example.net,Female,Michaelside,1/21/2024
U005951,Troy Howard,jstone@example.org,Male,Ramirezside,3/31/2024
U005952,Kristine Butler,jgreen@example.org,Male,East Krystal,4/9/2025
U005953,Virginia Martin,alan64@example.com,Male,Lake Wendyfort,9/29/2024
U005954,Paul Briggs,robin66@example.org,Male,West Michael,7/19/2024
U005955,Ryan Johnson,mooredana@example.net,Other,Port Angelaville,2/27/2024
U005956,Brian Sanders,johnsonsharon@example.com,Other,South Jessica,4/17/2025
U005957,Ann Harrison,moorenoah@example.org,Male,Carloston,3/4/2024
U005958,David Scott,brendaburgess@example.com,Male,Lake Mauricechester,9/19/2025
U005959,Jacqueline Mitchell,tmcgee@example.com,Other,Port Joshua,8/10/2025
U005960,Stephen Harrington,eleonard@example.net,Other,Johnsonton,11/14/2025
U005961,Paul Smith,scampbell@example.net,Male,Thomasshire,7/30/2024
U005962,Elizabeth Frazier,juanhernandez@example.net,Other,West Duaneland,3/3/2025
U005963,Angel Douglas,boyertammy@example.net,Male,Nicholsonberg,3/8/2024
U005964,Alejandro Brown,melindacarter@example.com,Male,Port Julieview,7/18/2025
U005965,Tracy Butler,elizabeth92@example.org,Male,West Heather,4/7/2024
U005966,Kathleen Fisher,brandon04@example.net,Female,Lynnview,6/30/2025
U005967,Jeffrey Campbell,roy66@example.org,Male,Millerhaven,3/21/2024
U005968,Christopher Dennis,cruzjohn@example.com,Other,Danafort,1/29/2024
U005969,Carla Stewart,amurray@example.com,Female,Kellerfort,2/27/2025
U005970,Selena Brock,robinsonjacqueline@example.org,Other,Starkview,9/14/2024
U005971,Jason Turner,evanhenderson@example.net,Other,Juliaborough,9/14/2025
U005972,Monica Campbell,hayley21@example.com,Other,Davistown,4/24/2025
U005973,Willie Stewart,copelandmatthew@example.net,Male,Port Christineside,7/13/2024
U005974,Michael Gallagher,uperkins@example.net,Other,New Rebeccafort,5/11/2024
U005975,James Ellis,johnsonstephen@example.net,Other,Port Jonathan,10/9/2024
U005976,Brandon Howard,brian35@example.com,Other,Danielchester,1/12/2024
U005977,Benjamin Swanson,gregory20@example.net,Female,Brendatown,10/30/2025
U005978,Vicki Garcia,wardrenee@example.com,Male,Ashleyburgh,10/7/2025
U005979,Chad Neal,hamiltonmatthew@example.org,Male,Patrickville,9/16/2025
U005980,Daniel Ruiz,harrisamy@example.net,Female,East Heather,1/8/2025
U005981,James Jones,joseph91@example.com,Other,Port Chad,5/17/2024
U005982,Charles Flowers,baxtercory@example.com,Female,Tranburgh,10/13/2024
U005983,David Young,thompsonnicholas@example.net,Female,Michaelborough,9/16/2024
U005984,Courtney George,mwalker@example.net,Male,East Davidland,9/4/2024
U005985,Priscilla Lopez,jonathanestrada@example.com,Male,Andersonville,10/25/2025
U005986,Sandra Trujillo,christianperez@example.com,Female,Alexisfurt,10/18/2025
U005987,Mary Carter,dominguezalbert@example.net,Other,Caitlinport,1/2/2024
U005988,Shannon Robinson,ronaldbrown@example.com,Male,Zacharyborough,6/25/2024
U005989,Jacob Young,stephaniekerr@example.com,Other,Port Scottville,8/4/2025
U005990,Emily West,paul82@example.com,Male,Josebury,12/8/2024
U005991,Angelica Waller,mdavis@example.net,Other,Katrinafort,12/12/2024
U005992,Sandra Smith,bobbyrojas@example.org,Other,Glennshire,2/21/2025
U005993,Felicia Rice,pgood@example.com,Other,Powellborough,6/20/2024
U005994,Sandra Avila,sgoodman@example.net,Female,Wrightside,3/7/2024
U005995,Matthew Burns,barnetthunter@example.com,Male,Port Jennifer,1/29/2025
U005996,Lauren Lee,ashleymartin@example.com,Other,New Margaret,2/19/2025
U005997,Renee Patel,macknicole@example.com,Other,Smithton,6/12/2025
U005998,Diane Campbell,bmarshall@example.com,Female,Amyborough,4/30/2024
U005999,Victor Cantrell,christinechapman@example.org,Female,Michelleport,6/12/2024
U006000,Jesse Nguyen,sullivanzachary@example.org,Other,New Lauren,9/27/2025
U006001,Lisa Salinas,sjohnson@example.org,Other,Gonzalezberg,3/31/2025
U006002,Daniel Taylor,thomas87@example.com,Male,Kristystad,6/6/2024
U006003,Erin Shaffer,elizabethbanks@example.net,Male,Gordonfurt,10/14/2024
U006004,Isaac Harper,sara12@example.net,Female,Phillipsport,9/3/2024
U006005,Vanessa Anderson,umartinez@example.net,Female,Cassandraville,12/21/2024
U006006,Brenda Rodriguez,reginaldcollins@example.com,Male,Martinville,3/2/2025
U006007,Wayne Campbell,bradley14@example.com,Male,New Gregoryborough,3/22/2024
U006008,Brittany Bennett,wbanks@example.net,Male,Lake Elaine,3/1/2024
U006009,Jose Quinn,odudley@example.net,Male,West Michaelland,6/25/2024
U006010,Sara Camacho,darrell17@example.com,Other,Lisastad,10/29/2025
U006011,Karen Manning,gpeterson@example.org,Other,Johnsonmouth,10/17/2025
U006012,Frank Boyer,riosfrank@example.org,Other,Hartmanburgh,1/29/2024
U006013,Stephanie Smith,tiffanyriggs@example.net,Female,Port Johnmouth,3/16/2024
U006014,Christine Rivera,swalters@example.com,Male,Edwardton,11/5/2025
U006015,William Owens,loricox@example.org,Other,Kimberlystad,9/7/2024
U006016,Gavin Moore,colson@example.org,Male,Crystalside,4/17/2024
U006017,Ann Flores,megan22@example.org,Male,Kellyhaven,7/12/2024
U006018,Shannon Thompson,lopezwilliam@example.net,Female,Westbury,5/10/2025
U006019,Erica Mcdaniel,ojohnson@example.com,Other,East Jamie,3/21/2025
U006020,Charles Miller,tammy57@example.com,Other,East Caitlin,1/3/2024
U006021,Maria Long,wmartinez@example.net,Male,Reidfort,9/12/2024
U006022,Angela Bennett,fcampbell@example.org,Other,Lake Allen,7/3/2024
U006023,John Garrison,dcontreras@example.org,Other,Simsmouth,10/10/2024
U006024,Erin Cook,rebecca05@example.org,Male,New Courtneychester,7/20/2025
U006025,Mark Lopez,hmyers@example.com,Male,South Joseph,8/15/2024
U006026,Alex Rich,smithnathaniel@example.net,Female,Port Allison,10/12/2024
U006027,Joe Davis,chapmanjoseph@example.net,Other,Scotttown,1/20/2024
U006028,Vanessa Munoz,simmonsstacy@example.com,Male,Port Tammyfort,7/31/2025
U006029,Charles Thompson,jeremy46@example.org,Other,West Meganmouth,3/27/2025
U006030,Ian Hobbs,moodystacey@example.net,Other,North Daniel,3/4/2025
U006031,Danny Middleton,brookelee@example.org,Male,Walshmouth,1/12/2025
U006032,Mary Martinez,dylancampos@example.org,Other,Markton,3/10/2025
U006033,Andrea Henderson,vglover@example.org,Other,Hodgefurt,7/22/2025
U006034,Taylor Sandoval,cruzalejandro@example.org,Female,Jenniferton,9/19/2024
U006035,Keith Kelly,fernandezgregory@example.net,Other,Andrewville,5/1/2025
U006036,Jessica Williams,hillrhonda@example.net,Female,West Jeffrey,3/27/2025
U006037,Joanna Lin,qrodriguez@example.com,Female,East Kelly,11/6/2024
U006038,Carl Huynh,carterandrea@example.org,Male,South Jessica,4/30/2025
U006039,Morgan Cruz,markfields@example.com,Other,New Jamie,1/22/2025
U006040,Debra Jensen,ricky69@example.com,Other,Karinahaven,10/20/2025
U006041,Joshua Williams,natalieharvey@example.com,Female,Riveraville,3/6/2025
U006042,Crystal Wheeler,monica94@example.net,Male,North Steven,5/3/2024
U006043,Kyle Gibson,john02@example.org,Female,South Lisafort,4/20/2025
U006044,Wendy Collins,rholloway@example.org,Female,New Robert,3/19/2024
U006045,Yolanda Romero,nortiz@example.org,Female,New Charlesside,7/28/2025
U006046,Amber Neal,thomasbrown@example.org,Other,West Stephenhaven,5/1/2025
U006047,Joseph Wolfe,jonathan32@example.com,Other,Harrisonland,3/23/2025
U006048,Renee Brown,charles10@example.net,Other,Michaelberg,10/27/2025
U006049,Rachel Fox,chadpeterson@example.org,Other,Lindaburgh,10/1/2024
U006050,Michelle Horn,patelwilliam@example.net,Male,Mayport,4/10/2025
U006051,Daniel Allen,lmartin@example.net,Female,Markchester,5/24/2025
U006052,Tami Cohen,pittmanjoshua@example.org,Male,Justinside,6/23/2025
U006053,Brady Velazquez,douglasbutler@example.net,Female,New Emmaton,2/19/2024
U006054,Susan Hayes,davislaura@example.com,Female,Port Shawn,6/11/2024
U006055,Michele Carpenter,markstephens@example.org,Male,Elizabethport,3/26/2025
U006056,Benjamin Smith,sandra67@example.org,Male,New Stephen,1/28/2025
U006057,Marissa Schaefer,garciatanya@example.org,Female,Port Sarahton,3/1/2025
U006058,Melissa Hines,nguyentiffany@example.net,Other,Patriciaside,10/27/2024
U006059,Gloria Ford,kingmiguel@example.net,Other,Stoutchester,3/26/2025
U006060,Whitney Mendoza,davidbrooks@example.com,Female,Reyesfort,2/9/2025
U006061,Gregory Walters,stephanieflynn@example.org,Female,New Anthony,6/20/2025
U006062,Theresa Wilson,ywhite@example.net,Male,Boydburgh,11/7/2024
U006063,Joseph Mills,valdezjoseph@example.com,Male,Joannaport,11/22/2024
U006064,Madison Mccoy,hosborn@example.net,Other,Sharonbury,7/17/2024
U006065,Chad Jones,jacobjohnson@example.com,Other,Davidfort,11/4/2025
U006066,Wendy Evans,robert50@example.com,Male,Robertview,2/17/2025
U006067,Kimberly Cohen,wendy16@example.org,Other,South Jennyfurt,1/17/2024
U006068,Keith Davis,brownjeffrey@example.com,Other,West Tiffanymouth,6/9/2025
U006069,David Anderson,simmonsmorgan@example.com,Male,West Monicahaven,6/30/2024
U006070,Marie Saunders,awatkins@example.org,Other,Lake Tylerhaven,1/18/2024
U006071,Wayne Gonzales,joshuatapia@example.com,Male,Jimmyside,8/25/2025
U006072,Sean Murray,nicholasgeorge@example.com,Female,Perezmouth,10/5/2025
U006073,Alexa Yu,fbeltran@example.net,Other,Jenniferton,8/31/2025
U006074,Kristina Morris,barbara46@example.com,Male,South Peggyshire,12/27/2024
U006075,Daniel Alexander,donald17@example.org,Other,Ruizshire,4/25/2024
U006076,John Hale,btaylor@example.org,Female,Scottmouth,10/21/2024
U006077,Steven Wright,elizabethspencer@example.net,Female,Clarkside,10/5/2025
U006078,Jeremy Cameron,erin36@example.org,Female,Darlenefurt,8/25/2025
U006079,Elizabeth Sanchez,adrianhawkins@example.org,Male,Schwartzburgh,1/22/2025
U006080,Aaron Nielsen,edavis@example.org,Male,Novakland,9/20/2025
U006081,Julia Vincent,ndavis@example.org,Female,New Heather,1/26/2025
U006082,James Patterson,tayala@example.com,Other,Lake Chaseland,10/21/2024
U006083,Angie Golden,lisaturner@example.net,Other,South Debbie,1/19/2025
U006084,Cameron Martin,hgolden@example.net,Female,East Larrymouth,4/30/2024
U006085,Ernest Moore,krystallewis@example.com,Female,North Brandon,7/11/2025
U006086,Laura Santos,sguzman@example.com,Other,Perezmouth,9/21/2024
U006087,Stephanie Manning,dawn08@example.net,Female,Mitchellton,9/8/2024
U006088,Tanya Rogers,julie37@example.com,Other,Breannaland,11/23/2024
U006089,Joel Johnson,jessica52@example.net,Female,Port Nicholas,5/12/2024
U006090,Michelle Mccarthy,garypeterson@example.org,Other,Christopherbury,7/17/2024
U006091,Jill Hernandez,allison61@example.org,Female,Lake James,5/29/2025
U006092,Alex Patterson,danielmartinez@example.net,Other,South Donald,3/22/2025
U006093,Tricia Rivas,nlove@example.org,Female,Lake Stephanie,5/21/2024
U006094,Judith Wood,jodyhernandez@example.org,Male,North Zacharytown,10/8/2025
U006095,Andrea Bates,romerobrenda@example.org,Female,East Brandon,10/8/2025
U006096,Bryan Black,mccoycatherine@example.com,Other,East Andrewhaven,3/22/2025
U006097,Anne Sandoval,gardnerjoseph@example.org,Other,Sandrahaven,4/14/2024
U006098,Tracey Wright,william80@example.com,Female,Tuckershire,10/15/2024
U006099,Barry Russell,lcarroll@example.com,Male,Robertview,10/24/2024
U006100,James Cooper,rnelson@example.org,Female,Lake Kendra,4/18/2024
U006101,Dustin Williams,qsolomon@example.org,Other,Lake Joseph,1/21/2024
U006102,Benjamin Turner,jfernandez@example.org,Other,Leeville,2/2/2025
U006103,Cindy Kelly,hbutler@example.net,Female,West Brianbury,8/17/2024
U006104,Amber King,sylvia53@example.com,Female,Knightborough,7/25/2025
U006105,Gerald Butler,jorgefleming@example.org,Female,North Sandrastad,3/21/2025
U006106,Nicole Gray,farleykelly@example.net,Other,Pricehaven,11/1/2025
U006107,Sarah Brown,thomas07@example.org,Female,Wilsonview,4/1/2025
U006108,Sheila Jackson,margaretmorgan@example.net,Other,Smithstad,8/17/2025
U006109,Melissa Thompson,andrew44@example.org,Female,Smithview,12/22/2024
U006110,Lisa Roberts,ecortez@example.net,Other,South Justinmouth,12/31/2024
U006111,Scott Mills,ryanlewis@example.com,Male,Lake Barryhaven,5/26/2025
U006112,Thomas Everett,deborahwilliams@example.com,Other,Tammyton,2/1/2025
U006113,Joshua Kim,jason40@example.net,Male,Brownmouth,11/14/2024
U006114,Anthony Neal,jamieochoa@example.com,Other,Lake Christopher,8/18/2024
U006115,Jessica Hester,nlyons@example.com,Male,North Walter,6/8/2025
U006116,Jimmy Scott,petermartinez@example.net,Female,North Martinhaven,12/12/2024
U006117,Tammy Hernandez,rebeccaclark@example.org,Other,South Jacquelinehaven,7/31/2025
U006118,Courtney Rogers,jrobertson@example.com,Male,Thomaston,8/3/2025
U006119,Kelly Smith,davisrobert@example.net,Male,South Fred,9/11/2024
U006120,Kevin Miller,campbellsamuel@example.net,Male,Sharpville,6/4/2024
U006121,Charles Gordon,stevenlucas@example.net,Other,Port Jamesville,1/11/2025
U006122,Alicia Singh,stevenhale@example.com,Female,Port Caitlyn,2/7/2025
U006123,Nathan Gross,wwalsh@example.org,Female,Vickifort,10/22/2024
U006124,Mary Mitchell,srodriguez@example.com,Other,South Joseph,10/22/2025
U006125,Spencer Mclean,liudebra@example.net,Other,South Charlesbury,4/6/2025
U006126,Scott Garcia,jenniferrivera@example.com,Other,Port Jeffrey,5/10/2024
U006127,Frances Hayes,nelsondakota@example.net,Other,Samanthaside,6/16/2024
U006128,Robert Robinson,james35@example.net,Other,South Johnhaven,12/30/2024
U006129,Malik Morgan,jennifer84@example.org,Male,West Edwardtown,11/9/2024
U006130,Kirsten Carlson,hgarza@example.net,Male,Stephentown,10/29/2025
U006131,Ashley Moran,kmcdaniel@example.org,Female,South Sandra,2/17/2024
U006132,James Little,parrishjanet@example.com,Other,Lake Melissafort,4/5/2025
U006133,Shari Valentine,lisaporter@example.net,Male,Lake John,5/18/2025
U006134,Alexander Stein,richardanderson@example.org,Male,North Chelsea,2/18/2024
U006135,Edward Rasmussen,zgreen@example.com,Male,Nancymouth,6/24/2025
U006136,Nicole Luna,duanenewman@example.net,Female,Andrewport,10/8/2024
U006137,Steven Boyd,vincent80@example.com,Other,Joseport,3/19/2025
U006138,Anthony Patel,jeffreyyates@example.org,Female,Glennville,5/3/2024
U006139,Michelle Rosales,james88@example.org,Male,East Reneemouth,10/24/2025
U006140,Gregory Nelson,amandadelacruz@example.org,Male,Lawsonchester,8/15/2025
U006141,Jeffrey Mcdaniel,jesus75@example.org,Female,East Alexander,8/4/2024
U006142,Madison Stewart,riveraadam@example.org,Male,West Tyler,4/3/2024
U006143,Gary Dorsey,youngmegan@example.org,Female,Fergusontown,1/25/2024
U006144,Amanda Smith,jramirez@example.net,Male,New Stephanie,2/10/2024
U006145,Michael Gonzales,gregorymurillo@example.org,Other,Lake Jasminehaven,9/4/2024
U006146,David Stephenson,erin91@example.org,Male,Lake Patrickville,4/1/2024
U006147,Nathan Douglas,hbrown@example.net,Other,South Jonathan,1/1/2024
U006148,Nicole Hill,brooksdaniel@example.org,Female,East George,7/7/2025
U006149,Emily Melton,bryan02@example.org,Female,East Natalie,3/18/2024
U006150,Teresa Cain,ashleywalsh@example.org,Other,Sarahaven,4/18/2024
U006151,Justin Lopez,loganjackson@example.org,Other,Kimberlyland,9/3/2025
U006152,Christopher Vaughn,greenemelanie@example.com,Other,Lake Donald,9/25/2024
U006153,Mark Mendoza,zoe28@example.org,Female,Sarahbury,3/3/2024
U006154,Mary Joseph,gwendolyn19@example.net,Other,Acevedoside,3/10/2025
U006155,Todd Allen,wheelerdiana@example.org,Other,West Joshuaborough,8/17/2025
U006156,Lisa Vazquez,millerkelly@example.org,Male,Emilyside,5/15/2025
U006157,Lisa Russell,omar20@example.net,Male,New Amyburgh,12/22/2024
U006158,James Wang,deborahbarnett@example.org,Other,Andersonberg,4/27/2025
U006159,Yolanda Stewart,robert79@example.net,Female,Port Ronaldland,2/5/2024
U006160,Douglas Roth,linda01@example.org,Female,West Tiffanymouth,9/3/2025
U006161,Lauren Wright,kylemccoy@example.com,Male,South Elizabethtown,3/30/2024
U006162,Ronald Kelley,bmaynard@example.org,Male,Port Bruce,9/27/2024
U006163,Pamela Fuentes,amycooper@example.org,Other,Alexisfurt,4/4/2025
U006164,Roy Price,luis01@example.com,Other,Goodmanberg,5/28/2025
U006165,Laura Green,deanandrew@example.org,Female,Martinside,4/23/2024
U006166,Scott Brown,xturner@example.com,Male,Port Timothyshire,5/7/2024
U006167,Ricardo Palmer,madison34@example.com,Male,East Amy,3/25/2024
U006168,Andrew Walsh,gguzman@example.net,Other,East David,7/13/2025
U006169,Gregory Mack,gordongrace@example.org,Other,Ricardomouth,11/2/2025
U006170,Alec Lopez,brett85@example.com,Other,Jessicastad,2/24/2025
U006171,Lisa Burgess,kimberlytownsend@example.org,Other,Vanessaport,2/24/2024
U006172,Wendy Fields,watkinsjoshua@example.com,Male,Shelialand,5/29/2025
U006173,Alicia Jones,drakepamela@example.net,Other,Sarahshire,5/4/2024
U006174,Joseph Anderson,donaldreid@example.com,Male,Fritzport,7/20/2024
U006175,Stephanie Meadows,afigueroa@example.com,Other,Madisonmouth,4/16/2024
U006176,Tammy Berg,rschmidt@example.com,Male,Carloschester,1/16/2024
U006177,Angela Jackson,smithjennifer@example.com,Female,West Curtis,5/14/2024
U006178,Monica Gordon,patrick31@example.org,Male,Goodfurt,3/12/2024
U006179,Rachael Wood,patriciasimmons@example.org,Other,North Sarahport,9/9/2024
U006180,Lisa Harris,millerrandy@example.com,Male,South Elizabethstad,7/15/2025
U006181,Katherine Higgins,melinda46@example.net,Male,Brightmouth,7/26/2025
U006182,Tiffany Vaughn,jenniferflowers@example.com,Male,West Karen,2/27/2025
U006183,Jose Garcia,bmartinez@example.com,Female,Mcdanielmouth,8/18/2025
U006184,Richard Smith,johnhoward@example.net,Female,Wilsonville,9/8/2025
U006185,Roberto Colon,mduncan@example.org,Female,West Patricia,2/27/2024
U006186,Sarah Perez,james92@example.net,Other,Christopherchester,3/15/2025
U006187,Alison Kidd,scott41@example.com,Female,East Holly,5/6/2024
U006188,Shelley Wilson,bfry@example.com,Female,Bartonton,10/10/2024
U006189,Justin Bolton,harrissarah@example.net,Other,South Emilystad,9/8/2024
U006190,Cheryl Tanner,burtonphilip@example.net,Male,Patrickside,9/21/2025
U006191,Troy Smith,melissa64@example.com,Other,East Melissaborough,6/23/2025
U006192,Nicole Anderson,jsullivan@example.com,Male,New Tammyberg,3/28/2025
U006193,Jeffrey Hughes,tina67@example.org,Other,South Robinton,2/29/2024
U006194,Rebecca Jimenez,ytodd@example.net,Other,South Nathaniel,9/29/2025
U006195,Charles Green,sjenkins@example.net,Male,Fullerchester,11/1/2024
U006196,Rachael Moore,pottsdonna@example.org,Male,West Michelle,6/23/2024
U006197,Jonathan Ho,sthompson@example.com,Other,South Russellside,2/2/2025
U006198,Ivan Davis,johnsoncaitlin@example.com,Female,Huntland,5/5/2025
U006199,John Stone,henryalexander@example.net,Other,Lake Darrell,10/21/2025
U006200,Robert Webb,james30@example.net,Other,Christopherside,9/26/2024
U006201,Erica Brown,tnorris@example.net,Other,Robertshire,5/16/2024
U006202,Brad Lee,hbaxter@example.com,Female,New Heather,2/29/2024
U006203,Sarah Brown,kayla16@example.org,Female,Sullivanville,6/6/2025
U006204,Adam Harris,alicia39@example.com,Female,Lake Lisatown,5/17/2024
U006205,Zachary Smith,edwardsdenise@example.com,Male,Wardview,7/17/2024
U006206,Melissa Jackson,walterjones@example.org,Other,South Ashley,6/18/2025
U006207,Elizabeth Avila,gina58@example.net,Male,West Michelemouth,6/6/2024
U006208,James Brown,vargascaroline@example.org,Female,Jonesview,9/12/2025
U006209,Laura Wallace,mariarichardson@example.net,Female,Colemanchester,4/23/2025
U006210,Michael Taylor,jenkinsmariah@example.net,Other,Perezland,5/26/2024
U006211,John Webster,victoriacastro@example.com,Male,Piercebury,10/27/2025
U006212,Kathryn Cook,denniscynthia@example.org,Female,West Ericabury,9/26/2024
U006213,David Allison,chelseaharris@example.com,Male,Lopezbury,7/4/2024
U006214,James Wood,ydavis@example.org,Female,West Tonyberg,6/28/2024
U006215,Jeffrey Nichols,jamesjacob@example.net,Other,Mirandahaven,7/14/2025
U006216,Douglas King,scollins@example.com,Male,North Emma,11/3/2024
U006217,Raymond Richards,woodsalexis@example.net,Other,Williamsshire,2/4/2024
U006218,Kevin Perez,tonya93@example.com,Male,Stephaniefort,10/25/2024
U006219,Richard Chambers,natasha63@example.org,Other,Smithland,9/21/2025
U006220,Heather Miller,ginalewis@example.org,Female,North Jeremy,1/12/2024
U006221,Erik Gordon,cperez@example.net,Female,South Brooketon,9/29/2024
U006222,Anthony Hardy,tara06@example.org,Male,Jessicatown,5/15/2024
U006223,Kelly Raymond,lisa11@example.net,Other,Foxside,7/6/2024
U006224,Brenda Jones,wileykristine@example.net,Female,Simpsonstad,5/17/2025
U006225,Jesus Kaufman,paul76@example.net,Other,Schmidtborough,12/27/2024
U006226,Anthony Freeman,gsmith@example.com,Other,Robertschester,2/7/2024
U006227,Joseph Romero,andre82@example.com,Female,Johnsonview,8/3/2025
U006228,Katherine Norman,frank35@example.net,Other,Fullerburgh,9/7/2025
U006229,Bonnie Hall,baileyjuan@example.com,Female,Julieshire,3/7/2024
U006230,Adam Wilson,icarson@example.org,Female,Richardsonbury,12/15/2024
U006231,Jerome Warner,katie76@example.org,Other,Port Katherineview,11/14/2025
U006232,Bill Robertson,vchristensen@example.com,Female,Crystalborough,5/4/2024
U006233,Willie Esparza,jay63@example.com,Male,Tylerland,6/19/2025
U006234,Haley Simpson,scottlisa@example.com,Female,West Crystalport,10/2/2025
U006235,Kristin Willis,xavier49@example.org,Female,Amyside,6/20/2024
U006236,Mark Thompson,connorjoseph@example.com,Other,Pricehaven,11/2/2024
U006237,Carolyn Scott,rjones@example.org,Female,Morrisfort,9/30/2024
U006238,Dale Porter,xhines@example.net,Other,North Markchester,2/12/2024
U006239,David Strong,rodney02@example.com,Male,Danielschester,5/12/2024
U006240,Jesse Castillo,dbarnes@example.org,Female,Robersontown,8/18/2024
U006241,Dustin Davis,joshuahoffman@example.org,Male,Nicholefort,5/29/2024
U006242,Sue Mathews,rachel18@example.net,Female,Carlchester,2/22/2025
U006243,Hannah Castillo,ydavid@example.net,Male,New Douglasbury,12/16/2024
U006244,Anthony Vargas,villegasjames@example.net,Female,West Seanbury,11/27/2024
U006245,Travis Horne,josephhale@example.com,Other,Susanville,4/14/2024
U006246,Dennis Berry,gpugh@example.com,Male,North Josephmouth,3/11/2024
U006247,Mary Reyes,wattschristina@example.org,Other,New Lauraberg,10/29/2024
U006248,Raven Dixon,hgilmore@example.org,Other,New Fredbury,3/21/2025
U006249,Juan Carrillo,benjamin26@example.net,Male,Lake Williambury,4/14/2025
U006250,Angela Oconnor,ocampbell@example.org,Female,Debbieton,8/15/2024
U006251,Sarah Hicks,kimberly84@example.org,Female,West Cherylstad,8/5/2025
U006252,Sandra White,dprice@example.net,Female,Ryanmouth,3/5/2025
U006253,Abigail Ortiz,collinsmatthew@example.net,Other,Port Brittany,6/4/2024
U006254,Kristopher Miller,juliaharris@example.org,Other,Port Glen,3/29/2024
U006255,Kevin Williams,burkekevin@example.com,Male,Port Tammietown,9/27/2024
U006256,Donald Mcdonald,chelsey19@example.org,Other,West Thomashaven,12/22/2024
U006257,Sara Bush,annehamilton@example.org,Female,Port Suzanneberg,10/19/2024
U006258,William Johnson,andrewsnicholas@example.com,Male,Cuevasstad,4/6/2025
U006259,Victoria Fuller,monicagomez@example.org,Female,Kellymouth,4/14/2024
U006260,Eric Lynch,jenniferhardin@example.com,Male,Mcleanview,10/10/2024
U006261,Robert Day,dpatton@example.org,Female,Maddoxmouth,9/8/2024
U006262,Mandy Knight,teresa57@example.com,Other,New Nicole,2/2/2024
U006263,David Cooper,speters@example.org,Other,Davisville,10/13/2025
U006264,Kaylee Kirby,melissa69@example.org,Female,Lake Jenniferside,11/21/2024
U006265,Ann Solis,wardbrittany@example.org,Male,Taylorborough,2/25/2024
U006266,Joseph Gordon,xjones@example.com,Other,West Micheleburgh,11/15/2024
U006267,Albert Williams,greentony@example.org,Male,Bradleymouth,6/4/2025
U006268,Zachary Lara,patrickjames@example.com,Female,New Sarahland,9/4/2025
U006269,Kevin Bradford,brownkristy@example.com,Female,Glennfort,9/25/2025
U006270,William Griffin,ptaylor@example.org,Female,Thomasland,6/28/2025
U006271,Phillip Smith,nicole29@example.org,Male,Hughesburgh,10/26/2025
U006272,Paul Williams,braunjesse@example.org,Other,West Jenniferfort,9/3/2025
U006273,Anthony Bush,gkey@example.org,Female,New Andrewville,10/26/2024
U006274,Grace Daniels,michaeljones@example.net,Male,Saraburgh,2/6/2025
U006275,John Kerr,sean88@example.org,Other,Markville,4/5/2025
U006276,Tyrone Rodriguez,jasonmartinez@example.com,Other,East Kathleen,2/19/2025
U006277,Eric Farmer,janekirby@example.com,Male,Christopherborough,1/13/2025
U006278,Thomas Watson,justin40@example.com,Female,Tomstad,8/26/2025
U006279,Kenneth Rodriguez,robertflowers@example.org,Other,Johnsonburgh,5/11/2024
U006280,Kevin Mendez,ramirezdaniel@example.net,Male,Hancockfort,5/10/2025
U006281,Stephen Cunningham,vpotter@example.org,Male,Hermantown,7/13/2025
U006282,Kimberly Edwards,matthew94@example.org,Other,Hensleybury,7/7/2024
U006283,Shawn Martin,ssweeney@example.net,Male,Jamesberg,11/14/2024
U006284,Joshua Avery,martinerik@example.net,Female,Shariport,6/23/2024
U006285,Dana Allen,sandrawilliams@example.net,Male,Port Douglasstad,3/20/2025
U006286,William Young,julie02@example.net,Male,Pruitthaven,5/6/2025
U006287,Michael Romero,bjohnson@example.net,Male,Austinborough,9/23/2025
U006288,Troy Spencer,jwhitaker@example.org,Male,Copelandfort,11/8/2025
U006289,David Sanders,riverasabrina@example.net,Other,North Amy,9/17/2024
U006290,Elizabeth Frank,valerie50@example.net,Female,Kristenmouth,1/16/2024
U006291,Cassie Ortiz,sanchezmark@example.net,Male,South Tiffany,2/4/2025
U006292,Charles Douglas,brownkelli@example.org,Male,Drakestad,9/1/2025
U006293,Edward Mercado,vwebb@example.com,Male,New Christinahaven,6/16/2024
U006294,Barbara Cox,charlesbecker@example.org,Male,Joanport,8/1/2024
U006295,Valerie Brown,jason39@example.net,Other,New Amanda,8/8/2024
U006296,Kristy Murray,williamsspencer@example.org,Other,Arnoldberg,9/20/2024
U006297,Grace Page,fcross@example.org,Female,Morrowborough,6/10/2025
U006298,Scott Steele,maria86@example.net,Other,South Leviside,2/5/2024
U006299,Julia Gonzalez,johnsonmelanie@example.org,Male,East Andrew,6/21/2024
U006300,Gregory Fisher,nfreeman@example.net,Other,South Kimberly,7/18/2024
U006301,Kevin Miller,whitewesley@example.net,Male,New Richard,2/9/2025
U006302,William Smith,mcollins@example.net,Female,Port Natalie,5/8/2025
U006303,Jerry Reed,geoffreyjordan@example.net,Female,Lake Kristenmouth,1/17/2025
U006304,Susan Brewer,taylor36@example.org,Other,Schmidtberg,4/29/2024
U006305,Mark Robinson,devon00@example.org,Female,New Danielleburgh,6/1/2024
U006306,John Smith,aliciamays@example.net,Female,Port Charlesberg,9/19/2025
U006307,Derek Garrett,ibell@example.org,Other,North Anthonyview,4/23/2024
U006308,Rebecca Williams,jane09@example.net,Female,North Cathymouth,8/15/2024
U006309,William Dixon,courtney11@example.com,Female,Lake Isabelville,3/20/2024
U006310,Evan Nash,combsdaniel@example.org,Male,Watersmouth,4/23/2024
U006311,Adrienne Foster,leebrian@example.com,Other,New Alan,2/11/2024
U006312,Cody Jacobs,trevorbarry@example.org,Female,North Joshuaville,2/25/2025
U006313,Jonathan Padilla,frenchlouis@example.com,Female,North Ashleeside,7/26/2024
U006314,Tanya Ryan,matthewcarlson@example.org,Male,Rogersbury,6/4/2024
U006315,Julie Turner,nmendez@example.net,Other,West Isaacbury,10/19/2025
U006316,Shelly Guerrero,thomas09@example.org,Male,Piercestad,4/12/2025
U006317,James Lucas,megan58@example.com,Male,North Amystad,5/15/2025
U006318,Christopher Holden,xbridges@example.com,Other,Sheachester,11/3/2024
U006319,Valerie Murray,rosalesjenna@example.org,Female,West Geraldton,9/14/2025
U006320,Thomas Mccall,jim68@example.org,Female,West Cindymouth,6/19/2024
U006321,Albert Owens,bwu@example.net,Other,North Lorrainemouth,1/1/2025
U006322,Jennifer Murphy,franciskenneth@example.net,Male,West Kevinport,6/16/2024
U006323,Brittany Campbell,ricardothompson@example.org,Other,Codyhaven,6/11/2024
U006324,Madison Ferguson,jacobsloan@example.net,Female,Stacymouth,3/14/2024
U006325,Rachel Berry,stevenruiz@example.net,Female,Davisstad,9/18/2025
U006326,Cassandra Wilcox,brownjamie@example.org,Other,Port Tammy,12/30/2024
U006327,Emily Vasquez,hwade@example.net,Male,New Melissa,9/15/2025
U006328,Brian Maxwell,brandon09@example.net,Female,Port Robertburgh,2/9/2024
U006329,Anthony Osborn,ricky66@example.org,Male,Nicoletown,3/9/2025
U006330,Ashley Mayer,lisafigueroa@example.net,Other,Port William,10/11/2024
U006331,Carla Gonzalez,anthony04@example.org,Other,East Yvonneville,6/9/2025
U006332,Erin Gould,iwest@example.org,Female,Hudsonmouth,10/7/2024
U006333,Antonio Singleton,rachel30@example.org,Female,West David,6/4/2025
U006334,Toni Campbell,greennathan@example.com,Other,East Jamesbury,7/31/2025
U006335,Tara Webster,jenna71@example.com,Male,Howardborough,6/17/2025
U006336,Cory Burch,smithjonathan@example.net,Male,New Edward,7/15/2025
U006337,Margaret Miller,thomastina@example.org,Other,Lindsayfurt,1/2/2025
U006338,Glenn Webb,kjennings@example.com,Male,Edwardsmouth,10/2/2025
U006339,Katherine Hamilton,datkinson@example.org,Female,Cooperhaven,3/12/2024
U006340,Jennifer Erickson,bridget23@example.org,Other,Danieltown,11/2/2024
U006341,Wendy Grant,fhunt@example.org,Male,Meganland,8/22/2025
U006342,Brian Barker,hcoleman@example.com,Female,Wardhaven,9/11/2025
U006343,Kimberly Mercado,lindaflowers@example.org,Female,Jonesmouth,2/28/2024
U006344,Stephanie Peterson,mcclainmax@example.com,Other,New Darryl,2/22/2024
U006345,Sue Moore,dadams@example.net,Female,West Sarah,4/3/2025
U006346,Jamie Brown,gwendolyn59@example.net,Male,North Williammouth,7/5/2024
U006347,Lee Kim,lawrenceperkins@example.org,Other,New Rogerhaven,3/15/2024
U006348,Bruce Mcdonald,angelacohen@example.com,Female,Jesustown,5/18/2024
U006349,David Long,aliciastevens@example.org,Male,West Ashley,3/13/2024
U006350,Christopher Bishop,kylenichols@example.com,Female,Williamsbury,10/31/2024
U006351,Jennifer Ferguson,xanderson@example.org,Female,North Robinfort,3/10/2024
U006352,Shirley Ingram,dennis71@example.net,Other,South Alyssachester,3/13/2024
U006353,Michelle Graham,qdiaz@example.org,Female,Isaiahshire,10/16/2024
U006354,Bryan Petersen,brandy73@example.com,Female,Michaelfort,2/27/2024
U006355,Erik Miller,kevintran@example.com,Male,Bowmanport,10/29/2025
U006356,Michael Calderon,davidwright@example.org,Female,East Brandifurt,2/21/2024
U006357,John Garza,jacksonlauren@example.org,Female,Hamiltonburgh,12/25/2024
U006358,Allen Patrick,carrillodawn@example.org,Male,Anthonybury,5/2/2024
U006359,Robert Potter,lori49@example.org,Female,Castrochester,5/9/2024
U006360,Joshua Henry,susanrivera@example.org,Other,Stephaniestad,11/21/2024
U006361,Kathleen Graham,thomas76@example.org,Female,Cesarburgh,7/4/2024
U006362,Christopher Porter,ldavis@example.net,Female,Josephburgh,9/7/2025
U006363,Ann Aguilar,shelbythompson@example.com,Female,North Kyleshire,3/17/2025
U006364,Stephanie Schmitt,vickie71@example.org,Female,North Scottland,4/11/2025
U006365,Brad Williams,josephsanchez@example.net,Female,Littlefurt,9/18/2024
U006366,Tammy Gonzalez,beckypierce@example.net,Male,Catherineton,4/19/2025
U006367,Alyssa Pugh,william46@example.com,Other,North Michellehaven,9/4/2024
U006368,Jesse Nelson,pottercarolyn@example.net,Male,Tracyhaven,1/3/2024
U006369,Kathleen Foster,ratkinson@example.com,Other,North Anna,2/19/2024
U006370,David Long,cwright@example.com,Other,Peterhaven,1/26/2024
U006371,Veronica Mendez,alvarezterri@example.com,Male,Lake Tonyaland,10/27/2025
U006372,Michael Carter,markkelley@example.com,Male,East Susanfort,11/6/2024
U006373,Mary Oconnor,jamesjohns@example.com,Other,Lake Amber,1/17/2024
U006374,Gary Martinez,madisonshaw@example.org,Female,Lake Angelafort,7/29/2025
U006375,Denise Williams,wking@example.org,Male,Martinview,7/9/2024
U006376,Susan Guerrero,uwilliams@example.net,Other,West Nicholas,5/24/2024
U006377,Brittany Hill,justinolson@example.org,Female,South Justin,10/22/2025
U006378,Walter Wright,jeffreyfrancis@example.org,Female,Williamsborough,11/23/2024
U006379,Edward Griffin,pgarcia@example.com,Male,West Erin,5/3/2024
U006380,Charles Bryant,hansonlinda@example.net,Male,Lake Lauraland,4/4/2025
U006381,Autumn Barajas,keithkent@example.net,Other,West Daniel,5/6/2025
U006382,Carol Zavala,lisa75@example.org,Male,New Heather,8/4/2025
U006383,Anthony Harvey,ntate@example.net,Female,Port Anthonyburgh,6/4/2024
U006384,Rick Gonzales,maria45@example.com,Male,Kaylaport,2/21/2025
U006385,Jessica Thomas,fmorse@example.org,Male,Hartburgh,7/13/2024
U006386,James Owen,jamesnunez@example.com,Female,Littlebury,6/25/2025
U006387,Matthew Hall,tiffanyjones@example.com,Female,Jasonberg,12/2/2024
U006388,Robert Reed,nneal@example.com,Male,Lozanomouth,8/11/2025
U006389,Tim Nicholson,pearsonjeffrey@example.org,Other,East Michael,1/24/2024
U006390,Cynthia Robles,andre35@example.net,Other,Danielton,4/24/2024
U006391,John Green,woodardscott@example.net,Other,North Sarah,4/28/2025
U006392,David Johnson,iperez@example.org,Other,Lake Russell,3/10/2025
U006393,Suzanne Sanders,jsoto@example.net,Female,Fishertown,10/25/2025
U006394,Allen Dean,iroman@example.net,Female,Langhaven,5/28/2025
U006395,Lawrence Patterson,johnstoncolleen@example.com,Female,North Taraberg,8/7/2025
U006396,Alicia Perkins,alicialee@example.org,Female,East Sarah,2/26/2025
U006397,David Ball,melanie63@example.net,Other,North Heather,9/9/2024
U006398,John Mays,abbottmary@example.org,Other,East Joel,2/25/2024
U006399,Philip Massey,petersendoris@example.com,Male,Parkerville,4/17/2025
U006400,Matthew Vang,scarter@example.net,Female,Sandramouth,11/1/2025
U006401,Dylan Howell,sara97@example.net,Male,South Brenda,2/17/2025
U006402,Alexis Campbell,gonzalezethan@example.org,Other,Port Allisonside,2/5/2024
U006403,Savannah Lopez,harrisvalerie@example.net,Male,Sancheztown,7/28/2024
U006404,Jason Holmes,craigmartin@example.net,Male,West Morganview,10/23/2025
U006405,Natalie Cardenas,joanmartinez@example.org,Male,North Elizabethfort,4/20/2024
U006406,Vanessa Hansen,jenniferjackson@example.org,Female,North Connorstad,4/11/2024
U006407,Adam Perry,yorkcarol@example.net,Female,Annatown,6/1/2025
U006408,Emily Moore,perkinsemily@example.com,Other,Anthonychester,7/11/2024
U006409,John Bonilla,morrisonkyle@example.org,Male,New Jessicaview,4/3/2025
U006410,Robin Reyes,frankmiller@example.com,Female,Lake Erika,4/5/2024
U006411,Sherry Shepherd,jeremyanderson@example.com,Other,Benjaminview,1/9/2024
U006412,Lisa Knapp,christophervilla@example.net,Female,Julieborough,9/12/2025
U006413,Albert Mayo,tmiller@example.net,Female,Shahfurt,11/9/2025
U006414,Anthony Washington,qwatson@example.net,Female,South Jason,6/1/2024
U006415,Madison Garcia,kristinmendez@example.net,Female,North Douglasmouth,3/22/2024
U006416,Angela Martinez,sarahhall@example.com,Other,Taylorview,7/17/2025
U006417,Donald Anderson,regina22@example.com,Other,Charlesville,11/2/2025
U006418,Joshua Mcbride,patriciacox@example.com,Female,Karimouth,6/25/2024
U006419,Jessica Powell,michaelmartinez@example.com,Female,West Gerald,10/15/2024
U006420,Larry Cooley,helenbradley@example.org,Male,South Cassandraview,1/20/2024
U006421,Stacey Smith,margaretlong@example.net,Female,Carterside,9/23/2024
U006422,Crystal Garcia,talvarado@example.net,Male,Wilsonview,8/24/2024
U006423,Laurie Sutton,kristen97@example.com,Female,Turnerchester,12/2/2024
U006424,Samantha Richardson,whitestephanie@example.com,Other,Wolfechester,1/20/2025
U006425,Karen Holder,martincarter@example.com,Other,Grayport,2/24/2025
U006426,Shannon Hansen,billyrodriguez@example.com,Male,Huntstad,7/20/2024
U006427,Michelle Arellano,youngdavid@example.com,Other,Port Brandon,9/25/2025
U006428,Julie Perez,eric70@example.com,Other,Taylorfort,7/15/2024
U006429,Andrea Clay,thomasjulie@example.org,Other,West Jameston,11/6/2024
U006430,Todd Cunningham,bowendana@example.org,Other,Port Michaelborough,9/21/2025
U006431,Wayne Parker,mitchell06@example.org,Other,Martinezville,5/3/2024
U006432,James Larson,justin80@example.com,Male,Colefurt,2/4/2024
U006433,Tammy Taylor,ortegatheresa@example.net,Female,Morrisfurt,7/4/2024
U006434,David Morales,robin37@example.org,Female,Frankland,8/26/2024
U006435,David Thomas,zgonzales@example.net,Female,Salinastown,6/21/2025
U006436,Alyssa Nelson,brian93@example.com,Other,Rossborough,1/5/2024
U006437,Diana Lopez,marie33@example.com,Other,South Ericborough,12/18/2024
U006438,Robert Anderson,sotoantonio@example.org,Female,Youngfurt,12/3/2024
U006439,Amanda Allen,pdavenport@example.com,Other,Smithtown,10/13/2024
U006440,Patrick Reynolds,rogersbrittany@example.org,Female,New Bethshire,7/2/2024
U006441,Tiffany Adams,delgadopaul@example.com,Male,East Kristymouth,11/1/2025
U006442,Anna Hernandez,donaldnguyen@example.com,Female,Beasleyville,2/20/2025
U006443,Jose Cooper,boydstephanie@example.org,Other,Reyesbury,2/28/2025
U006444,Joseph Perkins,mckinneyoscar@example.org,Female,Knightville,10/11/2024
U006445,Rachael Gonzalez,ugonzalez@example.org,Female,West Elizabethborough,6/16/2024
U006446,Kathleen Scott,lisa81@example.com,Other,Brendaview,5/1/2024
U006447,Cody Murphy,cynthiaortiz@example.org,Male,Tiffanyville,10/11/2024
U006448,Steven Pearson,mccoyhannah@example.net,Male,Ashleymouth,9/4/2024
U006449,Nicole Spence,hendersonelizabeth@example.net,Other,East Mauriceton,3/23/2025
U006450,Eric Jensen,stephaniebaker@example.net,Female,Jonesfort,9/25/2024
U006451,Robert Bailey,ccabrera@example.org,Female,East Meaganshire,2/5/2024
U006452,Christine Hull,pturner@example.com,Other,Lake Kyleside,5/24/2025
U006453,Anthony Powell,tjones@example.com,Other,Taylorchester,10/7/2024
U006454,Michael Taylor,carl28@example.net,Other,East Patrickville,11/13/2025
U006455,Lisa Hill,lisamorse@example.net,Female,Victorfurt,6/22/2025
U006456,Adrienne Mercado,robertrose@example.net,Male,Rachelside,2/4/2025
U006457,Joshua Gross,rebekahjennings@example.org,Male,Lake Danaberg,1/15/2024
U006458,Shannon Hess,griffinjoseph@example.org,Male,North Tara,9/29/2025
U006459,Tiffany Reed,carlos36@example.net,Female,South Crystal,2/21/2025
U006460,Jason Ayala,brenda60@example.com,Male,Lake Williammouth,6/9/2025
U006461,Sarah Rodriguez,sandrarobinson@example.org,Female,Savannahbury,10/7/2025
U006462,Michael Mcgrath,lroth@example.net,Female,Sototown,2/24/2024
U006463,Claire Garrett,christianatkins@example.org,Other,South Donnamouth,6/25/2024
U006464,Brandi Wiggins,john28@example.com,Female,Meaganland,7/18/2025
U006465,Mary Beck,amandahorton@example.net,Other,Jamestown,9/27/2025
U006466,Ashley Miller,rperry@example.org,Female,Robinsontown,10/26/2024
U006467,Brett Mullins,dylanduncan@example.com,Other,North Darinburgh,2/4/2025
U006468,Sarah Miller,cfernandez@example.com,Other,East Ruth,7/30/2025
U006469,Audrey Ware,gibsonedward@example.net,Female,South Robertstad,3/12/2024
U006470,Elizabeth Simmons,jesus00@example.org,Female,Vegafort,3/15/2025
U006471,Casey Taylor,owallace@example.net,Female,Jonathonborough,2/26/2024
U006472,Holly Soto,edavis@example.net,Female,Garzaville,4/9/2025
U006473,Kimberly Lester,hunterbarbara@example.net,Other,North Sarah,8/27/2025
U006474,Erica Hill,ericperkins@example.com,Other,Moralesville,8/24/2025
U006475,Robert Martinez,steven01@example.org,Other,North Sarah,10/5/2024
U006476,Jerry Arnold,wmorales@example.net,Female,Vancemouth,6/29/2025
U006477,Mark Martin,leechad@example.org,Female,Burnettland,11/4/2025
U006478,Theresa Davila,deborahhernandez@example.com,Male,West Mary,11/13/2024
U006479,Anthony Dunlap,cheyenne31@example.org,Male,Lake Michaelton,6/30/2025
U006480,Carmen Munoz,colleenlawrence@example.org,Male,Alexandrachester,1/21/2024
U006481,Gabrielle Davis,nicoleodonnell@example.org,Male,Marshallland,3/5/2024
U006482,Brittany Martin,jennifer93@example.net,Other,Franklinfurt,2/8/2024
U006483,Diane Morris,jessica68@example.org,Male,Cruzborough,6/3/2024
U006484,Jennifer Williams,michellehall@example.org,Other,Chanstad,9/1/2025
U006485,Karen Johnson,riveraheather@example.net,Female,Lake Kristinafort,11/23/2024
U006486,Amber Lewis,afox@example.org,Other,Heatherport,8/23/2025
U006487,Rachel Davenport,shane31@example.org,Other,East Victoriachester,9/28/2024
U006488,Chelsea Ramos,thomaswallace@example.org,Other,Alexandraland,10/15/2025
U006489,Nathan Anderson,sheltonmichael@example.net,Male,Bradleyview,4/30/2024
U006490,Alec Estrada,andrea66@example.net,Male,Saraburgh,11/4/2024
U006491,Erik Scott,monicalopez@example.net,Male,West Anthony,10/31/2024
U006492,Jacob Cherry,taylornicole@example.net,Female,Jamesmouth,8/6/2025
U006493,Julie Edwards,rodriguezedgar@example.net,Male,New Kenneth,3/12/2024
U006494,David Vaughn,brownashley@example.org,Male,South Margaretview,7/30/2024
U006495,Rebecca Bradley,donaldknight@example.org,Male,North Brittanychester,3/2/2025
U006496,Mary Hayes,paigedean@example.org,Female,Lanebury,8/29/2025
U006497,Jennifer Schneider,jford@example.net,Other,Nelsonfurt,6/27/2025
U006498,Jason Smith,xthomas@example.net,Male,Bridgesburgh,10/28/2024
U006499,Brenda Frazier,timothyfloyd@example.net,Male,South Joyview,2/20/2024
U006500,Phillip Thompson,therring@example.com,Female,Cantuborough,10/11/2025
U006501,Michael Christian,flee@example.org,Other,West Keith,4/7/2025
U006502,Lawrence Reyes,luis44@example.org,Male,East Frankside,2/22/2025
U006503,Julie Randolph,harrisvincent@example.org,Male,Lake Jenny,3/16/2024
U006504,Austin Carter,qvega@example.com,Female,Arthurberg,3/1/2025
U006505,Kimberly Spears,changdaniel@example.com,Other,Garciafort,7/15/2024
U006506,Samantha Fernandez,angela52@example.com,Male,Hortonland,9/27/2025
U006507,Rebecca Snyder,owensjessica@example.org,Male,Millerbury,9/2/2024
U006508,Kevin Mcbride,xrandall@example.org,Other,East Paul,5/8/2024
U006509,Tina May,fhart@example.org,Female,East Anthonybury,3/15/2025
U006510,Paul Yates,blawrence@example.net,Female,Warrenfurt,11/8/2025
U006511,Noah Davis,caleb82@example.com,Male,Beverlyton,4/28/2024
U006512,Jason Martin,lutzdevin@example.org,Male,North Lisa,2/7/2024
U006513,Christine Wallace,lawsonrichard@example.org,Other,Robinsonchester,3/25/2024
U006514,Marie Stuart,angelagreen@example.com,Female,Stoneland,11/20/2024
U006515,Vincent Ramirez,kevin51@example.org,Female,South Danielfurt,7/18/2025
U006516,Thomas Wright,rodriguezjoseph@example.net,Other,Webbstad,12/16/2024
U006517,Michele Franklin,katherinekent@example.com,Male,Lake Dustinstad,12/26/2024
U006518,Jesus Robbins,garzapaige@example.net,Male,South Walter,2/11/2025
U006519,Joseph Wilson,millerjessica@example.net,Other,Jonestown,9/11/2025
U006520,Carl Taylor,timothystewart@example.net,Male,Jamesshire,2/5/2025
U006521,Jacqueline Bray,obaldwin@example.com,Male,Port Eric,6/29/2025
U006522,Lisa Cowan,ryanperry@example.com,Male,Lewisland,5/30/2025
U006523,Dean Harris,toddaustin@example.com,Other,West Benjamin,6/28/2024
U006524,Charles Harmon,uthomas@example.com,Female,Grahamfort,9/25/2025
U006525,Michelle Parker,veronica13@example.org,Female,South Richardton,12/27/2024
U006526,Chloe Valencia,christinacook@example.org,Female,Monicatown,5/10/2025
U006527,Brett Sandoval,moralescharles@example.com,Female,Michellestad,2/15/2025
U006528,Susan May,evelynthomas@example.org,Other,South Marcus,4/14/2025
U006529,Joanna Welch,ericlopez@example.com,Female,East Timothyview,8/17/2024
U006530,Sherry Weeks,meredith68@example.org,Other,Cervantesview,9/6/2025
U006531,Alicia Abbott,salinasjason@example.org,Female,Littleland,5/5/2025
U006532,Mark Torres,gutierrezshelly@example.org,Male,Aliciafort,1/30/2024
U006533,Emily Mitchell,schultztyler@example.com,Other,West Katelynstad,2/21/2025
U006534,Andre Rivera,kgreen@example.com,Other,Port Kimberly,11/7/2025
U006535,Kevin Salinas,rcollins@example.net,Male,Port Justinborough,5/4/2024
U006536,Kelly Morris,josephmegan@example.org,Other,Lake Gregoryberg,9/30/2024
U006537,Erin Kaufman,mvasquez@example.net,Other,South Nicholas,4/13/2024
U006538,Melissa Mccullough,wukristin@example.net,Female,Port Kevinton,7/25/2024
U006539,Janet Price,agarcia@example.net,Other,Lake Suzanne,1/2/2025
U006540,Darren Jones,lorettajames@example.com,Other,Timothyland,7/17/2025
U006541,Glenn Romero,rtucker@example.com,Other,Kylefort,4/26/2024
U006542,Amber Cunningham,perezcarrie@example.com,Other,New Brianchester,7/3/2025
U006543,Jessica Wolf,logangraves@example.net,Female,Garciaburgh,4/6/2024
U006544,Brenda Bradshaw,acostasarah@example.org,Other,West Kristi,11/15/2024
U006545,Matthew Herring,courtneyball@example.com,Other,East Michellechester,2/2/2025
U006546,Gregory Sandoval,uhoffman@example.com,Other,Caseyton,10/2/2024
U006547,Karen Smith,zacharyrivera@example.com,Other,North Maryville,7/30/2025
U006548,Anthony Howard,kimberlyrich@example.com,Female,Moniqueview,3/11/2025
U006549,Steven Ho,flambert@example.net,Female,Calvinton,5/7/2025
U006550,Michael Marks,usullivan@example.com,Female,Port Stacytown,8/1/2024
U006551,Johnny Hanson,eric05@example.net,Other,Lake Joycestad,4/29/2025
U006552,Jessica Cruz,delacruztodd@example.net,Male,North Davidborough,7/22/2025
U006553,Jose Ferguson,robertgordon@example.org,Male,Michaelside,2/23/2024
U006554,Veronica Elliott,zmurphy@example.org,Female,Reedfort,8/22/2024
U006555,Brian Jenkins,justin32@example.net,Female,Lake Sarahside,1/27/2024
U006556,Christopher Williams,rthompson@example.org,Female,Jessicachester,3/1/2024
U006557,Patrick Nguyen,smithkayla@example.org,Female,Scottshire,3/3/2024
U006558,David Hernandez,harveysarah@example.net,Female,Johnsonfort,4/14/2025
U006559,Gabrielle West,coxkristi@example.com,Male,Taylorborough,11/15/2024
U006560,Justin Perry,tabbott@example.net,Female,Lake Julianmouth,1/28/2025
U006561,Laura Harvey,rileydavid@example.net,Male,New Lawrenceton,11/8/2024
U006562,Andrew Lewis,peterglenn@example.com,Male,Lake Heather,9/2/2024
U006563,Brian Davis,anthonymcdonald@example.org,Other,East Aaron,5/16/2025
U006564,Joshua Webb,nbarnes@example.net,Male,Spencerside,10/11/2025
U006565,Sean Smith,christopher80@example.net,Female,North Terryberg,9/21/2025
U006566,Christina Hamilton,gregorycarrillo@example.net,Female,Michaelmouth,9/5/2025
U006567,Shane Mcmillan,james49@example.org,Female,Romanland,7/31/2025
U006568,Brian Delgado,lisa05@example.net,Other,Lake Jeffrey,3/30/2025
U006569,Laura Monroe,john74@example.com,Male,Brianborough,9/30/2025
U006570,Angelica Rogers,williamgriffith@example.com,Other,West Toni,10/2/2024
U006571,Caleb Cox,robert16@example.com,Female,South Stacyport,2/24/2024
U006572,Jeremy Horne,kenneth69@example.com,Female,Coryhaven,5/24/2024
U006573,Melissa Grant,athomas@example.org,Female,North Bryan,4/6/2024
U006574,Dylan Maldonado,michelle11@example.com,Male,Wilsonstad,7/6/2025
U006575,Roy Henry,zimmermanlaura@example.org,Female,North Matthewville,4/26/2025
U006576,Laura Carpenter,lorireese@example.org,Female,Smithshire,6/7/2025
U006577,Theodore Grimes,michael31@example.org,Other,Lake Melissa,12/4/2024
U006578,Kayla Meyer,mlee@example.com,Male,East Jeffreyfort,1/3/2025
U006579,Nicholas Cole,john70@example.net,Male,Kingberg,8/16/2025
U006580,Robert Romero,carlos03@example.org,Other,North Kimberly,4/3/2024
U006581,Kevin Anderson,ambermiller@example.com,Female,Brianberg,11/14/2025
U006582,Joseph Cooper,jking@example.com,Male,Ashleyberg,11/22/2024
U006583,Rachel White,ruizjoshua@example.net,Female,West Emilyfurt,12/7/2024
U006584,Mallory Baldwin,tonyawalsh@example.com,Other,Jamesville,4/21/2024
U006585,Kathryn Stevenson,dhamilton@example.com,Female,Lake Mirandatown,6/2/2025
U006586,Angela Odonnell,cweaver@example.org,Female,South Duanestad,5/19/2025
U006587,Amanda Baker,sestes@example.com,Male,North Bruceview,4/19/2025
U006588,John Davis,davidmarquez@example.com,Male,Brandyburgh,4/15/2025
U006589,Scott Phillips,kimberly50@example.org,Other,West Timothy,5/31/2024
U006590,Susan Richards,jenniferlopez@example.com,Other,Lake Thomas,3/23/2025
U006591,Kimberly Moore,eblake@example.com,Other,Amybury,3/17/2025
U006592,David Howard,morrisjeremy@example.com,Female,Michaelhaven,6/3/2025
U006593,Ashley Garcia,robinsonjoseph@example.com,Female,Joshuashire,8/19/2024
U006594,Michelle Peters,janetblake@example.org,Male,Port Michelleland,8/27/2024
U006595,Brian Patel,dustinhuff@example.org,Female,North Melissa,6/1/2024
U006596,Craig Hull,wbarnes@example.org,Male,Clarkville,6/10/2025
U006597,Earl Little,jefferydavis@example.com,Female,Sarahberg,3/13/2025
U006598,Cody Riddle,wcampbell@example.net,Other,Jonestown,3/22/2025
U006599,Alexandra Johnson,moniquestokes@example.org,Male,New Sarahchester,8/31/2024
U006600,April Rios,melinda93@example.com,Other,East Nancy,10/7/2024
U006601,John Mendez,paulayala@example.net,Other,Josephport,6/14/2024
U006602,Michael Frederick,alexisturner@example.net,Other,Brettborough,10/21/2024
U006603,Steven Miller,donnaharvey@example.org,Other,Lamburgh,4/12/2024
U006604,David Lopez,billaustin@example.com,Female,Thomasberg,10/11/2024
U006605,Arthur Smith,kendrasmith@example.net,Female,Brandonstad,8/20/2024
U006606,April Martin,timothyshelton@example.net,Other,Brittanybury,10/2/2025
U006607,Troy Rich,qwagner@example.com,Other,West Brian,8/26/2025
U006608,Amber Lozano,agonzales@example.net,Other,Port Timothy,8/28/2024
U006609,James Knight,jgiles@example.net,Female,East Rileyville,3/6/2025
U006610,Bailey Ray,gabrielle50@example.org,Female,East Victoria,4/30/2025
U006611,Dustin Thompson,terri97@example.org,Male,West Brandon,11/26/2024
U006612,Donald Richardson,randyparker@example.com,Male,Nortonmouth,4/13/2024
U006613,Kelly Hudson,david83@example.com,Male,New Bettyhaven,9/29/2025
U006614,Alexandria Padilla,willisjames@example.org,Male,Georgeport,9/22/2025
U006615,Alison Dillon,wguerra@example.org,Female,Marybury,7/18/2024
U006616,Carl White,marc50@example.org,Male,North Amy,2/14/2025
U006617,Steven Gonzalez,dbooth@example.net,Other,South Sylvia,4/16/2025
U006618,Stephanie Ali,deanmoody@example.net,Female,Nancyhaven,11/20/2024
U006619,Crystal Clark,jasminehanson@example.net,Other,Aliciachester,6/12/2025
U006620,Joseph Moyer,gjohnson@example.net,Female,East Philip,11/14/2024
U006621,Gina Wilson,uoconnor@example.org,Female,Zunigaton,5/18/2025
U006622,Kelly Cordova,fergusonwilliam@example.org,Other,Nunezstad,4/15/2025
U006623,Teresa Miller,blackwelljoshua@example.net,Other,Westborough,2/19/2024
U006624,Sean Myers,isingh@example.com,Female,Paulland,6/16/2025
U006625,Tara Bryant,jacksonstephen@example.net,Male,Christinefort,2/11/2024
U006626,Melissa Flores,jeffreygreene@example.com,Female,South Austin,10/17/2024
U006627,Justin Davidson,robert23@example.org,Male,New Meagan,3/3/2025
U006628,Daniel Jimenez,johnsonshaun@example.net,Male,Darleneton,4/5/2025
U006629,Brenda King,teresa30@example.com,Male,Markberg,5/20/2025
U006630,Austin Smith,christina20@example.com,Other,Lucaston,10/3/2025
U006631,James Fleming,robertsalinas@example.org,Male,North Tyler,8/6/2025
U006632,Jim Crawford,jbuchanan@example.net,Male,Kimberlyfurt,8/8/2025
U006633,Crystal Gomez,ibishop@example.net,Male,Port Heatherborough,3/10/2024
U006634,Margaret Cohen,mckenziebrett@example.net,Female,Lake Karen,5/9/2024
U006635,John Lowe,carterandrew@example.org,Female,West Jasonton,9/11/2024
U006636,Linda Morton,martinmegan@example.org,Male,Mcclainside,11/10/2025
U006637,Gary Vazquez,johnrobinson@example.com,Other,Devinberg,10/6/2025
U006638,Jamie Keller,hbecker@example.org,Female,Thompsonville,6/2/2025
U006639,Stephanie Alvarez,denise57@example.org,Other,Colemanland,5/13/2025
U006640,Nicole Ortiz,brian21@example.com,Male,North Rebecca,4/16/2025
U006641,David Phelps,zavalajulie@example.com,Male,Marchaven,9/15/2024
U006642,Angel Armstrong,schwartzkristin@example.com,Male,Davidville,5/7/2024
U006643,Kyle Russell,kristasmith@example.org,Male,Lake William,11/6/2025
U006644,Lisa Short,colleenjackson@example.net,Male,Lake Oscar,11/18/2024
U006645,Mary Harper,james42@example.com,Female,South Brianborough,10/28/2024
U006646,Levi Ferguson,gregorydavid@example.com,Male,Wendyview,7/8/2025
U006647,Christine Callahan,jdavis@example.net,Female,West Kaylaland,1/17/2025
U006648,Yolanda Eaton,guerreropaul@example.org,Female,South Hannahton,3/11/2024
U006649,Derrick Duncan,aruiz@example.net,Female,Gonzalestown,4/28/2025
U006650,Ashley Lee,ulindsey@example.net,Female,Lake Mary,5/12/2024
U006651,Michael Alexander,weaverscott@example.com,Female,South Scottmouth,1/6/2025
U006652,Kelly Johnston,jking@example.org,Female,Kimberlyshire,8/16/2024
U006653,Daniel Ferguson,nguyenamanda@example.net,Other,Smithborough,9/21/2024
U006654,Deanna Moore,johnwilliams@example.org,Male,Mooreport,4/26/2025
U006655,Johnathan Rodriguez,dustin73@example.net,Female,North Carloshaven,12/16/2024
U006656,Theresa Allen,heatherwhite@example.com,Male,West Donnamouth,7/14/2025
U006657,Sonya Glenn,osaunders@example.net,Male,East Dakotafurt,1/16/2025
U006658,Kimberly Combs,landrykim@example.net,Male,Dawnside,1/24/2025
U006659,Stephen Mcguire,jeremy90@example.net,Female,Courtneyborough,6/20/2024
U006660,Christine Friedman,vzimmerman@example.net,Female,Brownmouth,7/7/2024
U006661,Jessica Bradshaw,sierrafuller@example.org,Male,Nicholasmouth,5/4/2025
U006662,Lindsey Moore,cortezheather@example.com,Other,New Barbaraview,8/23/2025
U006663,Robin Goodwin,meaganthompson@example.org,Female,Burnsmouth,5/30/2024
U006664,Frank Glover,sandra41@example.org,Male,Jeffreytown,4/21/2025
U006665,Daniel Park,ballardjames@example.com,Male,Whitechester,10/23/2025
U006666,Kayla Hernandez,jonathanpreston@example.com,Female,Port Ashleychester,3/17/2025
U006667,Michael Chavez,lthomas@example.org,Female,Deanstad,11/17/2024
U006668,Michael Holt,cbautista@example.com,Male,North Franciscotown,4/6/2025
U006669,Michael Franco,michael30@example.net,Male,Andrewview,1/25/2024
U006670,Norma Harris,alvarezrebecca@example.net,Other,East Michael,5/16/2024
U006671,Gregory Jackson,john23@example.net,Male,New Brittany,3/22/2025
U006672,Thomas Johnson,tommybentley@example.net,Female,New Ryanshire,3/7/2024
U006673,Amy Silva,kayla34@example.net,Female,Shellyfort,7/7/2025
U006674,Christian Davenport,brian38@example.com,Male,Port Michealhaven,4/20/2025
U006675,Adam Melton,bradleylisa@example.net,Other,Robinsonbury,11/13/2024
U006676,Mark Bradley,brett62@example.org,Male,West Joshua,5/21/2025
U006677,Tammy Goodman,sherrytran@example.net,Male,East Tammy,4/6/2025
U006678,Erin Tucker,markwarren@example.com,Female,New Cristina,5/23/2024
U006679,Sarah Guzman,ashley81@example.com,Other,West Shirleymouth,7/7/2025
U006680,Matthew Freeman,lturner@example.com,Male,North Benjamin,2/15/2024
U006681,Kelly Johnson,ibrown@example.net,Other,West Saraside,6/12/2024
U006682,Chelsea Munoz,rebecca47@example.com,Other,East Cynthia,9/6/2025
U006683,Kelsey Armstrong,williamspears@example.com,Male,North Johntown,11/7/2024
U006684,Shawn Callahan,brittany91@example.net,Female,Larsonmouth,5/16/2024
U006685,Martin Riley,brobinson@example.net,Female,Lake Glenland,1/15/2024
U006686,Stephanie Martin,rebeccarichardson@example.net,Other,Charlesshire,10/30/2025
U006687,Edgar Anderson,robinsonheidi@example.net,Female,Jensenland,1/7/2024
U006688,Ryan Johnson,vazquezbonnie@example.com,Female,Port Johnny,1/14/2025
U006689,Angela Harmon,michael36@example.net,Male,Lake Benjaminstad,9/24/2025
U006690,Monica Smith,kellyskinner@example.net,Other,Port Danielle,5/16/2024
U006691,Jason Mcdaniel,mackthomas@example.net,Other,West Michael,7/6/2025
U006692,Misty Lawrence,masseytamara@example.org,Male,Gibsonport,9/1/2024
U006693,Mary Singleton,christinaanderson@example.net,Other,South Monicatown,8/6/2025
U006694,Rachel Castillo,jacob27@example.org,Other,Foleyburgh,3/22/2025
U006695,Renee Gonzalez,drodriguez@example.org,Other,Hartborough,5/14/2025
U006696,Amy Lopez,buchananwilliam@example.org,Male,Ericmouth,6/1/2025
U006697,Lee Case,michaelthompson@example.org,Female,Lake Kimberly,1/9/2024
U006698,Christine Foster,suzanne40@example.org,Female,Stephenshire,8/19/2024
U006699,Amy Walker,george79@example.org,Other,North Erikaport,11/29/2024
U006700,Matthew Williams,kathryn30@example.org,Female,North Rodneyfurt,10/24/2024
U006701,Denise Lopez,turnermartha@example.net,Male,Erikview,6/24/2025
U006702,Mallory Green,walter50@example.org,Female,South Timothy,11/14/2024
U006703,Andrew Gilbert,jennifermathis@example.net,Male,Patriciaside,7/21/2024
U006704,Paige Morris,gilmorejeremy@example.com,Other,Joshuafurt,4/9/2025
U006705,Corey Martinez,rodgerssara@example.org,Male,Grahammouth,7/28/2024
U006706,Jason Howard,schneidersabrina@example.com,Male,Taylorhaven,9/20/2025
U006707,George Riley,qjensen@example.net,Male,East Ashley,5/21/2025
U006708,Travis Taylor,wilsonmichael@example.org,Other,Woodsview,12/21/2024
U006709,Michael Robinson,ferrellnicole@example.net,Female,West Stephenchester,11/4/2024
U006710,Jessica Caldwell,hcastro@example.org,Female,North Jasontown,10/20/2024
U006711,Alyssa Hurley,qdaniel@example.com,Male,Sullivanmouth,10/19/2025
U006712,Stephanie Woodard,nicole37@example.org,Male,Port Ashleytown,7/22/2024
U006713,Christopher French,angela96@example.org,Female,Robertton,7/29/2024
U006714,Andrea Hall,jeffrey21@example.com,Other,Hallport,7/9/2025
U006715,Tina Keith,gfisher@example.org,Male,Davidbury,9/3/2025
U006716,Matthew Campbell,robyn29@example.net,Female,Susanmouth,12/12/2024
U006717,John Kirby,michaelgraham@example.com,Male,Charlesshire,8/30/2024
U006718,Wendy Ruiz,monica32@example.net,Male,Carrolltown,7/11/2025
U006719,Karen Taylor,davidthomas@example.net,Male,Staffordtown,5/7/2024
U006720,Eric Briggs,aliciabeltran@example.net,Other,Popeburgh,3/25/2025
U006721,Jo Johnson,don61@example.org,Other,Danieltown,11/11/2025
U006722,Paul Aguilar,pwells@example.com,Female,Jacobberg,7/7/2025
U006723,Philip Beck,zruiz@example.net,Other,Dustinmouth,6/14/2024
U006724,Jennifer Marks,kmartin@example.net,Other,Port Jenniferbury,1/8/2025
U006725,Christopher Church,stephanie23@example.net,Male,Port Stephanieside,9/27/2024
U006726,Nicole Perkins,millsashley@example.net,Female,South Kevinmouth,10/25/2024
U006727,Jennifer Barton,tylersmith@example.org,Male,Sarahton,4/25/2025
U006728,James Mathis,annamitchell@example.org,Male,South Nicoleberg,4/28/2024
U006729,Denise Sanchez,ericajones@example.org,Male,Riosshire,12/1/2024
U006730,John Joseph,hjones@example.net,Female,Hernandezbury,1/15/2024
U006731,Anthony Williams,danielssusan@example.com,Male,West Katherineview,2/19/2024
U006732,Todd Johnson,paulamiller@example.com,Other,South Lisafort,7/14/2024
U006733,Nicole Johnson,psalazar@example.org,Other,Jamesfort,7/17/2024
U006734,Dustin Johnson,kathleen62@example.net,Female,Lake Meghanburgh,6/18/2024
U006735,Richard Kent,davidpatel@example.com,Other,Glenville,9/20/2024
U006736,Ryan Wood,sarah39@example.com,Male,Campbellberg,10/5/2025
U006737,Jessica Richards,laurenthomas@example.net,Male,South Jeffrey,6/22/2024
U006738,Jonathan Hoffman,kingrebecca@example.com,Female,Matthewhaven,9/18/2025
U006739,Alex Larson,khenry@example.net,Other,Hintonmouth,2/21/2025
U006740,Ryan Stevenson,clarkejames@example.com,Male,Colliertown,3/15/2025
U006741,Stephen Johnson,mario02@example.com,Other,Thomasberg,11/13/2024
U006742,Jose Jenkins,kristy02@example.org,Other,Fosterfort,5/17/2024
U006743,Susan Avila,alexa34@example.org,Male,Heathermouth,1/27/2025
U006744,Scott Yang,jessemccarthy@example.net,Male,Russellbury,10/3/2025
U006745,Rachel Simmons,tamarasmith@example.com,Female,Tracifort,11/1/2024
U006746,Robert Charles,brian95@example.org,Male,Kramerburgh,12/5/2024
U006747,Christopher Mcmahon,millerdonna@example.com,Female,Taraburgh,8/26/2024
U006748,Donald Barnett,mccoyrichard@example.com,Other,Port Jasminechester,2/25/2025
U006749,Samantha Robinson,angelaaguilar@example.net,Other,East Colleenmouth,11/25/2024
U006750,Susan Ashley,rharris@example.org,Female,Robinbury,1/18/2025
U006751,Tanya Lee,uwarren@example.org,Female,Lisaburgh,8/4/2024
U006752,Rachel Jones,cruzstacy@example.org,Other,Stephensburgh,1/11/2024
U006753,Shawn Hammond,sara76@example.org,Male,West Matthewport,4/7/2025
U006754,Elizabeth Woods,williamturner@example.org,Male,North Mariastad,2/3/2025
U006755,Christopher Baker,ahenderson@example.com,Other,Milesville,8/2/2025
U006756,Paul Cuevas,michael38@example.org,Female,Perezville,2/23/2025
U006757,Scott Soto,samuel03@example.org,Female,South Scottborough,2/1/2024
U006758,John Lane,christian41@example.org,Other,Gibbsstad,3/17/2025
U006759,Marissa Herrera,thompsonkaren@example.org,Male,West Frank,11/24/2024
U006760,Eric Best,wbenitez@example.com,Female,Sarahfurt,9/6/2024
U006761,Jennifer Smith,wilkinscory@example.org,Male,New Stephenborough,12/7/2024
U006762,Sara Beard,agonzalez@example.org,Female,North Alanborough,7/6/2024
U006763,Nathan Cooper,michellecole@example.net,Other,North Lindsaymouth,2/6/2024
U006764,Benjamin Patel,kristiecisneros@example.com,Female,New Susanberg,10/6/2024
U006765,Larry Rodriguez,jose46@example.net,Other,Lake Michaelshire,8/17/2025
U006766,Gary Dennis,ashleycastillo@example.net,Female,Jamesbury,4/23/2024
U006767,Nicholas Lyons,franklinchristopher@example.net,Other,Youngside,5/9/2024
U006768,Sandra Ford,jmontgomery@example.net,Other,Robertfort,3/20/2025
U006769,Ashley Tanner,dmiles@example.net,Female,Patrickhaven,5/9/2025
U006770,Jessica Holmes,jkim@example.org,Male,Dickersonborough,7/6/2025
U006771,Danielle Torres,ytran@example.net,Other,Yvonnehaven,11/5/2025
U006772,Brett Pennington,wagnerlauren@example.org,Male,Leblancville,1/17/2024
U006773,Eric Shepherd,diazjohn@example.net,Other,Cynthiaside,5/21/2025
U006774,Heather Walker,nicholasthompson@example.com,Female,Lake Robin,12/23/2024
U006775,Randy Serrano,dmckinney@example.org,Female,Thomastown,5/3/2024
U006776,Christopher Santiago,monicabonilla@example.org,Other,New Laurachester,9/28/2025
U006777,Kristin Wong,jennysanchez@example.net,Female,South Tracy,4/25/2025
U006778,Ricardo Peterson,jennifer01@example.net,Female,Lewisland,9/23/2025
U006779,George Kirk,monicajackson@example.org,Other,Allenland,3/2/2024
U006780,Elizabeth Sims,whitneycarroll@example.net,Other,Sanchezview,11/30/2024
U006781,Alfred Joseph,ssanchez@example.com,Male,East Kimberly,9/12/2025
U006782,Laura Jordan,edwin96@example.com,Male,New Andre,9/19/2024
U006783,Joshua Stanley,gharris@example.net,Other,East Eddietown,8/1/2025
U006784,Madison Day,chenmaria@example.net,Male,Smithborough,1/7/2024
U006785,Carl Caldwell,perrymoore@example.net,Female,East Amy,2/18/2024
U006786,Jonathan Bright,barkererin@example.com,Female,East Kendra,1/9/2025
U006787,Ann Gonzales,andrew67@example.net,Female,East Donaldbury,4/10/2025
U006788,Sara Paul,rileynicole@example.org,Other,West Sarah,11/4/2024
U006789,Robin Munoz,murphymelissa@example.org,Female,Annborough,8/1/2024
U006790,Lisa Henderson,colonalexander@example.org,Female,New Kyleside,4/18/2025
U006791,Dana Evans,wrightmelissa@example.org,Male,South Stevenshire,2/22/2025
U006792,Denise Suarez,ricky06@example.net,Other,South Michaelland,2/9/2025
U006793,Emily Vasquez,thomas67@example.org,Other,West Melinda,4/8/2024
U006794,Amber Sellers,ecrawford@example.com,Female,New Robert,11/2/2025
U006795,Hannah Zimmerman,uclark@example.com,Other,North Amanda,1/10/2025
U006796,Jessica Dixon,danielmorse@example.net,Male,Port Kimberly,11/11/2025
U006797,Barbara Barton,john42@example.net,Male,West Roberthaven,5/7/2025
U006798,Stephen Durham,randystewart@example.com,Other,Nicoleside,1/16/2024
U006799,Nicholas Santos,lindseyray@example.org,Female,West Courtneytown,9/29/2025
U006800,Martin Smith,davisanne@example.net,Other,Aaronside,7/18/2025
U006801,Gavin Nelson,gthomas@example.com,Male,Bellberg,5/25/2025
U006802,Michael Sanchez,mary15@example.com,Female,East Beth,8/2/2025
U006803,Johnathan Ford,edward58@example.net,Other,New Miamouth,6/26/2024
U006804,Nicole Webster,ffrey@example.net,Male,Rodneystad,2/24/2025
U006805,Rita Rodriguez,njohnson@example.org,Other,Emilyshire,9/16/2024
U006806,Maria Carr,bensonrobin@example.org,Other,Hubbardstad,11/26/2024
U006807,Andrea Walter,sheltonallison@example.org,Female,West Jameston,4/1/2024
U006808,Edwin Hernandez,delgadokimberly@example.net,Male,West Evanchester,3/29/2025
U006809,Amy Daniels,nicoleyoung@example.com,Other,Sandovalshire,1/27/2025
U006810,Scott Guerrero,debra61@example.com,Other,East Davidberg,2/4/2025
U006811,Stephen Rose,hamiltonivan@example.com,Female,Carrfort,10/4/2025
U006812,Pam Martin,nataliefoley@example.net,Other,Kevinport,7/2/2024
U006813,Christopher Bradley,kevin57@example.org,Male,South Kimberlyport,9/30/2024
U006814,Jonathan Haynes,coxjames@example.org,Other,Matthewland,2/25/2025
U006815,Darlene Mcintyre,masseyalisha@example.net,Female,Prattton,4/15/2025
U006816,Brandy Melendez,aconley@example.org,Female,Andersonton,7/25/2024
U006817,Oscar Fleming,chad40@example.net,Female,Robertston,11/14/2024
U006818,Kathy Manning,stephanie51@example.net,Other,New Natalie,8/18/2024
U006819,Kimberly Taylor,laura89@example.net,Female,North Meganchester,11/10/2025
U006820,Justin Brennan,rmartin@example.net,Male,Port Eric,7/6/2025
U006821,Marc Evans,christy33@example.com,Male,Biancaborough,6/28/2025
U006822,Michael Arnold,amydavis@example.com,Other,South Brittanyfurt,6/1/2024
U006823,Katie Reynolds,karenfuller@example.org,Other,Deborahmouth,5/24/2025
U006824,Antonio Taylor,cbates@example.com,Male,East Christopherview,10/5/2024
U006825,Rodney Rios,daltonjennings@example.org,Male,Hernandezport,10/13/2024
U006826,Brittany Donovan,lburton@example.com,Male,West Michael,7/15/2025
U006827,Peter Matthews,allison33@example.net,Male,South Karen,4/1/2025
U006828,Christina Velasquez,eosborn@example.com,Male,Travisstad,8/16/2025
U006829,Jody Berry,esimpson@example.net,Male,Saraview,10/14/2025
U006830,Michael Horton,cmiller@example.net,Male,Chavezport,8/12/2024
U006831,William Garcia,samanthaking@example.org,Female,Melissabury,2/27/2024
U006832,Derek Harper,dennisford@example.net,Male,Leeton,10/21/2025
U006833,Spencer Wilson,rramirez@example.org,Male,Lake Ryan,8/10/2024
U006834,Christine Harrison,ashley39@example.com,Male,Dawnburgh,7/19/2025
U006835,Stephanie Pope,gomezkristi@example.com,Other,North Jasminechester,11/1/2024
U006836,Megan Hansen,zhayden@example.net,Other,Lake Donaldshire,9/25/2025
U006837,David Velasquez,oholland@example.com,Female,Brandonshire,10/12/2024
U006838,Dwayne Stephens,scotthowe@example.org,Other,Port Maria,11/5/2024
U006839,David Dennis,dmolina@example.org,Female,Stephanieport,10/7/2024
U006840,Trevor Navarro,woodwardpatricia@example.com,Other,North Joshua,2/1/2024
U006841,April Taylor,hwashington@example.com,Other,Phillipsburgh,4/21/2024
U006842,Amanda Bray,jaime88@example.com,Other,West Dillon,4/8/2025
U006843,Kimberly Nelson,dmurphy@example.net,Other,Amyshire,8/26/2024
U006844,Jason Patterson,scott59@example.net,Female,Andreaside,3/12/2025
U006845,Steven Lee,barry32@example.net,Male,Michaelside,8/12/2025
U006846,Audrey Thomas,walshtimothy@example.org,Female,East Sharon,12/15/2024
U006847,David Adams,jamescarroll@example.com,Male,Howardbury,7/24/2025
U006848,Scott Daniels,willie45@example.com,Other,Lake Amyfort,5/24/2024
U006849,Alicia Clark,karenvaughn@example.org,Other,New Rickfort,3/9/2025
U006850,Ray Campbell,rebeccamartin@example.com,Male,South Sarahshire,6/15/2025
U006851,Victor Tucker,patellarry@example.org,Male,Rebeccamouth,9/11/2025
U006852,Benjamin Taylor,rryan@example.org,Male,Mollybury,7/22/2025
U006853,John Manning,mercadomaxwell@example.com,Other,Jonesland,9/21/2024
U006854,Brenda Garrison,grossdanielle@example.net,Female,Rhodesborough,6/24/2024
U006855,Brittany Blair,lisa26@example.net,Male,Erinville,3/12/2024
U006856,Holly Krueger,pittmanadam@example.net,Female,North Mario,12/29/2024
U006857,Garrett Contreras,hudsonrobert@example.org,Other,Sandraberg,6/17/2025
U006858,Daniel Le,julia59@example.com,Male,North Kelsey,2/12/2024
U006859,Robert Ruiz,hibarra@example.org,Female,South Heidiside,12/22/2024
U006860,Michael Lee,mary40@example.net,Other,Jeremytown,7/28/2024
U006861,Robert Garcia,jose09@example.net,Other,Gabrielleville,9/30/2024
U006862,Thomas Chen,janderson@example.net,Female,East Jennifer,11/3/2024
U006863,Kristina Castillo,joseph17@example.org,Female,South Kenneth,7/12/2024
U006864,Scott Barber,pgriffin@example.com,Other,North Coryhaven,1/18/2024
U006865,Jennifer Marshall,llozano@example.net,Male,Jamesshire,5/7/2025
U006866,Scott Miller,raven08@example.com,Other,Reyesberg,9/14/2024
U006867,Katie Reed,jackevans@example.com,Female,New Brianhaven,8/23/2025
U006868,Chad Fuller,crystal37@example.org,Other,West Jennifermouth,12/27/2024
U006869,Jacob Brown,bgarner@example.net,Male,Stewartmouth,3/15/2025
U006870,Becky Rogers,eugenejones@example.net,Other,South Robertmouth,4/18/2025
U006871,Melissa Jones,alexandersims@example.com,Male,Lake Elizabeth,7/20/2025
U006872,Michele Shaw,david63@example.org,Female,Millershire,6/21/2025
U006873,John Peterson,kcox@example.com,Male,New Travis,3/5/2024
U006874,Diane Gordon,emily47@example.com,Male,Port Kristin,1/12/2025
U006875,Benjamin Long,mbrown@example.com,Other,Joneschester,6/11/2024
U006876,Timothy Johns,ribarra@example.org,Male,West Samanthaton,11/12/2024
U006877,Ebony Johnston,hernandezdonna@example.org,Male,Woodardberg,6/23/2024
U006878,Anthony Mclaughlin,catherineburke@example.net,Other,Port Sheriland,4/10/2024
U006879,Kenneth Hernandez,mcmillanryan@example.org,Male,Hughesstad,5/25/2024
U006880,Ryan Clark,bmooney@example.org,Other,South Kevin,2/16/2024
U006881,Christopher Hall,christinaramos@example.com,Female,West Pamelatown,10/15/2025
U006882,Colleen Lewis,cgill@example.org,Male,Rubenfort,1/11/2025
U006883,Michael Miller,nataliewilliams@example.org,Male,West Jennifer,9/20/2025
U006884,Joel Williams,shanecooper@example.com,Other,Grahambury,2/22/2025
U006885,Kevin Herrera,tylerarcher@example.com,Other,South Scott,1/24/2025
U006886,Rebecca Hayes,melissamarshall@example.org,Male,New Edwardfurt,2/9/2025
U006887,Cheryl Webb,eharris@example.org,Other,New Jamesville,11/12/2024
U006888,Anthony Tran,butlerbrian@example.org,Other,Williamsmouth,8/16/2025
U006889,Jay Martin,andreagarcia@example.net,Male,Markside,9/27/2024
U006890,Matthew Martin,randerson@example.net,Other,Reedborough,6/26/2024
U006891,Mary Spencer,donnadavis@example.net,Other,New Gary,6/25/2025
U006892,Cheryl Greer,qferguson@example.com,Other,South Robertville,10/22/2025
U006893,Christopher Reed,fgomez@example.com,Female,East Mariostad,8/8/2025
U006894,Laurie Stephens,nunezgina@example.org,Other,Rosstown,1/12/2025
U006895,Melinda Murillo,zcastillo@example.org,Male,East Tamaratown,8/31/2024
U006896,Laura Quinn,amberstark@example.net,Other,Cherrybury,1/28/2024
U006897,Devin Potts,robertmiles@example.org,Other,New Erinfort,12/3/2024
U006898,Shawn Poole,raylisa@example.org,Female,Lake Donnaville,3/29/2025
U006899,Christopher Stephens,nelsontimothy@example.org,Other,Jamesfort,10/22/2024
U006900,Anthony Salazar,william17@example.org,Female,North Brian,8/31/2025
U006901,Sheena Everett,alexis18@example.com,Other,North Deniseburgh,5/12/2025
U006902,Katie Thomas,michaelbeck@example.org,Other,West Chelsea,2/7/2025
U006903,Jason Newman,livingstonerica@example.org,Female,East Markborough,4/14/2025
U006904,Allen Ross,allendonald@example.com,Male,Grosstown,6/17/2024
U006905,Lynn Nunez,qgould@example.com,Male,Mcculloughbury,9/1/2025
U006906,Cynthia Palmer,robersonmary@example.com,Male,Port Jessicaside,1/9/2024
U006907,Mallory Castillo,matthew34@example.net,Other,Lake John,11/29/2024
U006908,Steve Phillips,ewilliams@example.net,Female,New Kathleenton,4/8/2025
U006909,Judith Ross,harrisjason@example.net,Other,Andrewtown,5/16/2024
U006910,Jeffrey Krueger,connor16@example.org,Female,Hawkinsport,8/1/2024
U006911,Michael Calhoun,robertberg@example.com,Other,North John,11/1/2025
U006912,David Hamilton,jacksonmary@example.org,Male,South Pamela,3/28/2025
U006913,Sherry Cole,ljohnson@example.net,Other,Julietown,2/20/2025
U006914,Tracy Miller,smithjacob@example.org,Other,Tonyashire,2/5/2025
U006915,Barbara Bell,jnash@example.net,Female,Crystalview,6/16/2025
U006916,Michael Compton,blakescott@example.org,Female,East Eugeneshire,9/5/2025
U006917,Ann Evans,danielgardner@example.net,Female,East David,4/9/2024
U006918,Natalie Hall,hensondeborah@example.com,Other,New Mark,6/11/2025
U006919,Anthony Anderson,feliciaperkins@example.net,Female,Maytown,1/1/2024
U006920,Kayla Kelly,smithheather@example.com,Female,Philipborough,4/26/2024
U006921,Vanessa Smith,jeffreylittle@example.org,Female,Johnfort,2/27/2024
U006922,Jerry York,belltheresa@example.net,Other,Andersonfort,7/11/2024
U006923,Alexis Fitzgerald,markellis@example.org,Female,Mckeefort,10/9/2024
U006924,Jonathan Kelley,stacydavis@example.org,Other,East Teresastad,10/28/2025
U006925,Christina Collins,john40@example.org,Female,New Allison,6/14/2025
U006926,Ann Martin,pam28@example.com,Other,Port Amandaside,11/18/2024
U006927,Mia Hunter,gnunez@example.org,Male,Lake Amy,6/6/2025
U006928,Cesar Malone,summersdarlene@example.com,Other,Sarahstad,8/17/2024
U006929,Michelle Richardson,egreen@example.org,Other,Port Mary,4/30/2025
U006930,April Smith,jessica88@example.net,Male,Fredbury,9/29/2025
U006931,Michael Baker,jessicajones@example.net,Female,South Andreabury,4/1/2025
U006932,Perry Cohen,jvalencia@example.com,Other,Ryanburgh,8/22/2024
U006933,Matthew Jenkins,elizabeth72@example.org,Other,Donnaland,10/16/2025
U006934,David Ramirez,stanley92@example.com,Female,West Bethview,10/29/2025
U006935,Samantha Gray,owalker@example.com,Female,South Jasmineport,9/24/2025
U006936,Vernon Becker,fcummings@example.com,Female,New Joyburgh,10/7/2025
U006937,Eric Hunter,johnsontheresa@example.com,Female,North Anthonyport,9/20/2024
U006938,Patricia Thomas,dustinkelly@example.net,Female,Harthaven,12/13/2024
U006939,Bryan Daniels,mitchellkevin@example.net,Male,Paulmouth,10/2/2025
U006940,Holly White,tamarageorge@example.org,Other,Cannonland,6/28/2024
U006941,Angela Mueller,wellseric@example.net,Male,Madelineland,6/19/2024
U006942,Ryan Holmes,jasonorozco@example.net,Female,Webbchester,1/16/2025
U006943,Robert Wood,gail86@example.org,Other,Hawkinshaven,5/7/2025
U006944,Brittany Wallace,staffordrebekah@example.net,Male,Dominguezport,8/27/2024
U006945,Rachael Moreno,bsmith@example.org,Other,South Crystal,5/4/2025
U006946,Jose Wallace,csaunders@example.net,Male,East Mary,7/27/2025
U006947,Daniel Butler,stephanie93@example.com,Female,Brandonfurt,5/25/2025
U006948,Holly Soto,staceyryan@example.net,Male,South Kyleshire,4/1/2024
U006949,Marc Williamson,joyceramirez@example.net,Female,Port Douglas,11/6/2025
U006950,Samantha Rodriguez,johncardenas@example.com,Male,West Garystad,8/22/2024
U006951,Matthew Bond,jill14@example.org,Male,Jeffberg,12/22/2024
U006952,Brian Frost,marroyo@example.net,Female,North Michael,8/24/2024
U006953,John Parsons,brittany92@example.net,Male,West Bethany,2/11/2024
U006954,John Decker,scottbarnes@example.com,Other,Hollandland,4/14/2024
U006955,Marisa Foster,jessecuevas@example.org,Female,Hensonton,7/7/2024
U006956,Monica Edwards,jeremyjones@example.com,Other,Matthewsberg,6/9/2024
U006957,Julie Mullen,ellisbarry@example.org,Other,Leonfurt,6/5/2025
U006958,Andrew Moore,ejefferson@example.org,Other,New Emilyport,1/10/2024
U006959,Eric Rowe,james15@example.org,Other,North Katherinefort,9/12/2025
U006960,Tracey Olsen,michaeldelgado@example.com,Other,West Rickchester,3/24/2024
U006961,Stephanie Nelson,vreid@example.net,Male,West Katherinefurt,1/14/2025
U006962,Adam Adkins,aprilperez@example.net,Male,Wilkinsburgh,1/28/2025
U006963,Linda Rice,zoconnell@example.org,Male,Lake Robert,1/17/2025
U006964,Keith Bonilla,johnwilson@example.net,Female,Lake Sarah,8/27/2024
U006965,Samuel Tyler,kyle83@example.net,Female,West Melindafort,5/24/2025
U006966,Christopher Allen,jeremiahwells@example.net,Male,South Chadhaven,2/19/2025
U006967,Aaron Jensen,xgonzales@example.com,Male,Justintown,8/17/2024
U006968,Katherine Miles,timothy61@example.com,Female,South Brendaberg,2/12/2025
U006969,Bradley Mitchell,flewis@example.com,Female,Port Angelamouth,9/24/2024
U006970,Kyle Phillips,sanchezkathleen@example.net,Other,West Amber,3/14/2024
U006971,John Guerrero,duane37@example.org,Male,New Katie,5/3/2024
U006972,Patrick Garcia,gwilliamson@example.net,Male,West Melissaborough,11/8/2025
U006973,Christopher Brown,alewis@example.com,Female,Anthonyfurt,12/31/2024
U006974,Adam Baker,hhunter@example.net,Female,Carlsonfort,3/26/2024
U006975,John Vincent,laurenbrown@example.org,Male,North Christineville,10/4/2025
U006976,Jennifer Guzman,parksangela@example.org,Other,Stevenborough,7/9/2024
U006977,Mary Robinson,qstark@example.com,Female,Lake Whitneyville,2/23/2025
U006978,Ronald Walker,aprilmoore@example.org,Other,New Crystal,1/10/2024
U006979,John Lewis,mark72@example.com,Male,West Cherylmouth,4/23/2024
U006980,Calvin Stephens,ahernandez@example.net,Other,Wardmouth,1/20/2024
U006981,Tommy Luna,ypayne@example.net,Male,Martineztown,12/5/2024
U006982,Jonathan Farley,carrieanderson@example.org,Other,Warnerborough,12/16/2024
U006983,Matthew Romero,tgomez@example.net,Female,South Steven,3/29/2024
U006984,Andrew Curry,ahardin@example.org,Female,New Chase,7/10/2025
U006985,Kent Brown,nancyfernandez@example.org,Male,Melissaland,5/7/2025
U006986,Sally Smith,heather35@example.net,Female,West Grace,8/29/2024
U006987,Patricia Carter,marksanders@example.com,Other,Lake Scotthaven,8/7/2024
U006988,Nicole Boyer,gprice@example.net,Other,East Kimberly,7/25/2024
U006989,Ashley Montes,scarlson@example.net,Other,Lake Lisa,11/22/2024
U006990,Emily Russell,katherinepatterson@example.com,Male,West Ashley,4/12/2024
U006991,Jonathan Lang,jonessarah@example.net,Other,Jessicaside,2/1/2025
U006992,Christopher Reese,joe24@example.com,Other,Tylerport,1/27/2025
U006993,Larry White,crystal22@example.net,Female,Blakemouth,7/19/2025
U006994,Kathryn Walker,dakotawilliams@example.org,Male,Transtad,4/7/2024
U006995,Frances Williams,mwalker@example.org,Other,East Isaacstad,4/2/2024
U006996,Steven Lucas,justin14@example.net,Other,East Joshua,8/3/2025
U006997,Tina White,christina88@example.net,Female,Nicolemouth,5/23/2024
U006998,Jason Mathis,oadams@example.com,Male,New Michaelton,9/8/2025
U006999,Elizabeth Moore,laura99@example.org,Male,Katherinebury,4/2/2024
U007000,Logan Clarke,stacey56@example.net,Female,South Tiffanytown,7/30/2025
U007001,John Park,thomasprice@example.org,Female,West Patriciaburgh,11/18/2024
U007002,Timothy Harris,joshua78@example.net,Female,West Edwardville,11/18/2024
U007003,Justin Williams,brownsydney@example.com,Female,Sarahmouth,1/6/2025
U007004,Mario Ford,mercerandrew@example.org,Male,East Shawnbury,12/15/2024
U007005,Michael Williams,danielle34@example.org,Male,South Joshuamouth,9/28/2025
U007006,Michael Brown,ndonovan@example.net,Other,East Victor,1/6/2025
U007007,Oscar Wagner,chad21@example.net,Other,Richardview,2/28/2025
U007008,Daniel Stokes,glennpacheco@example.org,Other,Villaland,1/2/2025
U007009,Gabrielle Heath,greenechristian@example.com,Male,Elliotttown,8/29/2024
U007010,Kerry Bowman,smithvictoria@example.org,Other,West Lisa,8/2/2025
U007011,Charles Hayes,ecook@example.com,Other,Lindashire,9/19/2025
U007012,Carol Thompson,rileysmith@example.com,Female,Toddmouth,1/26/2024
U007013,Karen Smith,wwilliams@example.com,Male,Huangberg,10/27/2025
U007014,Becky Mccormick,tammysimon@example.org,Female,Brittanyburgh,11/19/2024
U007015,Lisa Robertson,hgibbs@example.com,Other,Lake Kelly,4/5/2024
U007016,Maurice Foster,fmiller@example.org,Male,West Anthony,6/23/2024
U007017,Juan Wells,jeffrey50@example.org,Female,Fieldsbury,1/5/2025
U007018,Sharon Klein,vincentcraig@example.net,Other,Gomezmouth,1/20/2025
U007019,Samantha Johnson,brianpowers@example.org,Other,Austinhaven,2/8/2025
U007020,Lori Brown,michaelrandall@example.net,Male,East Dana,10/3/2025
U007021,Jeffrey Dodson,brentbutler@example.net,Female,Port Douglas,3/31/2025
U007022,Kristi Davila,matthew28@example.org,Other,West Ashley,8/7/2024
U007023,Madeline Griffin,michelle32@example.com,Other,Millerton,12/17/2024
U007024,Eric Wilson,wthompson@example.com,Male,Lake Davidmouth,5/23/2024
U007025,Brandon Elliott,mnicholson@example.com,Male,Port Kristina,2/15/2024
U007026,Kelly Salazar,matthew21@example.com,Male,Markfort,11/10/2025
U007027,Eric Farrell,ghudson@example.net,Other,Katherinestad,9/5/2025
U007028,Kristen Torres,kingjoseph@example.net,Other,South Marcofort,7/13/2025
U007029,Marie Lynch,brian98@example.net,Female,Lloydfurt,12/25/2024
U007030,Monique Rodriguez,asalas@example.com,Female,Chloeside,2/20/2024
U007031,Alexander Perry,hernandezantonio@example.org,Other,West Mikemouth,2/19/2025
U007032,Lauren Lopez,ngonzalez@example.org,Other,Jessicaport,11/11/2024
U007033,Michael Fry,uhamilton@example.com,Other,Ricehaven,10/25/2025
U007034,Lauren Mcguire,cindyrichards@example.com,Male,Sherriville,1/29/2025
U007035,Dennis Pennington,crawfordkenneth@example.org,Male,East Aaronborough,8/12/2025
U007036,Kimberly Paul,kathleenrodriguez@example.com,Female,Lake Rebecca,11/7/2025
U007037,Craig Chapman,jeffrey43@example.org,Female,Joneshaven,6/29/2024
U007038,Ryan Obrien,jenniferrodriguez@example.com,Female,Lake Jaredbury,7/26/2024
U007039,John Lee,zstevenson@example.com,Male,Hernandezton,11/1/2025
U007040,James Jones,aburns@example.net,Male,East Wesley,4/9/2025
U007041,Amanda Sullivan,frenchjasmine@example.org,Female,East Austinborough,10/19/2024
U007042,Lisa Juarez,eric34@example.org,Male,Kennethfort,12/24/2024
U007043,Charles Roberson,ohowell@example.org,Female,New Lynn,9/1/2024
U007044,Lisa Stafford,williamfuller@example.net,Other,Port Samanthaland,2/19/2024
U007045,Heidi Miller,maryford@example.org,Other,Garzafurt,11/16/2024
U007046,Mark Schultz,bmontoya@example.org,Male,North Jennifer,12/5/2024
U007047,Jill Campbell,lance56@example.com,Other,Mitchellfort,11/30/2024
U007048,Matthew Schmitt,kellypatel@example.org,Female,New Kristina,9/2/2025
U007049,Tabitha Bowers,christinadiaz@example.net,Female,Elizabethmouth,3/20/2024
U007050,Jaime Martin,austin71@example.net,Male,Melissashire,11/2/2024
U007051,Daniel Baker,douglas40@example.net,Female,Michaelview,2/27/2024
U007052,Laura Jones,baileyyoung@example.org,Other,Floresberg,8/7/2024
U007053,Jonathan Lopez,richardwalker@example.com,Female,Lake Susanton,6/1/2025
U007054,David Robinson,sheltonjack@example.org,Other,South Jennifer,2/13/2025
U007055,Corey Tran,michaelmiller@example.net,Male,Steeleburgh,11/8/2025
U007056,David Murphy,tiffanydougherty@example.org,Male,New Timothy,4/17/2024
U007057,James Mccall,deanmelissa@example.net,Female,West Margaretstad,12/1/2024
U007058,Stacy Thomas,rsosa@example.net,Other,New Stevenville,7/30/2024
U007059,Angela Wang,brittanyreynolds@example.org,Male,Dianafurt,11/23/2024
U007060,David Hernandez,freemansarah@example.com,Female,Collierberg,1/11/2025
U007061,Jennifer Martin,calderonbrian@example.net,Female,South Davidberg,11/4/2024
U007062,Daniel Rodriguez,burnskevin@example.com,Other,Stephensfort,12/16/2024
U007063,Kevin Williams,davidmcdaniel@example.net,Other,East Brandonbury,6/6/2024
U007064,Timothy Avery,butlerjeremy@example.org,Male,Andersonmouth,1/21/2025
U007065,Cameron Williams,lmendoza@example.com,Other,Hamiltonview,12/17/2024
U007066,Richard Ritter,sullivanamy@example.net,Other,Kristieport,2/15/2024
U007067,Derek Peterson,jessica88@example.com,Other,Melissabury,6/30/2024
U007068,Angelica Mayo,leslie26@example.com,Other,South Patricia,12/9/2024
U007069,Sylvia Shepard,stacycooper@example.org,Male,Maryland,10/15/2024
U007070,Maria Riddle,christopherhernandez@example.net,Male,New Robertstad,4/20/2025
U007071,Victoria Lewis,tamara85@example.com,Male,Sellersland,1/17/2024
U007072,Michael Arellano,ryanhale@example.com,Female,Port Kevin,1/1/2024
U007073,Christina Moreno,michaelhogan@example.com,Female,South Samantha,5/20/2024
U007074,Mark Blackburn,lwilson@example.org,Female,Lake Jonathanside,8/6/2025
U007075,Sherry Mason,eric15@example.net,Other,Taylorburgh,7/5/2024
U007076,Jessica Crosby,obrooks@example.org,Other,Lake Jack,2/16/2024
U007077,Robert Rodriguez,ryanlynch@example.org,Male,Stricklandside,1/23/2024
U007078,Michelle Lee,ernest58@example.net,Male,Erinchester,1/7/2024
U007079,Angelica Waller,peter74@example.net,Other,South Juliehaven,6/10/2024
U007080,Logan Morris,leecharlene@example.net,Female,Port Emilyfort,8/4/2025
U007081,Rhonda Wilson,robertsjoseph@example.org,Female,Susanview,3/17/2025
U007082,April Vargas,jamesconner@example.com,Female,Davischester,9/26/2024
U007083,Jennifer Lee,joyce72@example.com,Female,Mooretown,1/9/2025
U007084,Dominic Bray,phillipsvickie@example.net,Male,Lauraview,2/28/2025
U007085,Tyler Weaver,hyoung@example.net,Female,Shannonmouth,2/5/2024
U007086,Norma Martin,myersrachel@example.net,Female,Lake Teresaland,4/11/2024
U007087,Zachary Fox,johnathan85@example.org,Other,Lake Shellyland,3/16/2024
U007088,Daniel Drake,barbara46@example.org,Other,East Anna,3/21/2025
U007089,Julie Donaldson,dylan69@example.org,Male,South Tannerfurt,5/28/2025
U007090,Brett Lindsey,rebeccamcdonald@example.net,Female,New Cynthiafurt,3/1/2025
U007091,Katie Bishop,enavarro@example.com,Male,South John,6/4/2024
U007092,Parker Lyons,cooperjennifer@example.org,Female,New Billyshire,5/5/2024
U007093,Thomas Lopez,amanda40@example.com,Other,Perryton,4/23/2024
U007094,Diane Cochran,vwilliams@example.com,Female,Thorntonton,12/13/2024
U007095,Samantha Mccormick,wblack@example.com,Other,Jonathanberg,3/9/2025
U007096,Matthew Ray,jonpreston@example.com,Male,Kyleside,8/2/2024
U007097,David Bean,yhenderson@example.com,Female,North Jean,2/11/2024
U007098,Elizabeth Watts,ariana27@example.com,Male,Port Jason,12/6/2024
U007099,Donna Shannon,amyallen@example.org,Male,Johnsonmouth,7/24/2024
U007100,Philip Austin,ehunt@example.com,Male,New Calvin,8/20/2024
U007101,Dale Howell,mpierce@example.org,Other,East Todd,3/15/2025
U007102,Lisa Bennett,cindycampbell@example.org,Female,South Edwardberg,9/28/2024
U007103,Greg Nguyen,april53@example.org,Male,Ryanton,8/19/2024
U007104,Melissa Jacobs,garrettadam@example.com,Other,Josephton,3/11/2025
U007105,Aaron Sims,chelseygarrett@example.com,Male,North Janiceside,6/13/2025
U007106,Jonathan Saunders,matthewmontes@example.com,Male,South Shawnborough,1/26/2025
U007107,Dennis Bryant,wilsonkevin@example.com,Other,Tinashire,9/5/2025
U007108,Tara Rodriguez,jacobtaylor@example.com,Male,North Tommyburgh,10/13/2024
U007109,Luis Watts,katherine43@example.org,Male,West Cynthia,1/17/2025
U007110,Albert Smith,adam43@example.com,Other,Port Justinville,11/30/2024
U007111,Allison Robbins,robertwilliams@example.com,Male,West Billy,2/3/2025
U007112,Rachel Miller,benjaminbailey@example.org,Female,New Nathaniel,10/30/2025
U007113,Theresa Wilson,jeremyfuentes@example.com,Male,Wilsonberg,5/8/2024
U007114,Bethany Cantrell,hopkinskim@example.com,Female,West Kennethberg,2/12/2025
U007115,John Cooper,elizabethedwards@example.org,Other,East Emily,3/20/2025
U007116,Kevin Lamb,zparker@example.net,Male,Wallerberg,11/9/2025
U007117,Christopher Bell,hallbrian@example.net,Female,Jennifershire,10/13/2025
U007118,Melanie Bryant,hansenwilliam@example.com,Female,South Williamchester,11/5/2024
U007119,Thomas Banks,christinashannon@example.com,Female,New Kevin,11/12/2025
U007120,Brooke Alvarado,patriciamartin@example.org,Male,Amberville,5/27/2025
U007121,Lori Frederick,sanchezamanda@example.net,Female,East Charles,3/22/2024
U007122,James Crane,bailey35@example.net,Male,Lake Joshua,12/24/2024
U007123,Julie Rodriguez,cory62@example.net,Other,Maryville,5/14/2024
U007124,John Smith,jenkinsmary@example.net,Other,Anthonymouth,8/20/2025
U007125,Diane Anderson,riceangela@example.com,Male,West Johnhaven,5/30/2025
U007126,Daniel Lucas,chadleach@example.org,Male,North Nicholas,2/6/2025
U007127,Jon Mitchell,karen16@example.com,Other,Tiffanyland,7/9/2025
U007128,Terri Jacobs,sherry56@example.net,Other,North Deborahview,8/20/2024
U007129,Matthew Whitaker,megangreen@example.org,Female,Lake Zachary,5/31/2024
U007130,Eric Richardson,tallen@example.com,Other,Port Mary,4/15/2024
U007131,Joseph Wallace,ashleyfisher@example.org,Female,Craigmouth,4/23/2024
U007132,Sarah Smith,rmiles@example.com,Other,East Randyhaven,8/9/2025
U007133,Billy Dyer,elizabethkelly@example.net,Other,Albertview,5/28/2025
U007134,Julia Fuller,dcaldwell@example.com,Male,Sophiafort,9/9/2025
U007135,Julia Herman,karina29@example.org,Other,East Daisy,4/9/2024
U007136,Martin Carter,greenjames@example.org,Other,Lake Loritown,8/9/2024
U007137,Ann King,youngbreanna@example.org,Other,Port Kyle,5/29/2024
U007138,Tamara Wood,grayashley@example.net,Male,Lake Justinview,9/21/2024
U007139,Peter Russell,larry51@example.com,Female,Davisshire,1/13/2024
U007140,Jesse Williams,aliciaharris@example.com,Other,New Joseph,4/14/2024
U007141,Mark Cowan,alvarezmaureen@example.org,Other,Port Amy,7/21/2024
U007142,Tony Carpenter,joseph00@example.org,Other,West Ryanshire,5/14/2024
U007143,Thomas Williams,mguerra@example.com,Male,Kevinberg,9/29/2025
U007144,Danny Powell,hgreer@example.net,Female,Lake Vincent,7/25/2025
U007145,Brandy Chavez,maryporter@example.com,Male,Ponceborough,1/20/2025
U007146,Thomas Anderson,jennystewart@example.net,Male,Johnsonmouth,8/6/2025
U007147,Amy Edwards,alyssa00@example.org,Female,Kristophermouth,2/10/2025
U007148,Hayden Mercer,ryoung@example.net,Male,Williamton,9/3/2024
U007149,Dwayne Smith,garycantrell@example.com,Other,South Staceyshire,4/26/2025
U007150,Jennifer Mendoza,lauraalvarado@example.org,Other,Elizabethville,8/9/2025
U007151,Jennifer Ward,erikdavid@example.org,Female,Lake Dennis,6/22/2025
U007152,Christopher Winters,douglas98@example.net,Male,East Bruce,8/27/2025
U007153,Autumn Welch,josephclark@example.net,Female,Lake Christine,9/10/2025
U007154,Benjamin Barnes,kayla67@example.org,Other,Dixonfort,6/2/2025
U007155,Dennis Zuniga,donnavargas@example.com,Male,Timothymouth,5/14/2024
U007156,Phillip Hall,deandavid@example.net,Male,Williamshaven,2/24/2024
U007157,Eric Baker,theresakim@example.com,Female,Yatesbury,5/25/2024
U007158,Amanda Rodriguez,miranda76@example.net,Other,Theresastad,6/27/2024
U007159,Douglas Hunt,sandra98@example.org,Female,New Kevinstad,9/9/2025
U007160,Ricky Rasmussen,pdavis@example.net,Other,New Michaeltown,2/27/2024
U007161,Jeffrey Brown,tiffanywalker@example.com,Other,Brittanystad,3/7/2025
U007162,Shane Smith,lisa00@example.net,Female,Ericksonport,5/14/2024
U007163,Aaron Thompson,melaniebradley@example.org,Male,Fordton,8/4/2025
U007164,Patricia Velez,pricelindsay@example.org,Male,Lake Jessetown,10/31/2024
U007165,Francis Mooney,johnmckinney@example.org,Female,Lake Troy,6/2/2024
U007166,Lucas Cardenas,raymond26@example.com,Other,Nicoleburgh,9/15/2025
U007167,Randall Sanford,johnsilva@example.com,Female,East Stephanie,2/25/2024
U007168,Christine Freeman,hannah84@example.org,Male,Cummingston,6/4/2024
U007169,Brianna Wolfe,laguilar@example.org,Female,West Stephaniestad,2/12/2025
U007170,Judith Jones,zunigaalyssa@example.org,Other,Toddstad,3/6/2025
U007171,Michele Andrews,jessica15@example.net,Other,Lake Melissa,5/16/2024
U007172,Christina Hansen,john24@example.net,Male,Albertland,2/12/2024
U007173,Tammy Moran,brownlisa@example.com,Female,Martinezmouth,8/6/2024
U007174,Stephen Chapman,rebeccalowe@example.com,Female,Fletcherfurt,11/1/2024
U007175,Cassie Jackson,hharris@example.net,Other,Hicksville,4/15/2025
U007176,Robert Hudson,mariejohnson@example.com,Other,Powellburgh,5/6/2024
U007177,Christine Parker,marydavis@example.net,Male,East Matthew,5/20/2025
U007178,Eric Foster,washingtonamanda@example.com,Male,New Stephen,2/26/2024
U007179,John Gilbert,hawkinsronnie@example.org,Male,New Richard,5/6/2024
U007180,Michael Williams,joshuabrown@example.net,Other,Lake Erikaport,2/20/2024
U007181,Colin Castillo,ortegachristina@example.org,Female,South Thomas,11/2/2025
U007182,Jay Gray,greenlori@example.com,Other,North Donna,7/30/2025
U007183,Rodney Powell,tristan86@example.org,Other,Hollyview,10/8/2025
U007184,Jacqueline Jones,davidmunoz@example.org,Male,Johnmouth,6/19/2024
U007185,James Gordon,lucasdeborah@example.org,Male,East Cameron,6/20/2024
U007186,Dominic Brooks,glennwhite@example.org,Male,Cynthiafort,10/5/2024
U007187,James Sanchez,russellnicole@example.org,Other,Deborahberg,7/20/2024
U007188,Joshua Mcmillan,taylordaniel@example.org,Female,East Edwin,12/14/2024
U007189,Andrew Clark,laurahart@example.com,Female,Vincentton,10/16/2024
U007190,Sheila Bullock,kristy12@example.net,Female,Powellbury,9/22/2024
U007191,Zachary Johnson,lauriesmith@example.com,Female,Richardsport,8/7/2025
U007192,James Stewart,vwells@example.org,Other,Pamelabury,10/3/2025
U007193,Stephen Allen,brooke40@example.net,Male,Wendybury,8/11/2025
U007194,Lisa Kent,erin33@example.net,Male,Moniquefurt,11/13/2025
U007195,Alicia Roberts,mariobaker@example.net,Female,Lake Robertafort,1/28/2025
U007196,Adam Floyd,veronica67@example.net,Other,Robertsonburgh,10/28/2025
U007197,Stacey Kelly,daniel70@example.net,Female,North Allisonborough,9/29/2024
U007198,Randall Clements,laurenberg@example.net,Female,Smithmouth,10/15/2024
U007199,Michael Page,cookcolleen@example.com,Other,East Holly,8/18/2024
U007200,Charles Torres,franklindavid@example.net,Female,East Lauren,1/3/2025
U007201,Caleb Dawson,fieldstheresa@example.net,Male,New Angelton,6/12/2025
U007202,Jessica Quinn,barnesstephanie@example.net,Other,Lake Julieville,3/30/2025
U007203,Jessica Graves,michael97@example.org,Female,Leeview,1/24/2024
U007204,Robert Combs,kellybutler@example.org,Male,Savannahview,9/1/2024
U007205,Victor Hernandez,bradley16@example.org,Other,East Ronnieport,9/1/2024
U007206,Samuel Ellis,hhamilton@example.net,Female,North David,4/6/2025
U007207,Richard Gonzales,michael57@example.net,Female,Jenniferville,7/12/2025
U007208,Candace York,fwallace@example.org,Male,Martinstad,4/10/2025
U007209,Harold Haas,teresahansen@example.org,Other,New Thomasshire,5/18/2024
U007210,Donna May,xmorgan@example.org,Female,Waltersfort,5/17/2024
U007211,Corey Miller,abigail62@example.org,Male,Jonesborough,8/30/2024
U007212,Ashley King,jmccann@example.com,Male,Danaton,8/7/2025
U007213,Jorge Reed,aevans@example.net,Female,Lake Lisa,10/30/2024
U007214,Nicholas Ross,jennifersmith@example.com,Female,Parkermouth,8/9/2024
U007215,Allen Alvarez,martinezregina@example.com,Other,West Michaelton,9/10/2024
U007216,Timothy Chase,hermandavid@example.com,Male,New Taylor,7/8/2024
U007217,Tracy Wall,ryan29@example.com,Male,Jasonshire,6/11/2024
U007218,Bryan Edwards,natasha16@example.net,Other,Freemanview,3/23/2025
U007219,Christine Wilson,meghan60@example.org,Female,West Justinborough,12/25/2024
U007220,Amanda Roy,smithrobert@example.com,Other,Port Sandramouth,9/5/2024
U007221,Angel Leach,katherine53@example.org,Other,Lake Lisamouth,3/5/2025
U007222,Juan Ward,qhill@example.org,Other,East Amandabury,3/11/2025
U007223,Brian Yu,kristinefox@example.org,Other,New Tinastad,5/17/2024
U007224,Shawn Phillips,jessicasmith@example.org,Other,Chenmouth,6/11/2025
U007225,Gabriela Palmer,morrowashley@example.net,Male,Davidtown,7/1/2024
U007226,Michelle Phillips,qshaw@example.org,Female,Port Ann,9/19/2024
U007227,James Potter,laura22@example.org,Male,Jaimeside,8/26/2024
U007228,Alexandria Hall,stephaniegarcia@example.com,Other,South Marialand,7/15/2024
U007229,Jennifer Ortiz,jakesmith@example.net,Male,Susanville,2/16/2025
U007230,Grace Wallace,clarkteresa@example.net,Female,Carlchester,1/8/2025
U007231,Kelly Murray,amanda88@example.com,Female,Kellimouth,6/17/2024
U007232,Aaron Cordova,jasmineknapp@example.net,Other,Michaelborough,10/6/2024
U007233,Robin Lopez,james64@example.net,Female,South Ernestburgh,11/7/2024
U007234,David Bailey,andrew82@example.net,Female,New Christopherville,9/3/2024
U007235,Nicholas Booth,smithsandra@example.org,Other,South Jennifershire,2/8/2024
U007236,Ann Hawkins,aaron39@example.org,Male,Rhodesmouth,10/11/2025
U007237,Mary Abbott,mthompson@example.com,Male,East Jordanton,3/24/2025
U007238,Amy Anthony,elizabethjackson@example.com,Other,Santiagoshire,4/7/2025
U007239,Maria Clark,jroberts@example.com,Male,Vasquezhaven,7/13/2024
U007240,Kyle Schneider,hilljamie@example.org,Other,East Gary,5/31/2024
U007241,Nicole Jones,anacruz@example.net,Other,East Ray,5/27/2024
U007242,John Fisher,harperkeith@example.com,Other,West Tracymouth,10/22/2025
U007243,Brenda Grant,johnmorgan@example.org,Male,New Sarahview,9/22/2024
U007244,Kyle Clarke,evansalicia@example.com,Male,Gonzalezport,7/19/2024
U007245,Lisa Jordan,rodriguezmaria@example.com,Female,North Suzannechester,11/30/2024
U007246,Philip Green,bcox@example.org,Other,East Mitchell,11/7/2025
U007247,Kimberly Evans,ruizdaniel@example.com,Other,North Jennifer,5/10/2025
U007248,Kyle Rivera,leecraig@example.org,Other,Patriciashire,1/16/2024
U007249,Isabella Berry,cherylbrown@example.net,Male,South Seanstad,3/6/2025
U007250,William Frank,chelsea91@example.net,Female,New Brianna,8/31/2025
U007251,David Heath,losborn@example.com,Male,East Tarabury,4/7/2025
U007252,Tammy Fox,roberthenderson@example.org,Other,Wilsonton,6/27/2024
U007253,Robert Morgan,markjohnson@example.net,Other,Lake Victorfurt,2/15/2024
U007254,Megan Wolfe,andrew76@example.com,Male,East Kevinmouth,2/16/2024
U007255,William Foster,timothyevans@example.com,Female,Nicholasberg,1/15/2024
U007256,Michael May,stephen21@example.net,Male,Lake Amy,3/29/2025
U007257,Grace Hudson,joneswilliam@example.com,Other,Brownland,5/28/2024
U007258,David Webb,garciachris@example.com,Other,Port Jamesburgh,2/7/2025
U007259,Stephen Boone,sramos@example.org,Other,Port Brandonmouth,1/2/2025
U007260,Aaron Abbott,rsalazar@example.org,Male,Jonesview,9/19/2024
U007261,Christine Moon,richard10@example.org,Male,West Anita,1/26/2024
U007262,John Collins,jason93@example.org,Female,Collinsberg,2/9/2024
U007263,Ryan Mcpherson,millerjill@example.com,Male,East Paulmouth,4/8/2024
U007264,Alexa George,mariaoneill@example.net,Other,New Brian,3/31/2025
U007265,Christine Reyes,josejones@example.net,Male,New Trevor,8/30/2025
U007266,Christopher Murphy,markryan@example.org,Female,Elizabethland,5/28/2024
U007267,David Moore,amandaadkins@example.org,Female,West Michaelmouth,8/12/2025
U007268,Donna Morse,robin32@example.org,Female,West Bridget,1/30/2024
U007269,Lisa Carter,rhondahill@example.net,Female,Lake Chelsea,9/2/2024
U007270,Veronica Robertson,montoyamark@example.org,Female,Jessicaton,4/28/2024
U007271,Hailey Miller,wmartin@example.org,Other,Richardsstad,5/24/2025
U007272,Shelly Marshall,bryan34@example.net,Other,West Roger,3/9/2024
U007273,Brittany Jones,patricia09@example.com,Other,Davisview,8/31/2025
U007274,Robert Bauer,martineztodd@example.org,Female,Christophertown,9/8/2024
U007275,Jacob Johnson,gmarsh@example.org,Male,South Leah,1/4/2024
U007276,Kristy Gallagher,xrodriguez@example.org,Male,Scottmouth,4/12/2025
U007277,Sherri Frost,tannerespinoza@example.com,Male,South Robintown,10/29/2024
U007278,Sara Murray,eric03@example.org,Male,Crystaltown,3/14/2025
U007279,Jeremy Carroll,cobbkaren@example.net,Male,Port Joseph,3/13/2024
U007280,Daniel Woodward,donglenn@example.org,Male,Charleston,6/10/2024
U007281,Pamela Smith,sara66@example.com,Other,West Randall,1/12/2025
U007282,Joseph Brown,turnermichael@example.net,Other,Smithside,3/5/2024
U007283,Lindsay Webb,jose07@example.com,Female,Gilbertport,2/9/2025
U007284,Christine Guerrero,oross@example.net,Other,South Anthonymouth,2/19/2025
U007285,Keith Steele,erin70@example.net,Other,West Davidstad,9/27/2024
U007286,Lisa Sanchez,kenneth67@example.net,Other,Jeffreyview,2/5/2024
U007287,Paul Strickland,deanna81@example.net,Male,Sanchezberg,7/27/2024
U007288,Katherine Clark,lucasmoyer@example.net,Other,Christopherville,3/13/2025
U007289,Steven Bullock,reyesrobert@example.net,Male,Glenntown,3/27/2024
U007290,Elizabeth Smith,dustinduarte@example.org,Male,Saundersfurt,8/20/2024
U007291,Phillip Stanton,nathangeorge@example.org,Other,Littleland,9/13/2024
U007292,Christy Irwin,fmcguire@example.org,Male,North Davidton,7/6/2025
U007293,Jennifer Johnson,marycook@example.net,Female,North Jillbury,1/7/2025
U007294,Andrew Stewart,logannelson@example.org,Male,North William,2/13/2024
U007295,Michael Shaffer,hjimenez@example.com,Other,East Michaelchester,3/14/2025
U007296,Thomas Romero,davishannah@example.net,Female,Osbornton,9/3/2025
U007297,Samuel Bond,georgemason@example.com,Male,Fischershire,4/13/2025
U007298,Joseph Velazquez,boydfrederick@example.org,Other,Millerhaven,8/22/2025
U007299,Dylan Casey,bennetttimothy@example.net,Other,Port Jasmin,3/26/2024
U007300,Katie Ruiz,loriparker@example.net,Female,Masonfurt,9/12/2025
U007301,Bradley Jackson,mdixon@example.org,Other,Lindahaven,12/12/2024
U007302,Scott Moore,david95@example.com,Other,Lake Michaelland,9/27/2024
U007303,George Hudson,zmassey@example.net,Female,West Todd,11/21/2024
U007304,Michael Bond,bakerrhonda@example.net,Male,North Joseph,6/25/2025
U007305,Brooke Wheeler,jeremy18@example.net,Female,North Monica,11/7/2025
U007306,Yolanda Wright,lisabarnett@example.net,Female,South Victorville,11/12/2025
U007307,Glenn Duffy,vhanson@example.com,Female,Grayfort,12/3/2024
U007308,Nicole Hayes,michelle24@example.net,Male,New Stephenstad,3/10/2024
U007309,Daniel Bauer,joshuaruiz@example.net,Male,Loriton,12/19/2024
U007310,Kenneth Roy,cynthia06@example.org,Male,North Tammie,11/6/2025
U007311,Diana Larson,john63@example.com,Male,Millerchester,10/7/2025
U007312,William Wells,kellyjohnson@example.net,Male,Angelabury,8/6/2024
U007313,Joseph Gonzalez,perezdonna@example.org,Female,West Carlhaven,1/6/2025
U007314,Paul Brown,stricklandalison@example.net,Male,South Christinechester,4/12/2024
U007315,Sharon Ross,ayalamatthew@example.com,Female,Racheltown,7/5/2024
U007316,Deborah Patel,kruegerbryan@example.net,Female,South Sheila,8/23/2024
U007317,Jacob Mckay,gilbertalan@example.com,Male,Andradeton,4/16/2025
U007318,Laura Martin,stephaniefitzgerald@example.com,Other,Lake Juan,2/2/2025
U007319,Matthew Walters,kim79@example.net,Other,Lindastad,10/1/2024
U007320,Donald Smith,benjamincolleen@example.com,Male,North Thomas,8/2/2025
U007321,Jose Becker,matthewrobinson@example.com,Male,Mcfarlandhaven,10/9/2024
U007322,Lisa Barker,ywilliams@example.com,Male,Skinnerfort,6/18/2025
U007323,Christopher Henderson,shernandez@example.net,Male,Jessicahaven,7/28/2024
U007324,Diana Hoover,timothy16@example.net,Female,South Tamara,7/28/2024
U007325,Erica Bennett,emilyfields@example.net,Other,Port Jonathanville,3/7/2024
U007326,Mark Johnson,reidmatthew@example.com,Female,North Juliantown,10/5/2025
U007327,Todd Lopez,stephenwillis@example.org,Other,Lake Georgechester,8/11/2025
U007328,Jeremy Gill,cherylmurphy@example.org,Female,South Anthonychester,4/23/2025
U007329,Chelsea Garner,lynn42@example.com,Female,West Karen,2/29/2024
U007330,Joel Smith,eric65@example.net,Male,Deniseview,8/19/2025
U007331,Adam Gay,anita28@example.org,Female,Lake Matthewport,10/18/2025
U007332,Beth Hatfield,alopez@example.net,Female,New Heather,8/9/2025
U007333,Timothy Sandoval,daniel88@example.org,Male,New Stephanie,11/23/2024
U007334,John Montoya,fritzgregory@example.com,Other,New Amy,2/7/2025
U007335,Brittany Richardson,brittney70@example.com,Other,Michelleport,10/12/2024
U007336,Amanda Atkins,johnluna@example.org,Female,South Arthurhaven,9/4/2024
U007337,Ashley Leach,tmcneil@example.org,Other,South Tyler,10/31/2025
U007338,Erik Gomez,cbennett@example.com,Female,North Maryville,4/12/2024
U007339,Daniel Kim,biancaweber@example.org,Female,Newtonborough,4/18/2025
U007340,William Jackson,pbuchanan@example.com,Other,New Mark,6/30/2024
U007341,Karl Lucas,rodriguezdanielle@example.com,Other,Wardmouth,4/28/2025
U007342,Amanda Ortiz,richardsonheather@example.com,Other,Colemouth,6/1/2024
U007343,Steven Jones,zadkins@example.org,Other,North Katherinetown,5/1/2024
U007344,John Keller,gnguyen@example.com,Other,New Philip,9/7/2025
U007345,Claudia Salinas,shumphrey@example.net,Other,South Robin,3/29/2024
U007346,Jennifer Williams,cathyturner@example.net,Other,Deannaside,11/5/2025
U007347,William Phillips,dsoto@example.net,Other,Port Melissa,5/5/2024
U007348,Angela Wilson,ideleon@example.org,Male,Craigside,1/22/2024
U007349,Aaron Lawson,gallison@example.com,Other,Amyshire,6/16/2024
U007350,John Hayes,sarahanderson@example.com,Male,West Tina,7/15/2024
U007351,Steven Martin,vmitchell@example.net,Female,Patrickborough,1/13/2025
U007352,Kimberly Shaw,qpaul@example.net,Female,Port Keith,8/8/2025
U007353,Brett Burnett,gomezanita@example.org,Male,Michaelborough,8/18/2025
U007354,Shannon Hall,franklinnicole@example.net,Male,Bartlettshire,8/8/2025
U007355,Heidi Mcdaniel,ronaldruiz@example.org,Other,Melanieland,4/28/2024
U007356,Amy Taylor,sarahhunter@example.org,Other,East Carlosborough,12/23/2024
U007357,Denise Robinson,jaredvelazquez@example.net,Female,Guerraview,10/20/2024
U007358,Erica Roberts,spearsstephanie@example.org,Other,Fishertown,11/1/2025
U007359,Mary Hess,cpatterson@example.net,Male,Robertsberg,10/22/2025
U007360,Robin Johnson,jenniferodonnell@example.org,Other,New Christine,6/5/2025
U007361,Daryl Romero,amoss@example.com,Female,Davidland,12/8/2024
U007362,Diana Bennett,michaelcole@example.net,Other,Randallfort,8/23/2025
U007363,Jennifer Peterson,shannon19@example.com,Other,West David,7/27/2024
U007364,Donald Flores,xvazquez@example.net,Male,Lake Kennethstad,7/8/2024
U007365,Megan Peterson,tonyawolf@example.net,Male,Lake Jeremyberg,5/27/2024
U007366,George Castillo,kim05@example.com,Female,Holtside,10/15/2024
U007367,Lori Hebert,frank18@example.net,Female,Fosterland,11/3/2024
U007368,Gabrielle George,cdudley@example.org,Female,Colemanstad,2/28/2024
U007369,Victoria Hopkins,piercemelanie@example.net,Female,Lorimouth,6/15/2024
U007370,Daniel Ramos,bakerricardo@example.net,Female,Lake Joe,2/27/2025
U007371,Michael Martinez,cristian93@example.com,Female,Hendersonbury,4/28/2025
U007372,Lisa Everett,amy08@example.org,Male,Lake Todd,2/3/2024
U007373,Melinda Horton,diazsandra@example.com,Female,Lake David,10/20/2025
U007374,Cameron Quinn,amy57@example.net,Female,Port Carrie,5/19/2025
U007375,Nancy Bass,gilmorejohn@example.org,Other,Travisfurt,6/21/2025
U007376,Raymond Kelley,vmiller@example.net,Male,North Danielmouth,2/2/2025
U007377,Audrey Ramos,bryantjames@example.org,Other,Jacobville,4/25/2024
U007378,Natalie Lee,arich@example.net,Other,North Dana,9/27/2025
U007379,Jennifer Huang,sperez@example.com,Male,Martinezfort,5/17/2025
U007380,Eric Wilson,dmadden@example.org,Female,Stantonmouth,11/22/2024
U007381,James Scott,shawn72@example.net,Other,New Maryborough,1/20/2025
U007382,Manuel Bailey,urodriguez@example.net,Female,Port Tyler,12/4/2024
U007383,Daniel Spencer,molinabrandon@example.org,Male,Johnsonbury,8/3/2024
U007384,Joshua Sullivan,vsanders@example.net,Other,West Tiffanyfort,9/28/2024
U007385,Felicia Porter,lance35@example.com,Other,Olsonton,4/28/2024
U007386,George Roth,henryamanda@example.net,Male,West Willie,3/22/2024
U007387,Ashley Ball,seth16@example.com,Male,Ashleyland,12/23/2024
U007388,Jonathan Smith,haroldgonzalez@example.org,Other,Cynthiashire,7/12/2024
U007389,Kathryn Morrow,rbaker@example.com,Other,West Kristenfurt,11/4/2025
U007390,Mark Shelton,lindaacevedo@example.com,Other,North Jonathan,8/7/2024
U007391,Linda Gonzalez,gary18@example.com,Male,West Aliciaton,10/25/2024
U007392,Andrew Vasquez,ibenitez@example.com,Female,New Yolandaside,1/8/2024
U007393,Maria Chen,johnsonbecky@example.com,Female,East Abigail,5/27/2024
U007394,Patricia Pittman,troy26@example.net,Female,Mooreside,4/14/2024
U007395,Tracy Kirby,shaun31@example.com,Female,Johnfurt,4/24/2024
U007396,Sean Townsend,walkerdarren@example.net,Male,Johnchester,6/4/2024
U007397,Ernest Richards,tanyajenkins@example.org,Male,Scottfort,1/1/2025
U007398,Tonya Smith,anthonyrichardson@example.com,Female,Christopherside,1/9/2025
U007399,Amy Everett,hsingleton@example.org,Other,Stewartside,2/10/2025
U007400,Rose Vega,boltonolivia@example.net,Other,Lake Christine,5/18/2025
U007401,David Sweeney,jasmine32@example.org,Male,Lake Robert,5/25/2025
U007402,Jennifer Park,wesleylawrence@example.com,Female,North Teresa,3/9/2024
U007403,Brittney Summers,bergabigail@example.org,Male,Davisborough,8/10/2025
U007404,Vanessa Hawkins,timothy01@example.com,Female,Kennedyshire,6/19/2024
U007405,Erik Reynolds,melissasmith@example.net,Female,Lamchester,10/11/2024
U007406,Brandon Harris,ncortez@example.net,Other,Hamiltonburgh,2/24/2025
U007407,Barbara Harris,carlos28@example.org,Other,Lake Scottfurt,1/28/2025
U007408,Karen Morgan,davidgrimes@example.net,Other,Troybury,11/28/2024
U007409,Brittany Baker,charlesjoshua@example.net,Male,West Corey,1/16/2024
U007410,Jason Morrow,robert20@example.com,Other,Port Deannatown,1/9/2025
U007411,Jenna Walker,judith27@example.org,Other,North Zachary,3/15/2024
U007412,Amanda Smith,douglasmichael@example.org,Male,Randallside,7/8/2025
U007413,Brittany Ortiz,andrewrussell@example.com,Male,Sanchezview,10/17/2025
U007414,Amanda Baker,frank59@example.net,Male,Lake Tara,6/12/2024
U007415,Derek Atkinson,jonesphillip@example.com,Other,Oliviastad,2/12/2024
U007416,Jose Alexander,johncampbell@example.net,Female,Longchester,2/17/2024
U007417,Christy Sandoval,cynthia50@example.org,Other,West Andrew,7/12/2024
U007418,Kimberly Williams,floresdennis@example.com,Female,Benjaminfurt,9/18/2024
U007419,Benjamin Petersen,nancy85@example.com,Male,Port Sabrina,1/23/2024
U007420,Danielle Mccullough,lisathompson@example.net,Other,New Jordanmouth,4/21/2025
U007421,Rachel Young,jeffery39@example.net,Other,Jonesbury,4/18/2025
U007422,Virginia Graham,sarahwallace@example.net,Female,Brewerton,10/10/2024
U007423,Christina Kirby,zunigadanielle@example.net,Other,Langland,9/28/2024
U007424,Patrick Richards,josephmiller@example.com,Other,Patrickburgh,10/8/2024
U007425,Teresa Cochran,austinbowman@example.com,Other,Gregorymouth,6/29/2024
U007426,Stephen Santiago,scottcooper@example.com,Male,Angelachester,3/22/2024
U007427,Julie Rodriguez,robertrandolph@example.net,Female,Port Nicholas,7/18/2025
U007428,Leroy Dorsey,andradewilliam@example.com,Other,North Michellestad,11/2/2025
U007429,Allison Noble,glennralph@example.org,Female,Rhondabury,3/14/2024
U007430,Cesar Booth,haleygeorge@example.org,Male,East Annaland,6/28/2024
U007431,Crystal Berry,eduardorose@example.net,Male,South Aaron,10/8/2024
U007432,Jessica Savage,sarahsanchez@example.org,Female,East Elizabeth,9/29/2025
U007433,Mary Hernandez,georgeneal@example.org,Other,East Josephton,2/5/2024
U007434,Devin Nelson,vhaley@example.net,Other,Williamsfurt,9/23/2024
U007435,Melissa Cohen,johnvazquez@example.net,Male,Lake Michelleburgh,7/2/2024
U007436,Michelle Thompson,mwillis@example.net,Male,Port Kristinaview,2/8/2025
U007437,Brandon Booker,allenfields@example.org,Male,Griffithberg,9/5/2025
U007438,Frederick Frazier,vmartin@example.com,Male,New Alicia,11/8/2024
U007439,Tracy Stewart,eadams@example.net,Other,South Amy,4/22/2025
U007440,Barry Hickman,robert32@example.net,Male,South Kristinemouth,5/30/2025
U007441,Tamara Perez,vanessastone@example.net,Female,South Charlotte,10/16/2025
U007442,Shelby Mata,joseph32@example.org,Female,Jamesland,9/24/2024
U007443,Mary White,everettkatie@example.net,Female,New Elizabethborough,10/12/2024
U007444,James Bush,christina52@example.org,Other,Michaelberg,4/13/2025
U007445,Diana Brown,robertvasquez@example.net,Female,Lake Shannonfurt,7/10/2024
U007446,John Chen,omiles@example.net,Female,Kellyton,5/10/2025
U007447,Tonya Jackson,alanmoore@example.net,Other,Carrilloside,1/17/2024
U007448,Laura Richards,moorejoann@example.org,Male,Tracyburgh,11/5/2025
U007449,Cynthia Townsend,aprilwhite@example.org,Male,North Ellenborough,11/26/2024
U007450,Mckenzie Rodriguez,williamsstephanie@example.net,Male,North Kendra,2/5/2025
U007451,James Chung,vhunt@example.org,Male,Danielhaven,9/21/2025
U007452,Ethan Richardson,lindseymonique@example.com,Male,Lake Juan,2/1/2025
U007453,Michael Lowe,micheal38@example.com,Other,New Timothyshire,4/5/2024
U007454,Elizabeth Moore,samanthagarner@example.org,Female,Anaborough,3/2/2024
U007455,Jeanne Perez,hortonsavannah@example.com,Male,Larryfurt,10/8/2025
U007456,Joseph Hernandez,sandra66@example.org,Female,Toddview,5/26/2024
U007457,Eric Mosley,smithjulie@example.org,Female,North Sylviachester,12/15/2024
U007458,Carrie Acosta,cstevens@example.com,Female,North Ethan,3/14/2025
U007459,Susan Mora,sarajohnson@example.net,Other,West Josephburgh,3/15/2024
U007460,Kim Porter,kellysusan@example.org,Male,Port John,5/20/2024
U007461,Amy Palmer,christopher47@example.net,Other,New Jill,4/30/2024
U007462,Mark Marshall,higginsdonna@example.com,Female,Hernandezfort,1/28/2025
U007463,Kevin Conley,colemanjennifer@example.org,Male,Wilsonborough,9/21/2024
U007464,Douglas Young,elizabeth91@example.com,Male,Lake Kathy,8/7/2025
U007465,Jeremy Watkins,joseph05@example.net,Other,Josephfurt,8/6/2024
U007466,Donald Spencer,rubenroberson@example.org,Other,New Sarahport,6/10/2024
U007467,Thomas Sheppard,mmontes@example.net,Female,Cohenburgh,7/22/2024
U007468,Tyrone Carter,jamesklein@example.net,Female,Loriberg,12/22/2024
U007469,Laura Hunt,ashley62@example.com,Female,West Yolanda,8/7/2024
U007470,Angela Marks,muellerjeffrey@example.net,Female,Leahland,8/8/2024
U007471,James Lewis,carlcummings@example.com,Male,Rowlandland,10/31/2025
U007472,Jimmy Cochran,obrienjacob@example.net,Other,Andersonshire,11/3/2024
U007473,Kim Vance,evansshannon@example.com,Other,Kevinmouth,10/5/2025
U007474,Dominique Mclaughlin,weissashley@example.net,Male,Tashaville,9/21/2025
U007475,Aaron Wilson,washingtonelizabeth@example.org,Male,Kevinside,3/23/2024
U007476,Richard Newman,bob85@example.com,Other,North Brandonside,10/3/2025
U007477,Michelle Lee,wparks@example.com,Female,Davismouth,9/20/2025
U007478,Steven Davila,courtneygarcia@example.org,Other,Port Brendaberg,11/12/2024
U007479,Sherry Bryant,brownrobert@example.com,Other,Lowerytown,9/13/2025
U007480,Edwin Warner,jharvey@example.org,Other,Brandymouth,10/23/2024
U007481,Tammy Brown,stephanie99@example.org,Male,Gregoryview,10/20/2024
U007482,Heather Wade,garcialinda@example.org,Male,Jamesfurt,5/3/2024
U007483,Kim Gallagher,amartin@example.org,Male,North Anthony,6/24/2024
U007484,Kimberly Jackson,roseerik@example.com,Male,Port Mariafurt,4/6/2025
U007485,Stephanie Hunt,carlroberts@example.com,Male,Lake William,12/16/2024
U007486,Amber Pruitt,joshua21@example.net,Other,South Kathyfurt,12/4/2024
U007487,Douglas Rodriguez,david60@example.org,Female,North Adrian,4/11/2024
U007488,Jason Duncan,clairewilson@example.com,Male,West Charlene,5/7/2025
U007489,William Hampton,rodriguezdarin@example.com,Male,Russoland,4/23/2025
U007490,Jose Ramirez,jacquelinegonzalez@example.org,Male,West Robert,5/7/2024
U007491,Paula Terry,hayesfrank@example.net,Other,North Natasha,6/9/2024
U007492,Jennifer Morris,nicole09@example.org,Other,Jermainefurt,2/13/2025
U007493,Danielle Fernandez,lewisphilip@example.com,Other,Michelefurt,5/4/2025
U007494,James Luna,wrightemily@example.com,Female,Robertmouth,4/14/2025
U007495,Christopher Adams,jerrydonaldson@example.com,Female,Port Andrew,9/19/2024
U007496,Christopher Jackson,carriekelly@example.org,Male,Ashleyville,6/20/2024
U007497,Wendy Schneider,millerallison@example.org,Male,Samanthachester,6/1/2025
U007498,Tamara Foster,patriciamiranda@example.net,Male,Garnerchester,3/14/2025
U007499,Christopher Lee,zthomas@example.net,Female,West Michaeltown,4/7/2024
U007500,Juan Holmes,smithmelissa@example.com,Male,Larsonborough,8/17/2025
U007501,Shannon Mayer,brandonsweeney@example.com,Male,Shawberg,2/9/2024
U007502,Walter Page,orozcocarlos@example.org,Other,South Nicole,11/16/2024
U007503,Christopher Rich,kirkrobert@example.net,Female,Kevintown,1/21/2025
U007504,Penny Weiss,hendersonmatthew@example.com,Other,Port Dustinfort,9/10/2024
U007505,Jared Holden,william80@example.org,Other,South Lauren,8/30/2024
U007506,Kyle Elliott,ygreen@example.org,Other,West Gregoryview,7/14/2025
U007507,Lori Herrera,phillipsstephen@example.com,Other,East Annette,5/20/2025
U007508,Michelle Lyons,kathleen07@example.net,Other,North Theodore,4/16/2024
U007509,Brooke Walsh,claudia53@example.org,Other,Josephbury,10/19/2024
U007510,Christopher Oneal,devans@example.com,Other,Port Deanna,6/10/2025
U007511,Christine Williams,humphreyclaudia@example.com,Male,South Nicholebury,2/27/2025
U007512,Tony Nguyen,waterskimberly@example.org,Female,Lake Jason,1/23/2025
U007513,Robert Palmer,elizabethmills@example.com,Other,Port Jonathanfurt,3/2/2024
U007514,Michelle Bennett,ehall@example.net,Other,North Brandihaven,2/27/2025
U007515,Pamela Young,katrinastone@example.net,Female,Davidland,4/23/2025
U007516,Heather Ramirez,rjohnson@example.org,Male,Camposfort,2/23/2025
U007517,Michael Mueller,xwalsh@example.net,Male,Gordonchester,8/1/2024
U007518,Kenneth Burns,normanbrian@example.net,Female,New Krystal,1/10/2025
U007519,Barbara Powers,lrandolph@example.org,Female,New Jacob,12/30/2024
U007520,Tony Figueroa,paul96@example.org,Female,Stephaniefort,3/21/2024
U007521,Stephen Knight,peteradams@example.org,Female,Lake John,1/31/2025
U007522,David Estrada,crystal05@example.net,Male,Marktown,9/12/2024
U007523,Nicole Mitchell,loribarker@example.com,Female,Baileyside,7/30/2024
U007524,Nicole Mejia,andrew64@example.org,Other,New Amber,8/31/2025
U007525,William Browning,jasonjames@example.org,Male,North Jeffreyside,3/2/2024
U007526,Christina Alvarez,hoodnathan@example.com,Female,North Brianna,8/18/2024
U007527,Ricky Thomas,nicholskatie@example.com,Female,Lake Raymond,6/3/2025
U007528,Timothy Davis,david04@example.com,Male,West Phillipberg,10/3/2025
U007529,Deborah Brown,rmoore@example.net,Male,Ashleyview,8/1/2025
U007530,Crystal Robles,reeveschristine@example.net,Other,South Roger,8/10/2025
U007531,Katrina Keith,karlathornton@example.net,Female,Coleton,9/2/2025
U007532,Robert Ortiz,johnsonfrederick@example.net,Female,New Matthew,12/12/2024
U007533,Sherri Johnson,brittany35@example.net,Other,Jasonville,4/26/2025
U007534,Brian George,mlong@example.net,Female,South Jessica,11/20/2024
U007535,David Greene,bradleyabbott@example.com,Other,Halebury,6/8/2025
U007536,Travis Mcdonald,reedkevin@example.com,Male,Lake Lisa,10/2/2025
U007537,Kenneth Higgins,millerangela@example.org,Other,West Jamesshire,7/25/2024
U007538,Wanda Saunders,dgreen@example.org,Male,Michaelmouth,6/25/2024
U007539,Michael Edwards,spencermiller@example.org,Other,Sototown,4/23/2024
U007540,Tiffany Valdez,gellis@example.org,Male,New Allison,11/13/2024
U007541,Alison Patterson,xhebert@example.org,Male,New Timothy,4/29/2025
U007542,Dana Oliver,jenningswendy@example.org,Other,West Tanya,4/15/2025
U007543,Amanda Kelly,leecaitlin@example.net,Other,New Victor,1/17/2025
U007544,Angel White,bfoley@example.com,Other,North Jared,10/28/2025
U007545,Kim Watson,gregorybishop@example.net,Other,Sheltonville,8/30/2024
U007546,Steven Baker,wilsonkatherine@example.org,Male,South Samueltown,1/28/2024
U007547,Amy Pierce,baldwineric@example.org,Female,Tamaraville,5/10/2025
U007548,Andrea Phillips,rodrigueztina@example.com,Other,Anthonyborough,7/1/2024
U007549,Matthew Dodson,brownmorgan@example.org,Other,Leetown,5/14/2024
U007550,Nancy Cross,jhatfield@example.com,Other,Herreraborough,2/28/2025
U007551,Sean Henderson,rbrown@example.com,Other,Lake Renee,2/10/2024
U007552,Nathan Harrison,karen69@example.com,Female,South Lindsey,4/8/2025
U007553,Jeanne Munoz,parkershannon@example.net,Female,Angelaborough,4/15/2025
U007554,Jeffrey Williams,scottlong@example.org,Other,Port April,1/29/2024
U007555,Bruce Peters,erika10@example.com,Female,Leeland,8/2/2024
U007556,John West,johnmiller@example.net,Female,Lake Anthonyport,10/5/2025
U007557,Mary Ray,elaine30@example.org,Other,North Megan,9/24/2025
U007558,Mary Miller,tanyamason@example.org,Other,Port Matthewberg,6/1/2024
U007559,Kathy Bean,deborah72@example.com,Other,Port Cassandraside,6/11/2025
U007560,Kimberly Strong,gravestammy@example.org,Female,Annaside,5/1/2025
U007561,Kelly Evans,douglasellison@example.org,Male,Sethburgh,3/25/2025
U007562,Jason Jackson,ortizdaniel@example.org,Other,Laurenberg,3/28/2025
U007563,Michelle Luna,sherri52@example.com,Other,Palmermouth,7/31/2024
U007564,Lauren Williams,myersmaria@example.com,Female,Muellershire,10/4/2025
U007565,Courtney Dunn,nortonkevin@example.org,Other,Velazquezburgh,12/10/2024
U007566,Gregory Davis,smiller@example.org,Other,Lake Richardmouth,11/10/2025
U007567,Dawn Ho,bowersalexandra@example.org,Other,Port Michelleton,9/25/2025
U007568,Crystal Atkins,jacksonmisty@example.org,Female,Amberport,8/20/2025
U007569,Travis Hernandez,gburnett@example.com,Female,Port Deborah,6/21/2025
U007570,William Warner,matthewwilliams@example.org,Male,West Donna,1/25/2025
U007571,Jasmin Hoffman,lewisheather@example.org,Other,West Kristinmouth,5/16/2025
U007572,Andrew Munoz,michellebrown@example.com,Male,Lindseymouth,5/28/2025
U007573,Brittney Martin,rodriguezemily@example.com,Other,Manningchester,2/28/2025
U007574,Lisa Rodriguez,ashley43@example.com,Female,West Bryanbury,4/2/2025
U007575,Kelli Perry,guerrakevin@example.net,Male,Shawnmouth,7/11/2025
U007576,Jacqueline Cox,lesliemullins@example.net,Male,Martinezmouth,7/7/2025
U007577,Michael Diaz,juangarcia@example.net,Male,Dayland,9/6/2024
U007578,Alex Decker,geraldfrederick@example.net,Male,West Robert,8/9/2024
U007579,Shannon Richardson,angela54@example.com,Female,Shawnchester,4/24/2024
U007580,April Brooks,donna02@example.org,Other,New Jessicamouth,5/21/2024
U007581,Brooke Gray,krowe@example.net,Male,Grayshire,10/6/2025
U007582,Nichole Murphy,adamsrobert@example.org,Other,Wendybury,12/12/2024
U007583,Darin Sloan,jenniferduran@example.org,Male,Port Elizabethton,6/30/2025
U007584,Laura Sanchez,pmeza@example.net,Other,Robertsonshire,5/22/2025
U007585,Robert Sullivan,tammyhill@example.net,Female,Port Michaelbury,10/6/2024
U007586,Wendy Burnett,garycalhoun@example.net,Female,West Jamesfurt,9/9/2025
U007587,Levi Duncan,katherine64@example.net,Male,Jonathanfurt,1/23/2024
U007588,Jorge Taylor,baldwinalexis@example.com,Female,New Cherylton,5/29/2025
U007589,Jason Shields,georgeschroeder@example.net,Female,Port Matthewside,10/12/2025
U007590,Antonio Smith,joshua64@example.com,Other,New Barbara,11/11/2024
U007591,Donald Parker,dodsonjessica@example.net,Other,Duncanmouth,1/31/2025
U007592,Stephanie Robinson,cooktammy@example.com,Male,South Johnhaven,3/9/2025
U007593,Ernest Larsen,benjamin06@example.net,Male,North Matthew,2/15/2025
U007594,Angel Pruitt,samantha67@example.net,Other,Katrinaville,2/21/2025
U007595,Lisa Mendez,harriscrystal@example.org,Male,New Jimmy,6/13/2025
U007596,Danielle Poole,parsonsjacqueline@example.net,Other,Port Derekmouth,9/1/2024
U007597,Brenda Mitchell,natalie18@example.org,Female,West Daniel,1/16/2024
U007598,Caitlin Graham,tbradley@example.net,Female,Jasonland,5/6/2024
U007599,Victor Harrison,ysavage@example.com,Male,East Markhaven,2/9/2024
U007600,Melanie Wells,harrisonjohn@example.org,Female,Ryanmouth,3/1/2025
U007601,Natalie Snyder,brownmaxwell@example.org,Female,Bryanside,5/2/2025
U007602,Lauren Jones,nathan56@example.com,Other,Padillaside,7/2/2025
U007603,Donna Smith,sandra11@example.com,Other,Carlsonland,10/26/2024
U007604,Michael Roberts,duane42@example.com,Female,Stanleyshire,2/29/2024
U007605,Ashley Nolan,nblack@example.net,Male,North Valerieside,6/23/2025
U007606,Linda Wilson,greenkathryn@example.com,Male,Nelsonton,4/29/2024
U007607,Ariel Hutchinson,cody31@example.org,Other,West Michaelfort,7/17/2024
U007608,Amanda Smith,nromero@example.org,Female,Port John,2/7/2024
U007609,Alexander Roberson,samantha20@example.org,Female,North Edward,8/24/2024
U007610,Victoria Gonzalez,debranelson@example.org,Female,Shannonbury,7/17/2025
U007611,Kathy Green,todd78@example.org,Other,Port Daniel,8/8/2025
U007612,Debra Bryan,xhall@example.org,Other,Dianeport,9/23/2024
U007613,Norman Chambers,tbrown@example.com,Other,Adamsland,11/2/2025
U007614,Jason Simon,jmay@example.org,Male,Alisonport,4/10/2024
U007615,Matthew Parks,ccarlson@example.org,Male,Meganbury,2/9/2025
U007616,Danielle Ruiz,richardhamilton@example.org,Male,North Scotthaven,4/11/2024
U007617,Lori Davis,mendezclaire@example.com,Female,Lake Jill,3/7/2025
U007618,Amanda Weber,oholloway@example.com,Female,Darrenchester,6/8/2024
U007619,Chris Brown,ureed@example.net,Other,East Zacharyburgh,8/1/2025
U007620,Eric Townsend,ghines@example.net,Female,Port Joshua,4/22/2024
U007621,Sara Hughes,riveratonya@example.net,Female,Amyberg,8/21/2025
U007622,Dustin Cardenas,emaldonado@example.net,Male,Port William,8/30/2025
U007623,Michael Morales,nancy94@example.net,Other,Hensonhaven,9/12/2024
U007624,Devin Carr,xferguson@example.com,Male,Barnesstad,12/29/2024
U007625,Jane Mclaughlin,hgarcia@example.com,Female,North Toniborough,6/22/2024
U007626,Casey Lopez,fishermichael@example.com,Male,East Richardmouth,10/9/2024
U007627,Gabrielle Rivera,patrick42@example.org,Other,East William,5/4/2024
U007628,Alyssa Clark,lisa14@example.org,Female,North Danielleshire,10/15/2025
U007629,Randy Russo,reginaldhuang@example.com,Other,West Johnton,6/20/2024
U007630,Jose Walker,carterjeffrey@example.org,Female,East Marioton,10/5/2025
U007631,Nathan Graves,fgraham@example.com,Female,East Michaelmouth,7/20/2024
U007632,Summer Cordova,ssummers@example.org,Female,Hernandezport,2/16/2024
U007633,Christopher Hayes,tracymccormick@example.org,Other,Medinaborough,11/19/2024
U007634,Jesus Brown,michael97@example.com,Male,East Michaelberg,7/9/2025
U007635,Adam Kerr,samanthawallace@example.com,Other,Lake Tracytown,4/28/2025
U007636,Lisa Ferguson,kimberly51@example.com,Female,Lake Brittany,1/24/2024
U007637,Jennifer Pierce,janetwilson@example.net,Other,Piercestad,1/8/2025
U007638,Micheal Byrd,bhartman@example.net,Other,Johnsonmouth,7/25/2024
U007639,Rachel Pruitt,williamsandrea@example.com,Other,Port Barbaramouth,9/28/2024
U007640,Gregory Peck,hubbardryan@example.org,Female,Jacksonside,12/7/2024
U007641,Michelle Martin,reedwilliam@example.com,Other,North David,9/8/2025
U007642,Joseph Holt,vickiarmstrong@example.org,Other,Kennethchester,8/4/2024
U007643,Eric Schroeder,mercedes24@example.com,Male,Reidshire,5/1/2025
U007644,Seth Tate,rachelcastaneda@example.org,Male,North Dawnton,11/16/2024
U007645,Michelle Horne,elizabethwalker@example.net,Other,South Joshuahaven,12/14/2024
U007646,Katie Brewer,cathyhall@example.org,Other,Lake Russellville,9/18/2025
U007647,Logan Diaz,myoung@example.com,Female,Jonesmouth,10/9/2025
U007648,Lacey Mcdonald,ochandler@example.com,Female,Youngport,11/9/2025
U007649,Micheal Woods,baileyolivia@example.net,Male,North Carmenmouth,10/14/2024
U007650,Kimberly Dixon,randyboyd@example.org,Male,Kayleemouth,1/8/2024
U007651,Dana Ramirez,diana52@example.com,Female,Mcintyrechester,6/10/2025
U007652,Rita Young,victoria32@example.org,Male,New James,1/23/2025
U007653,Maria Noble,lopeztroy@example.org,Female,Port Anthony,7/23/2025
U007654,Keith Day,hilljay@example.com,Female,Phillipburgh,7/26/2024
U007655,Vincent Hardy,vincentsnyder@example.com,Other,West Kerri,7/15/2025
U007656,Taylor Jackson,bakersamantha@example.net,Other,Justinfort,5/15/2024
U007657,Renee Thomas,matthewrichardson@example.net,Male,Laurenport,11/11/2025
U007658,Julie Yu,barbara55@example.net,Other,Hamiltonshire,1/17/2025
U007659,Daniel Young,smithlauren@example.net,Other,Davischester,6/20/2024
U007660,Matthew Franklin,longjason@example.org,Female,Lake Melissa,4/10/2024
U007661,Leah Hill,lnunez@example.com,Male,Khanfurt,5/24/2025
U007662,Tammie Morales,jsimmons@example.com,Other,Christopherbury,4/4/2025
U007663,Bonnie Rodriguez,stevenperez@example.net,Male,Makaylaport,5/14/2025
U007664,Kenneth Tate,haley26@example.com,Female,Bonniemouth,11/8/2025
U007665,Sarah Richardson,joseph41@example.com,Other,Parkerville,6/1/2024
U007666,Alexander Taylor,carlos85@example.net,Female,Pacehaven,8/21/2024
U007667,Norman Stewart,calderonheather@example.net,Other,West Caitlinhaven,2/28/2024
U007668,Cassie Wilson,steven80@example.org,Male,Jessicachester,10/28/2024
U007669,Tamara Williams,hancockeric@example.com,Female,East Jonathan,10/3/2025
U007670,Laura Waters,kylewaters@example.com,Female,Rebeccamouth,1/11/2024
U007671,Kenneth Morris,williambrown@example.com,Male,West Richardport,10/30/2025
U007672,Jim Burns,linda20@example.com,Female,North Cody,2/24/2025
U007673,Donald Perry,kaitlynsnyder@example.net,Male,Vazquezburgh,2/9/2024
U007674,Shelby Torres,william57@example.com,Female,West Andremouth,10/28/2025
U007675,Caitlin Lam,mward@example.net,Female,Port Ashley,11/17/2024
U007676,Amanda Townsend,howellbilly@example.com,Female,Robertstad,11/5/2025
U007677,Beverly Miller,michaelwilliams@example.net,Male,North Scott,9/20/2025
U007678,Derrick Hoover,john26@example.org,Other,Port Joshua,7/10/2025
U007679,David Webb,karengordon@example.net,Female,Mooremouth,3/27/2024
U007680,Jennifer Vazquez,amber07@example.org,Male,East Sherryport,6/28/2024
U007681,Greg Nguyen,julie44@example.net,Male,West Vincentville,4/5/2024
U007682,Madison Guerrero,ganderson@example.net,Female,East Aaronville,10/18/2025
U007683,Jonathan Thomas,william86@example.net,Male,West Carlafurt,9/1/2025
U007684,Dawn Edwards,stephaniejohnson@example.org,Male,Matthewfurt,1/1/2024
U007685,Donald Waters,tracyanderson@example.com,Male,East Nathanielberg,2/28/2024
U007686,Beverly Beasley,kingian@example.org,Female,Port Alexander,6/8/2025
U007687,Brandon Caldwell,tina52@example.com,Other,Benjamintown,3/20/2024
U007688,Jason Barnett,wisejessica@example.net,Male,West Julie,5/25/2025
U007689,Stephanie Campbell,scott97@example.net,Female,South Holly,12/3/2024
U007690,Betty Jones,spearson@example.net,Other,South Heatherview,4/1/2025
U007691,Phillip Burton,ryanwalker@example.net,Male,New Amymouth,9/23/2024
U007692,Darlene Hampton,jdaniels@example.com,Male,Aprilport,12/10/2024
U007693,Lucas Long,sharonsimmons@example.com,Female,Loganport,12/12/2024
U007694,Katherine Rivera,anthony54@example.org,Female,Hatfieldborough,4/18/2025
U007695,David Baker,caldwellkayla@example.com,Other,Lake John,6/12/2025
U007696,Michelle Moore,mcintoshmartin@example.com,Other,East Toddport,12/20/2024
U007697,Clarence Galvan,johnmoore@example.org,Female,Allisonburgh,9/13/2025
U007698,Julie Lynch,brewerdeborah@example.com,Female,Davisbury,1/21/2024
U007699,Stuart Forbes,colleen85@example.org,Male,Gabriellaberg,9/16/2024
U007700,Leonard Palmer,rodriguezjudy@example.org,Male,Fitzgeraldfurt,2/20/2025
U007701,Miguel Hudson,kmorris@example.org,Other,South Sandraside,12/16/2024
U007702,Alex Mason,floresanna@example.org,Other,Port Johnfurt,7/27/2025
U007703,Jennifer Bennett,martinchristopher@example.net,Male,Port Sharon,8/1/2024
U007704,Brian Mcdonald,joshuagarcia@example.com,Male,Caldwellstad,6/2/2025
U007705,David Lamb,brandy06@example.net,Other,Port Williamborough,4/7/2025
U007706,Dylan Oliver,nathaniellee@example.net,Male,Tonyaland,12/13/2024
U007707,Rebecca Palmer,rthomas@example.org,Female,East Laura,4/13/2025
U007708,Ryan Jones,hrollins@example.org,Female,Brittanyfurt,11/14/2024
U007709,Lauren Sims,rebecca17@example.net,Other,New Angelamouth,3/18/2025
U007710,Joel Martinez,padams@example.org,Other,South Jesse,12/3/2024
U007711,Rhonda Cortez,jennifer74@example.org,Male,New Sheena,5/28/2024
U007712,Andrew Guerrero,thomashenson@example.org,Male,Jonathonmouth,1/15/2025
U007713,Sherry Alvarez,ashleytrevor@example.com,Female,North Sharon,6/19/2025
U007714,Jessica Maldonado,ibarber@example.com,Male,Port Paul,3/6/2025
U007715,Michele Harris,sarahwatson@example.com,Other,South Robert,1/7/2024
U007716,Christine Henry,susanosborne@example.net,Other,Jamesberg,8/5/2024
U007717,Matthew Bailey,jasondavila@example.net,Male,North Matthew,2/18/2024
U007718,Eileen Miller,kellychristopher@example.net,Female,Bobbyfort,4/28/2025
U007719,Ashley Buchanan,williamgarcia@example.net,Female,New Heathermouth,10/20/2025
U007720,Zachary Hansen,williamsbrandon@example.net,Male,North Juliebury,1/6/2024
U007721,Anthony Ross,anna61@example.org,Male,Perkinstown,3/28/2024
U007722,Kylie Shaw,smunoz@example.com,Other,Laurachester,11/4/2024
U007723,Catherine Fowler,williamsjason@example.net,Other,South Bianca,2/18/2025
U007724,Kaitlyn Craig,nelsonmercedes@example.org,Other,South Traceyland,7/22/2025
U007725,Rhonda Willis,markschwartz@example.net,Female,North Gregory,8/25/2025
U007726,Stacy Moody,tylermelissa@example.net,Male,Morenoton,8/18/2025
U007727,Kayla Rodriguez,jeffrey11@example.org,Other,Tuckerstad,8/12/2024
U007728,Derrick Jones,uedwards@example.org,Female,Kathleenport,8/28/2025
U007729,Gary Sanchez,elizabeth75@example.com,Other,Catherineberg,4/11/2025
U007730,Harry Mcguire,isaiah91@example.com,Male,Melissafurt,3/10/2025
U007731,Christina Decker,destiny85@example.com,Female,Hooperside,3/19/2024
U007732,John Smith,lwilson@example.com,Male,West Henry,10/3/2025
U007733,Zachary Miller,mary07@example.org,Male,Schmidtberg,3/29/2024
U007734,Dustin Wolf,rrodriguez@example.com,Female,Maddenborough,10/18/2025
U007735,Christopher Edwards,wbrown@example.com,Female,Port Dakotabury,10/24/2025
U007736,Michelle Thomas,zflowers@example.com,Other,Lake Williamview,7/17/2025
U007737,Joshua Ramirez,jenniferperez@example.com,Female,North Blake,6/9/2025
U007738,Christopher Hickman,david97@example.net,Female,Wellsport,8/14/2024
U007739,John Perez,taraharris@example.com,Other,Bryanland,4/5/2024
U007740,Crystal Hill,alexander55@example.org,Male,Mccallberg,8/25/2025
U007741,Taylor Sloan,chloesullivan@example.net,Female,Chapmanview,5/25/2025
U007742,Robert Murray,randy87@example.net,Male,North Thomas,1/28/2025
U007743,Melissa Luna,tiffanyjimenez@example.com,Male,West Kristenfurt,3/27/2025
U007744,Erica Ware,umiller@example.org,Female,East Tommyborough,7/7/2024
U007745,Tony Lutz,maddensuzanne@example.com,Male,Jeremiahberg,4/9/2025
U007746,Amber Stevens,anne67@example.org,Male,Elizabethmouth,3/23/2024
U007747,Deanna Mendoza,whitney16@example.net,Other,Stevenmouth,8/16/2025
U007748,Andrew Richmond,riverajessica@example.com,Other,Vickistad,5/19/2025
U007749,Roy Bates,anitawhite@example.com,Other,Lake Amy,11/6/2024
U007750,Samuel Shaw,victoriawright@example.com,Male,Port Joshua,2/10/2024
U007751,David Valenzuela,jenniferbarnes@example.net,Male,Steelefort,5/2/2024
U007752,Mark Gillespie,kwilliams@example.net,Other,Port Kimberly,5/29/2024
U007753,Michael Brooks,kevinallen@example.net,Female,Port Nicoleville,7/11/2024
U007754,Emily Montgomery,charles79@example.org,Other,South Charlesport,2/11/2025
U007755,Brenda Knight,brian36@example.org,Female,South Emily,7/13/2025
U007756,Robert Martin,sperez@example.net,Female,South Waynemouth,10/29/2024
U007757,John Diaz,lisajones@example.com,Male,West Amanda,1/24/2025
U007758,Jennifer Nguyen,robert39@example.net,Other,Parksborough,8/14/2024
U007759,Scott Smith,campbellrobert@example.org,Female,Erinberg,1/3/2024
U007760,Robert Garcia,lisawashington@example.org,Other,West Eugenefurt,4/23/2025
U007761,Anthony Griffith,harveychristian@example.com,Male,South Ryanbury,7/2/2024
U007762,Wendy Lynch,grimeskristin@example.org,Male,West Jessicashire,8/5/2024
U007763,Lawrence Ferguson,mburns@example.net,Male,East Carolyn,2/28/2024
U007764,Stanley Combs,christina83@example.com,Female,Jeffersonbury,2/4/2025
U007765,Thomas Lewis,yatesbrenda@example.org,Other,Petersonberg,5/6/2024
U007766,Ronald Pham,qbailey@example.org,Female,Adamsmouth,8/4/2024
U007767,Erin Morse,igross@example.com,Other,Davidmouth,9/24/2025
U007768,Madeline Flowers,perryjoseph@example.net,Female,Ashleyburgh,3/2/2024
U007769,Nicholas Mora,heather45@example.net,Male,West Heathermouth,8/7/2025
U007770,Kimberly Beltran,anna04@example.net,Male,Janetland,9/6/2024
U007771,Daniel Smith,tranjessica@example.com,Male,South Ashley,4/30/2025
U007772,Patricia Floyd,fdavis@example.org,Female,Port Nicholas,1/12/2024
U007773,Ronald Chapman,banksjames@example.com,Other,East Bethanyfort,4/18/2025
U007774,Janice Hampton,karengarrett@example.com,Male,Williamsstad,5/20/2025
U007775,Annette Robles,dsimpson@example.org,Male,New Richard,3/6/2024
U007776,Cody Mcguire,fallen@example.net,Female,Brandonview,6/20/2024
U007777,Thomas Castro,michael61@example.org,Male,Port Theresa,9/5/2025
U007778,Abigail Peters,wdennis@example.org,Male,Fowlerport,2/3/2024
U007779,Benjamin Collins,patelsean@example.com,Female,Ashleychester,8/27/2025
U007780,Timothy Lee,patricktimothy@example.com,Female,Matthewsborough,3/30/2025
U007781,Douglas Smith,johnsonbenjamin@example.net,Male,Elizabethfurt,8/24/2025
U007782,Ronnie Smith,yrogers@example.com,Other,Jenniferburgh,8/17/2024
U007783,Jason Kim,shaney@example.net,Other,Jamesport,4/28/2024
U007784,Brenda Simmons,ericgarcia@example.com,Other,New Jacqueline,10/30/2024
U007785,Molly Miller,gsims@example.net,Other,Lisaside,9/3/2024
U007786,Daniel Dixon,zadams@example.net,Other,Lake Brittanyland,5/18/2025
U007787,Nathan Parker,kennethharris@example.org,Other,West Matthew,4/25/2025
U007788,Justin Smith,james89@example.com,Female,Lake Kaitlin,4/19/2025
U007789,Robert Phillips,cookgina@example.org,Other,Wilsonton,8/13/2025
U007790,Michael Steele,bmartinez@example.net,Female,East Donnahaven,10/25/2024
U007791,Luke Snyder,jennifercollins@example.org,Female,Elliottborough,11/23/2024
U007792,Rebecca Jones,marshallmichelle@example.net,Female,East Chris,8/21/2025
U007793,Tanya Wallace,nicholasjones@example.org,Male,North Brandonville,6/18/2024
U007794,Cathy Moyer,boydhayley@example.com,Other,Christinetown,2/14/2025
U007795,Jonathan Wallace,stephen73@example.com,Other,Danielport,5/29/2024
U007796,Gregory Hughes,roger20@example.net,Other,Yvetteport,2/11/2024
U007797,Philip Mack,hernandezwilliam@example.org,Male,Jamesfort,4/27/2025
U007798,Susan Jones,crystalbrewer@example.net,Female,Pamelafort,8/9/2025
U007799,John Waller,rmartin@example.org,Other,Vincentfurt,8/2/2024
U007800,Lisa Garcia,briancampbell@example.org,Male,Port Caitlin,6/23/2025
U007801,Mark Oconnell,gregorymclean@example.com,Male,Michaelchester,7/19/2025
U007802,Sylvia Grant,fwilkerson@example.com,Other,Lynnfort,8/6/2025
U007803,Adam Newton,mortonmichael@example.com,Female,Silvamouth,11/13/2025
U007804,Derek Miller,bradforddaniel@example.org,Male,Marieview,5/16/2024
U007805,Stephanie Peters,ibarajas@example.net,Female,South Brianmouth,3/25/2025
U007806,Andrew Hoffman,christinereilly@example.org,Female,New Dustin,12/2/2024
U007807,Tammy Taylor,sarah34@example.net,Other,Nancymouth,3/10/2025
U007808,Teresa Knight,nicolemartin@example.com,Other,South Shawnland,4/30/2025
U007809,Brad Torres,odominguez@example.org,Other,East Randallfort,12/18/2024
U007810,David Roberts,njohnson@example.com,Female,Kimberlystad,9/8/2025
U007811,Jennifer Fritz,bbeck@example.net,Female,North Kaitlyn,11/20/2024
U007812,Jason Garcia,christinamccormick@example.org,Male,Lake Jeremy,3/23/2024
U007813,Travis Wade,colonblake@example.com,Male,Port Ronnieville,7/24/2024
U007814,Nicholas Sullivan,upatel@example.com,Male,Port Bryanshire,9/3/2024
U007815,Nicole Charles,qrowe@example.net,Other,New Brandon,3/7/2025
U007816,Alex Ward,davidortiz@example.com,Female,North Michael,7/8/2024
U007817,Michael Watkins,davidcantu@example.com,Female,New Kimberlyview,4/13/2024
U007818,Elizabeth Herrera,terri83@example.org,Female,Smithfurt,7/31/2024
U007819,Donna Webster,lopezalan@example.com,Male,Jacksonfurt,6/3/2025
U007820,Caitlin Wagner,brian45@example.org,Other,Lake Alyssa,5/17/2025
U007821,Kevin Weaver,taylormark@example.com,Other,Williamborough,7/18/2025
U007822,Thomas Reed,herrerarobert@example.com,Female,South Geoffreyside,2/16/2025
U007823,Mike Davis,denise39@example.com,Female,Jamesstad,8/8/2024
U007824,Margaret Warren,gary46@example.org,Female,Lake Christopherstad,4/25/2024
U007825,Jennifer Fitzgerald,jack34@example.org,Female,East Kevin,8/25/2024
U007826,Renee Romero,nicholaswilson@example.com,Male,Morrisview,10/10/2024
U007827,Kari Novak,michaelreyes@example.net,Male,Leefurt,9/1/2024
U007828,Jose Mendoza,usandoval@example.net,Female,Taylortown,7/6/2025
U007829,Tamara Wheeler,jacksonbrendan@example.org,Male,Pamelafurt,11/26/2024
U007830,Timothy Thompson,thammond@example.net,Female,Johnsonland,9/14/2024
U007831,Edward Orr,dbutler@example.org,Female,Robinsonberg,11/5/2025
U007832,Thomas Henry,monicajohnson@example.org,Female,Jonesstad,5/27/2024
U007833,Nancy Kerr,ryanwilliams@example.net,Male,Dorseyborough,3/1/2024
U007834,John Brooks,timothyevans@example.org,Female,Williamsburgh,6/19/2025
U007835,Daniel Hernandez,makayla16@example.net,Female,Veronicamouth,3/10/2024
U007836,Ricky Meyer,jonathangreene@example.org,Other,Lake Christopher,2/27/2025
U007837,Jorge Ryan,felicia74@example.org,Other,Douglastown,10/29/2025
U007838,Cole Evans,terri88@example.org,Male,Millerfort,6/16/2025
U007839,John Allen,nbowers@example.com,Other,Rodriguezborough,7/27/2024
U007840,Juan Salazar,patrick47@example.org,Male,Michaelchester,9/11/2025
U007841,Jennifer Mathews,lee05@example.net,Female,East James,8/4/2024
U007842,Jill Flores,lstrong@example.org,Other,Lake Crystal,11/7/2025
U007843,Robert Spence,curtiscervantes@example.org,Male,New Matthew,9/24/2025
U007844,Lisa Lee,christina70@example.com,Female,Millerland,6/12/2024
U007845,Michelle Leon,fwhite@example.org,Other,New Taylorhaven,8/6/2024
U007846,Joan Salazar,davisdaniel@example.org,Other,Lake Krystal,2/16/2024
U007847,Jennifer Brown,travisramirez@example.com,Male,Gomezside,2/18/2025
U007848,Amanda Quinn,emilykelley@example.net,Female,West Kathleen,2/3/2025
U007849,Martin Conner,conniereynolds@example.org,Other,South Staceybury,8/5/2024
U007850,Brittney Matthews,shawn51@example.org,Female,Lake Teresa,5/21/2024
U007851,Troy May,alexa82@example.net,Female,Micheleton,7/17/2025
U007852,Michele Smith,pdavis@example.org,Other,Lake Courtneychester,4/21/2025
U007853,Beverly Mills,welchthomas@example.net,Female,Nixonview,5/31/2024
U007854,James Thompson,jacobwade@example.com,Male,Franciscoborough,7/15/2024
U007855,Cassandra Davis,collinskathryn@example.net,Other,South Anneview,4/11/2024
U007856,Susan Rich,chrisbates@example.com,Male,Farmerville,1/26/2024
U007857,Catherine Navarro,howardchapman@example.org,Other,West Lisa,5/19/2025
U007858,Cody Burke,chavezlouis@example.net,Male,Lisabury,2/14/2025
U007859,Xavier Wood,jonesjeremy@example.org,Female,North Saramouth,5/28/2024
U007860,Brenda Greene,rodriguezlauren@example.com,Female,West Katherine,1/12/2025
U007861,Susan King,carlos56@example.org,Male,West Michelle,3/13/2025
U007862,Nicholas Hart,glee@example.com,Female,Ryanchester,7/18/2025
U007863,Mackenzie Elliott,harringtonvanessa@example.com,Male,West Kaitlinland,3/23/2024
U007864,Derrick Grimes,austinsharon@example.com,Other,Anthonyhaven,4/8/2024
U007865,Emily Gonzalez,wallacemichael@example.net,Other,Robertmouth,1/15/2025
U007866,Thomas Hayes,mtran@example.org,Female,Lake Jillhaven,9/1/2024
U007867,Shawn Harris,uhernandez@example.com,Female,South Geoffrey,5/23/2025
U007868,Keith Brown,wparsons@example.net,Other,West Chadside,2/7/2024
U007869,Dustin Hall,brian14@example.org,Female,South Dennishaven,6/6/2025
U007870,Michele Anderson,qtaylor@example.org,Other,East Victoria,9/14/2025
U007871,Linda Howell,meadowsdavid@example.org,Other,North Eric,6/24/2024
U007872,Elizabeth Villa,oproctor@example.org,Male,Melissaview,8/19/2024
U007873,Jonathan Brown,craig74@example.net,Male,Brownmouth,7/3/2024
U007874,Robin Smith,taylor25@example.org,Other,Kirkbury,6/23/2024
U007875,Ashley Hudson,lauragonzalez@example.net,Other,North Michael,2/5/2024
U007876,Gary Harrell,kimberlylewis@example.org,Male,North Williamville,9/12/2025
U007877,Karen Brooks,wfowler@example.com,Other,New Wyattmouth,11/3/2025
U007878,David Davis,walkerlaura@example.net,Other,Tomton,12/22/2024
U007879,Ian Lindsey,ngreen@example.org,Other,Lake Melissaton,7/29/2024
U007880,Haley Palmer,laurajensen@example.net,Female,Nicolebury,7/25/2025
U007881,Jeremiah Reed,pmay@example.com,Male,East Angelaside,9/18/2024
U007882,Scott Rios,nsmith@example.org,Other,Port Nicholas,8/19/2024
U007883,Rodney Cooper,bowerssamuel@example.org,Other,East Kara,6/17/2025
U007884,Kayla Williams,hamiltonsusan@example.org,Female,New Ricky,8/24/2025
U007885,Eric Mcguire,redwards@example.com,Female,East Tiffanyview,3/31/2024
U007886,Daniel Greene,zblake@example.org,Other,Whiteborough,2/28/2024
U007887,Laura Jones,elizabethdavis@example.net,Male,Williehaven,11/11/2025
U007888,Noah Combs,bjones@example.net,Female,Lake Brendaborough,6/30/2025
U007889,Katelyn Smith,ylewis@example.net,Male,Russellberg,3/22/2025
U007890,Anna Dominguez,egamble@example.com,Female,Port Anthony,1/13/2025
U007891,Rebecca Young,yreynolds@example.com,Female,Lake Amyfort,3/3/2024
U007892,Tracy Larson,oosborne@example.net,Male,North Jade,6/6/2024
U007893,Monica Le,snguyen@example.net,Other,Williamhaven,8/29/2025
U007894,Nicole Graves,michaelphillips@example.com,Male,East Amanda,8/20/2024
U007895,Misty Moyer,johnathangarcia@example.com,Other,New Jason,11/16/2024
U007896,Christina Howe,millerjennifer@example.net,Other,Lopezville,11/1/2025
U007897,Rebecca Burns,icampbell@example.com,Female,North Nicholas,3/6/2024
U007898,Steven Jackson,elijah18@example.org,Female,Rubioshire,2/19/2025
U007899,Emily Carpenter,brownvalerie@example.org,Female,New Rachel,3/18/2025
U007900,Cody Lindsey,paulachen@example.com,Other,Goodmanborough,3/9/2024
U007901,Ashley Perez,brenda27@example.net,Other,Brandonborough,2/10/2024
U007902,Catherine Waters,edwardclark@example.net,Male,South Hollyside,6/4/2024
U007903,Benjamin Brown,christopher63@example.net,Male,West David,6/27/2024
U007904,Aaron Franklin,maria20@example.net,Male,East Michelleborough,6/10/2024
U007905,James Landry,geoffreyberry@example.com,Male,New Dorothyburgh,3/23/2025
U007906,Jeffrey Wood,tmorgan@example.net,Other,Jacquelineport,7/17/2025
U007907,Elizabeth Bauer,lewisjames@example.com,Other,Louisville,10/7/2024
U007908,Timothy Sanchez,xvargas@example.com,Male,Cynthiaberg,3/11/2025
U007909,James Li,pbrown@example.org,Male,Lake Rodneyland,11/20/2024
U007910,Suzanne Gibson,nelsonjason@example.net,Other,Farmertown,4/15/2024
U007911,Angela Gonzalez,qmayer@example.org,Male,Parkerton,10/9/2025
U007912,Sheila Pierce,ijenkins@example.org,Female,Mcdanielville,2/23/2025
U007913,Justin Brown,oking@example.com,Other,Erinmouth,3/25/2025
U007914,Thomas Hicks,stacy25@example.org,Female,Lake Angiechester,7/6/2025
U007915,Wesley Webb,kjones@example.com,Female,Greenfort,8/20/2024
U007916,Shawn Huff,reyeselizabeth@example.com,Other,Williamsfurt,8/10/2025
U007917,Christina Ramsey,christopher40@example.org,Other,New Christine,8/9/2025
U007918,Edward Chavez,lauraacevedo@example.com,Female,East Angelaport,8/26/2025
U007919,Heather Cain,joseph11@example.net,Male,Saundersmouth,10/7/2024
U007920,Micheal Robinson,clarencebailey@example.org,Male,Danielleport,6/17/2025
U007921,Devin Obrien,ngonzales@example.org,Other,Marcport,9/18/2024
U007922,Robert Campos,brandy74@example.com,Female,Lake Angelafort,5/30/2024
U007923,Sarah Lucero,xweaver@example.org,Female,Maryville,5/23/2025
U007924,Todd Newton,patriciavang@example.com,Other,South Katherineborough,10/20/2024
U007925,Vanessa Parks,zthomas@example.com,Other,Trujilloside,8/18/2024
U007926,Brian Hull,ymarsh@example.com,Female,South Stephenton,10/4/2025
U007927,Andrew Perez,williamsoncassandra@example.org,Female,North Stephanieview,3/6/2025
U007928,Chris Wolf,justinphillips@example.com,Other,Port Anthonyton,8/4/2024
U007929,David Anderson,jmartin@example.com,Female,North Michael,6/4/2024
U007930,Robert Jennings,floresamanda@example.net,Male,Port James,9/1/2025
U007931,Raymond Carroll,erinmitchell@example.org,Other,Sarahmouth,2/9/2024
U007932,Margaret Thomas,hardingelizabeth@example.org,Male,Stokesmouth,9/18/2024
U007933,Tamara Morrow,dodsonadam@example.org,Other,Tanyaport,4/25/2025
U007934,Dawn Kelly,abigail88@example.net,Other,West William,2/1/2025
U007935,Casey Lopez,fischerdonna@example.org,Female,Martinhaven,8/21/2025
U007936,Dawn Hill,vrobertson@example.org,Male,Bellmouth,9/11/2025
U007937,Monica Hall,christopher52@example.net,Female,Bakerberg,11/4/2025
U007938,Robert Mcdonald,thompsontheresa@example.net,Male,Castroside,12/21/2024
U007939,Sean Oconnor,paynestacey@example.net,Female,Johnsonshire,6/18/2025
U007940,Eric Brown,brittneyoconnor@example.com,Other,Danielleside,7/30/2024
U007941,Maria Thomas,lespinoza@example.net,Male,Lauraborough,9/21/2024
U007942,Gabriel Chen,john68@example.net,Male,Tristanport,3/25/2024
U007943,Zachary Perez,owright@example.org,Other,Russoview,3/20/2024
U007944,Kelsey Jensen,tsanchez@example.com,Other,Port Alecside,4/30/2024
U007945,Luis Knight,zoeshaffer@example.org,Female,Austinfort,7/26/2025
U007946,Meghan Mccall,mistyarnold@example.net,Male,Williamfort,5/2/2025
U007947,Christopher Williams,hancockconnie@example.org,Female,Port Sharon,6/23/2025
U007948,Felicia Hayes,smiththomas@example.com,Male,Davidhaven,2/26/2024
U007949,Amber Yoder,millerkyle@example.org,Male,Collinsbury,6/7/2024
U007950,Janet Atkins,rickey24@example.org,Female,East Zacharymouth,5/25/2024
U007951,Sarah Huber,robert48@example.org,Other,Rebeccaberg,2/14/2025
U007952,Eric Weeks,willie43@example.org,Other,South Morgan,9/29/2025
U007953,Cindy Schneider,caitlyn55@example.org,Female,Port Joshuaton,10/6/2025
U007954,Jessica Andrade,karen00@example.net,Other,South Thomasport,9/14/2024
U007955,Sarah Davis,cisnerosedward@example.net,Female,North Karenchester,11/15/2024
U007956,Julia Thomas,monicawilliams@example.com,Other,Joanneview,4/14/2025
U007957,Brittney Silva,pearsonjillian@example.net,Female,Smithfort,3/20/2024
U007958,Lindsey Johnson,cheryl21@example.org,Female,Robertburgh,5/24/2025
U007959,Emily Hart,kbenson@example.com,Female,Toddton,3/9/2024
U007960,Amber Diaz,joseph25@example.org,Female,Lake Stephanie,10/28/2024
U007961,Andrew Archer,isabel50@example.net,Other,South Benjaminport,8/9/2025
U007962,Michael Shah,sean63@example.com,Male,Davidville,5/24/2024
U007963,Stephanie Mcbride,jenniferparker@example.org,Other,South Sara,7/31/2025
U007964,Susan Harrison,stephenharper@example.org,Male,Simmonsburgh,1/18/2024
U007965,Gabriella King,haleyyoung@example.net,Female,Kaylaside,9/19/2025
U007966,Stephen Pennington,matthew99@example.org,Male,North Loriberg,10/31/2025
U007967,Yesenia Coleman,ccastillo@example.net,Male,East Vanessa,6/27/2025
U007968,Angela Anderson,adam34@example.org,Other,North Melindaton,1/6/2025
U007969,Richard Williams,michellecastro@example.com,Female,South Anthonyberg,7/30/2024
U007970,Michele King,jeffreycole@example.com,Female,Roberthaven,10/7/2024
U007971,Ryan Hunter,qhensley@example.com,Female,South Donaldport,7/1/2025
U007972,Tina Howell,krichards@example.com,Male,Andersonton,10/23/2024
U007973,Donna Johnson,itaylor@example.org,Female,Smithbury,8/18/2024
U007974,Stephanie Lee,brittneywheeler@example.net,Other,Taylorfort,11/12/2025
U007975,Kimberly Lester,angelascott@example.net,Male,New Jean,4/28/2025
U007976,Dan Lee,nliu@example.net,Male,East Johnchester,6/15/2024
U007977,Jennifer Hensley,michaelwest@example.com,Male,Dominguezfurt,3/6/2025
U007978,Crystal Henry,spencer14@example.org,Male,Christopherchester,1/5/2025
U007979,Sarah Jackson,stewartbarbara@example.com,Other,Thomasborough,3/20/2024
U007980,Jeremy Valentine,nicholascampbell@example.org,Male,Dawnchester,7/28/2025
U007981,Amanda Knox,fjones@example.com,Male,New Nathan,9/10/2025
U007982,Jeffrey Smith,jasonhuang@example.org,Other,Smithfurt,11/24/2024
U007983,Brent Olson,melissa14@example.org,Female,Stewartburgh,4/24/2024
U007984,Michael Brown,tyler01@example.net,Other,South John,10/3/2024
U007985,Caroline Pruitt,jacqueline57@example.org,Female,Brandichester,11/9/2025
U007986,Carolyn Calderon,matthewgreen@example.org,Male,Rodriguezland,4/16/2025
U007987,Travis Rodriguez,laura71@example.org,Male,Paultown,5/27/2024
U007988,Stacy Russell,mschneider@example.org,Male,North Linda,10/13/2024
U007989,Angela Holmes,robert68@example.org,Other,Curtisfurt,8/14/2025
U007990,Jessica Allison,lisa61@example.org,Female,South James,2/24/2024
U007991,James Perkins,wstrong@example.net,Female,East Anna,2/10/2025
U007992,Adam Ray,paul48@example.org,Other,Raymondstad,8/10/2025
U007993,Deborah Henderson,orozcoerika@example.net,Other,West Jessicashire,8/5/2024
U007994,Andrea George,bryanwilkinson@example.org,Female,New Janetmouth,1/29/2024
U007995,Tara Montoya,dianajames@example.com,Other,Fieldsfurt,5/28/2024
U007996,Michael Scott,vargassarah@example.net,Male,East Shannon,2/5/2025
U007997,Adrian Schneider,robert56@example.com,Female,North Heidiberg,8/30/2025
U007998,Megan Orr,pamela49@example.net,Other,South Victoriastad,4/3/2025
U007999,Teresa Evans,eatonkelly@example.com,Female,Smithburgh,12/23/2024
U008000,Scott Day,cassidy85@example.org,Other,North April,8/30/2024
U008001,Donald Adams,smithmarie@example.com,Female,Ericland,12/10/2024
U008002,Linda Gonzalez,jasonmays@example.org,Female,Hillhaven,10/22/2025
U008003,Melinda Leon,josephalvarado@example.net,Female,North Brianmouth,11/12/2024
U008004,Ashley Davenport,jillwatson@example.com,Male,Lake Donna,3/20/2025
U008005,Courtney Fernandez,turnerphillip@example.com,Male,Robertport,2/1/2025
U008006,John Kelly,lcollins@example.net,Female,Scottfort,2/18/2025
U008007,Anthony Jones,zstevenson@example.org,Other,Zacharyshire,3/19/2025
U008008,Brandon Morales,jhoward@example.com,Male,Tiffanyton,9/3/2025
U008009,Ronald Phelps,qclark@example.org,Other,North Claudiaborough,6/17/2024
U008010,Mackenzie Graham,vernonmunoz@example.org,Female,Wagnerfort,9/13/2024
U008011,Yvette Bean,joseph42@example.com,Other,Lake Jesse,9/20/2024
U008012,Gene Arnold,tmorrison@example.net,Male,Castillofort,1/13/2024
U008013,Tony Mcmillan,kristen46@example.org,Other,Grantstad,12/29/2024
U008014,Michael Parker,dmoore@example.com,Other,Petersonfort,9/26/2025
U008015,Jennifer Banks,hubbardvalerie@example.com,Female,Perkinsfurt,6/3/2024
U008016,Phillip Patterson,hfletcher@example.com,Female,Powersborough,10/9/2025
U008017,Cynthia Gonzales,ashley57@example.net,Other,Mcdonaldfurt,9/1/2025
U008018,Ann Ayala,jacksonjared@example.org,Other,South Devin,9/17/2024
U008019,Martin Jones,tanyaedwards@example.com,Female,Montgomeryberg,10/14/2024
U008020,Robin Sanchez,whitehannah@example.org,Male,South Justinchester,8/23/2025
U008021,Nancy Ellis,elizabethmiddleton@example.org,Male,Benjaminville,3/3/2025
U008022,Greg Cline,qriley@example.net,Other,North Cathy,1/18/2025
U008023,Ruben Chang,bmiller@example.net,Female,Fostershire,3/10/2024
U008024,Joshua Guzman,andersonjames@example.org,Other,Yuside,6/3/2025
U008025,Thomas Perkins,emily78@example.com,Female,Lake Jamestown,3/11/2024
U008026,Cole Willis,rdrake@example.net,Male,Lake Robertmouth,7/31/2024
U008027,Charles Castillo,garciaerika@example.org,Other,North Janiceborough,3/4/2024
U008028,Michael Jackson,xpalmer@example.net,Female,East Scottland,8/2/2025
U008029,Patricia Warner,kylemendez@example.net,Other,Sheppardmouth,1/2/2024
U008030,Michele Navarro,reedkaren@example.com,Male,Maldonadohaven,1/8/2025
U008031,Ryan Evans,smartinez@example.net,Male,Colebury,1/16/2024
U008032,Theresa Valencia,schwartzwilliam@example.org,Other,Woodston,5/14/2024
U008033,Deanna Brown,qferguson@example.org,Other,New Christinaport,8/9/2025
U008034,Thomas Ellis,alisonpowell@example.com,Other,Maynardchester,11/5/2024
U008035,Angela Nelson,adavis@example.net,Female,Kathyland,5/31/2025
U008036,Jeffrey Martin,vlewis@example.org,Female,West Cathytown,8/16/2025
U008037,James Sullivan,singhdonald@example.org,Other,Heatherfurt,7/9/2024
U008038,Tracey Miles,christopher28@example.com,Male,East Kathleenhaven,5/24/2024
U008039,Rebecca Black,adkinschristine@example.org,Other,Port Ruthmouth,10/7/2025
U008040,William Thomas,suzanne34@example.org,Other,Port Jenniferchester,2/19/2025
U008041,Kenneth Foster,pwilson@example.net,Male,East Jasmineshire,11/17/2024
U008042,Peter Schmidt,ypatton@example.com,Male,Port Travis,12/7/2024
U008043,Danielle Holt,ryanowens@example.com,Female,East Jessica,7/30/2024
U008044,Lauren Allen,qgarcia@example.net,Other,Leemouth,9/8/2024
U008045,Stephanie Harrington,pateldonald@example.com,Other,New Neilbury,5/20/2025
U008046,Jason Proctor,icole@example.org,Other,Rodriguezborough,8/27/2024
U008047,Michelle Monroe,gmeyers@example.com,Other,New Ashley,7/18/2024
U008048,Thomas Wilson,jesse23@example.net,Male,Richardburgh,4/26/2025
U008049,Jennifer Henry,scottwilliams@example.org,Other,West Theresa,9/22/2025
U008050,Sandra Massey,williamsjeffrey@example.org,Other,East Christopher,11/14/2025
U008051,Tara Conway,qbrewer@example.com,Other,South Lori,4/17/2024
U008052,Ronnie Morrison,pjennings@example.com,Other,New Gregory,3/11/2025
U008053,Richard Cole,christopherjohnson@example.com,Female,Webbberg,11/30/2024
U008054,Heather Schmidt,natalie33@example.net,Other,Port Jennifer,3/8/2025
U008055,Kimberly Green,ebony82@example.com,Male,Lake Candice,5/22/2025
U008056,Maria Curtis,rsanders@example.net,Female,Flowersville,6/25/2024
U008057,Jody Chan,jessicahamilton@example.net,Other,New David,1/19/2024
U008058,Michael Brown,terrance15@example.net,Male,Nicholasberg,3/19/2025
U008059,Sara Morgan,michelle88@example.com,Female,North Rebecca,8/5/2025
U008060,Brian Davenport,wrightkristen@example.com,Female,New Amandabury,3/25/2025
U008061,James Alvarado,ellenrogers@example.com,Other,New Patrickview,2/28/2024
U008062,Joel Frey,nathan57@example.org,Female,Lake Kimberlymouth,12/9/2024
U008063,William Gomez,ygreen@example.com,Other,Lewischester,4/23/2024
U008064,John Taylor,smithdiane@example.net,Other,North Jacksonland,7/1/2024
U008065,Ashley Delgado,sarahlong@example.org,Female,North Matthew,1/20/2024
U008066,Teresa Patton,jackrice@example.org,Female,East Janiceberg,1/10/2024
U008067,Michael Mcgee,lowerydavid@example.net,Female,Port Jayberg,1/18/2025
U008068,John Stone,amyrogers@example.net,Female,Hoffmanchester,1/13/2025
U008069,Paul Gonzalez,moorejerry@example.com,Female,Smithton,11/22/2024
U008070,Joshua Long,michaelthomas@example.com,Male,Lake Matthewmouth,1/4/2024
U008071,Erik Arias,joystewart@example.org,Male,New Curtismouth,10/13/2024
U008072,Derrick Meyer,powellheather@example.org,Other,Denniston,2/2/2024
U008073,Edwin Webb,lunadustin@example.net,Other,Bowmanmouth,3/5/2024
U008074,Robert Taylor,kevin76@example.com,Other,New Edwardberg,11/10/2025
U008075,Shawn Hammond,gabrielsimon@example.org,Female,West Amy,7/18/2025
U008076,Melanie Sullivan,brendaanderson@example.com,Other,South Elizabethbury,6/15/2025
U008077,Sarah Garcia,wilsonderrick@example.com,Other,New Madeline,3/17/2025
U008078,Haley Mills,frankmaynard@example.net,Female,Lake Joy,3/2/2024
U008079,Steven Gibson,johnbailey@example.net,Male,North Michaelburgh,5/26/2025
U008080,Alan Scott,frederick59@example.org,Other,West Justin,11/21/2024
U008081,Jean Lewis,joneschristina@example.com,Female,Johnsonland,7/2/2025
U008082,Earl Strong,owalker@example.org,Other,Lake Elizabethton,12/4/2024
U008083,Ryan Young,michael71@example.org,Male,Lake Molly,11/9/2024
U008084,Ryan Stanton,wandahernandez@example.org,Other,North Marissa,2/1/2024
U008085,George Kim,brendasosa@example.net,Male,Williamberg,10/3/2024
U008086,Nicholas Vazquez,inelson@example.com,Other,Wrightmouth,12/21/2024
U008087,William Robinson,aliceyoung@example.org,Female,Kennedybury,2/7/2025
U008088,Kenneth Garza,jasonwarner@example.com,Other,Piercefort,10/22/2024
U008089,Matthew Pena,thomas95@example.net,Other,Santoston,3/15/2025
U008090,William Gray,wheelerpedro@example.net,Male,Nicoletown,9/17/2024
U008091,Paul Stephenson,amandahardy@example.org,Female,New Angela,11/26/2024
U008092,Michelle Williams,sheaashley@example.com,Female,Lake Joshuastad,2/22/2024
U008093,Robert Robinson,mmiles@example.net,Male,East Matthewmouth,10/11/2024
U008094,Stephanie Miller,patricia32@example.net,Male,Daveview,9/11/2024
U008095,Stephen Gibson,pearsontiffany@example.com,Other,Stacyfurt,3/27/2025
U008096,Sandra Harvey,ferrellisaiah@example.com,Male,Martinezport,8/23/2025
U008097,Christopher Wiggins,dnelson@example.com,Female,Kimberlyside,5/25/2025
U008098,Paul French,leahstevenson@example.org,Female,Port Lydia,6/6/2024
U008099,Amy Martinez,anthony61@example.net,Male,Rileychester,7/28/2025
U008100,Donna Oneill,andrew08@example.net,Other,West Theodore,6/19/2024
U008101,Linda Valdez,christinacrawford@example.org,Female,Lake Kristenshire,2/7/2025
U008102,Christopher Everett,erinmoran@example.org,Female,Lake Pamelastad,10/22/2025
U008103,Michael Walker,dcrawford@example.com,Female,West Nathanton,6/23/2025
U008104,Sandra Calhoun,kerrcharles@example.net,Male,Thomasfort,9/17/2025
U008105,Erin Zimmerman,morganrebecca@example.org,Other,Katherinefort,10/19/2024
U008106,Scott Carter,browncrystal@example.com,Male,Matthewstad,8/31/2024
U008107,Sarah Perry,gregoryjones@example.net,Other,West Heathertown,6/20/2024
U008108,April Cruz,jennifergriffith@example.org,Male,Jonestown,3/11/2024
U008109,Carol Ruiz,vincenttaylor@example.org,Other,Michaelmouth,10/3/2025
U008110,Ryan Curry,ryanbaker@example.com,Other,Abigailview,4/11/2025
U008111,Shannon Barry,jasonpeters@example.com,Male,Lake Donaldchester,3/9/2024
U008112,Justin Huerta,sara51@example.com,Other,South Dennis,9/13/2025
U008113,Emily Barajas,jamescarr@example.com,Female,Petersonview,7/13/2024
U008114,Lori Love,timothyrussell@example.net,Female,New Thomas,10/22/2024
U008115,Susan Hernandez,robin43@example.com,Male,Lake Mitchell,9/3/2025
U008116,Stephanie Patel,vickie80@example.net,Female,Briannashire,3/11/2025
U008117,Travis Fuller,timothystephens@example.org,Other,Andreachester,8/21/2025
U008118,Elizabeth Chapman,danielmcknight@example.net,Male,East Trevor,5/10/2024
U008119,Danielle Wyatt,rkerr@example.org,Female,Port Philip,3/30/2025
U008120,Cheryl Robinson,rhunt@example.org,Male,Brianland,2/15/2025
U008121,Susan Sims,archermichele@example.net,Other,Juliamouth,2/16/2025
U008122,Jonathan Pierce,yvonneshields@example.net,Male,South Heather,1/15/2024
U008123,Carolyn Love,nicholegibson@example.com,Female,Michaelhaven,2/25/2025
U008124,Randy Lewis,jodyrodriguez@example.org,Male,Jonesmouth,10/23/2025
U008125,Nancy Calderon,jonesderrick@example.org,Male,Rodriguezberg,5/8/2024
U008126,Hailey Yu,joseph75@example.org,Other,Diazview,4/1/2024
U008127,Charles Anderson,johnnyrodriguez@example.org,Male,South Troychester,10/3/2024
U008128,Matthew Foster,tmiller@example.com,Female,North Shawnmouth,5/2/2025
U008129,Jessica Gray,cindyrodriguez@example.net,Female,Lake Courtney,9/17/2024
U008130,Molly Lee,eric36@example.com,Female,Codyton,8/7/2025
U008131,Kayla Smith,spencer42@example.com,Male,New Jeremy,5/3/2025
U008132,Lori Silva,robertstewart@example.net,Other,Lake Rebeccaton,10/29/2024
U008133,Daniel Harris,jordan69@example.net,Female,Joshuaville,10/20/2025
U008134,Melissa Morrison,lisadyer@example.com,Other,Manuelton,1/3/2024
U008135,Mark Scott,shawn02@example.com,Other,Lake Donna,11/6/2024
U008136,Daniel Bryant,erichowell@example.net,Male,Lake Juan,4/9/2024
U008137,James Garcia,lutzjennifer@example.net,Male,Lauraville,1/16/2025
U008138,Ashley Thompson,ashley38@example.net,Other,Bowmanhaven,10/30/2024
U008139,Kathleen Barrera,amyholmes@example.net,Other,Reyesberg,12/31/2024
U008140,Daniel Everett,wwright@example.net,Female,New Meganstad,8/29/2025
U008141,Brittany Graham,debbiebautista@example.net,Male,New Alicia,3/11/2025
U008142,Paul Adams,amandawolfe@example.org,Other,Lake Williamborough,2/20/2024
U008143,Elizabeth Rogers,michellehughes@example.com,Female,Curtismouth,5/8/2025
U008144,Matthew Spencer,janice23@example.net,Male,West Christinatown,6/30/2025
U008145,Patricia Allen,daviddaniels@example.com,Male,Port Sarahberg,10/2/2024
U008146,Thomas Vasquez,michael05@example.com,Male,Garrettberg,5/21/2024
U008147,Crystal Paul,nhanna@example.net,Female,Ernesttown,3/30/2024
U008148,William Cowan,kristiharrison@example.com,Female,East Adamshire,9/4/2024
U008149,Emily Frye,veronicacunningham@example.org,Female,Lake Rebeccaton,3/30/2025
U008150,Elizabeth Kim,ryankeith@example.com,Female,West Mark,6/15/2025
U008151,Randy Johns,owhitney@example.com,Female,Brandonfort,1/12/2024
U008152,John Douglas,bsampson@example.com,Other,Burtonville,2/6/2025
U008153,Summer Underwood,rcurtis@example.org,Other,West Robin,6/17/2025
U008154,Frank Nguyen,jacobjones@example.net,Male,Riceport,9/21/2025
U008155,Theresa Nguyen,brettgarcia@example.org,Female,North Michael,8/26/2024
U008156,Jill Villegas,houselorraine@example.com,Other,East Kaitlinfort,6/10/2025
U008157,Timothy Cline,nbenitez@example.org,Other,North Ronniefurt,3/17/2024
U008158,Donald Cantrell,stephanierodriguez@example.net,Female,South Donald,1/30/2024
U008159,Donna Murray,gerald32@example.com,Female,Snyderborough,9/24/2024
U008160,Billy Horne,loriarnold@example.net,Female,Karenland,11/14/2025
U008161,Anthony Black,ibrewer@example.org,Male,Robertsview,2/25/2024
U008162,Andrew Harrell,erandall@example.net,Other,East Mark,6/8/2025
U008163,Amanda Hobbs,victoria17@example.org,Female,Tranland,8/1/2024
U008164,Hannah Boyer,robert19@example.org,Male,North Hunterhaven,8/27/2024
U008165,Melissa Wilson,buckleymichael@example.com,Female,Port Brenda,8/1/2025
U008166,Brittany Burns,carlosmoore@example.com,Female,Lake Debbie,2/15/2024
U008167,Tracy Taylor,corey91@example.org,Female,North Mason,7/2/2025
U008168,Kathryn Henry,zachary48@example.org,Other,Sandersport,8/9/2024
U008169,James Lee,annaconley@example.org,Female,Jenniferburgh,4/10/2024
U008170,Anita Williams,taylorstanley@example.com,Other,North Brandon,1/17/2024
U008171,Jennifer Cobb,jasonpalmer@example.org,Other,Cruzberg,10/4/2024
U008172,Jodi Smith,stephanie43@example.com,Male,West Raymond,9/1/2024
U008173,Katherine Webb,john45@example.com,Male,Floydview,2/11/2024
U008174,Rachel Lane,timothyjones@example.net,Other,South Ashlee,1/5/2024
U008175,Tracey Vega,bakercarl@example.net,Other,Diazmouth,12/28/2024
U008176,Theresa Kirk,tiffany88@example.org,Female,North Elizabethmouth,5/17/2024
U008177,Cheryl Finley,natalie32@example.org,Female,Jenniferfurt,5/13/2025
U008178,Robert Norton,schwartzdavid@example.com,Other,Jenniferland,5/13/2024
U008179,Timothy Miller,ashley52@example.net,Other,Lake Renee,11/12/2025
U008180,Nicole Shaw,glenn22@example.com,Female,Jamesshire,8/13/2024
U008181,Mark Holmes,dkelly@example.com,Female,Daniellefurt,4/17/2025
U008182,Eric Benjamin,janice32@example.net,Female,Stephaniemouth,10/21/2025
U008183,Rebecca Martinez,jasminemartinez@example.com,Female,Thomasland,11/22/2024
U008184,Zachary Clark,kaitlyn77@example.com,Male,Edwardmouth,7/21/2024
U008185,Carolyn Pitts,jeremy20@example.org,Female,Orozcoville,1/31/2025
U008186,Daniel Golden,johnpaul@example.net,Other,New Jeremymouth,4/5/2025
U008187,Paige Tate,reginald31@example.com,Other,East Johnfort,4/9/2024
U008188,Brittany Hendricks,ryanriley@example.net,Female,Lake Scottmouth,6/14/2024
U008189,Andre Eaton,marvin88@example.org,Female,East Sabrina,5/22/2025
U008190,Michaela Smith,johnpowell@example.com,Other,North Jeffrey,3/1/2025
U008191,Ashley Miller,palmertammy@example.org,Other,Lake Brendanton,10/12/2025
U008192,Luke Wright,martinheather@example.com,Male,Robertshire,11/11/2025
U008193,Sherry Gomez,christine66@example.com,Other,Ninamouth,10/26/2024
U008194,Gary Jones,paynenicole@example.net,Other,Kennethview,9/4/2025
U008195,Joel Daniels,hunthenry@example.com,Other,South Donnaside,12/22/2024
U008196,Nicole Werner,loretta52@example.net,Male,Perryside,4/25/2025
U008197,Amanda Thompson,sabrinaadams@example.com,Other,Lake Aliciaview,4/29/2025
U008198,Joseph Huynh,mcguirewilliam@example.com,Female,Jessefurt,3/27/2024
U008199,James Dunn,tiffanywilliamson@example.org,Other,Stevenfort,8/26/2025
U008200,Kimberly Cole,andrewhall@example.com,Other,Danafurt,3/30/2024
U008201,Briana Williams,hughescrystal@example.org,Male,Amyfort,2/16/2024
U008202,Nicholas Cooper,iperry@example.net,Female,Masonview,10/27/2024
U008203,Lisa Pierce,marcus53@example.net,Other,Jacksonberg,12/16/2024
U008204,Brian Martin,qchen@example.net,Male,Erictown,1/27/2024
U008205,Benjamin Acosta,alyssa82@example.org,Other,Matthewsborough,12/7/2024
U008206,Douglas Rogers,fishertina@example.org,Male,Chloechester,9/4/2024
U008207,Brian Gallegos,mperez@example.org,Male,Lake Christopherberg,11/12/2024
U008208,Christopher Smith,burnettjesus@example.net,Male,West Dawntown,7/4/2025
U008209,Matthew Taylor,john40@example.com,Female,East Patriciamouth,10/11/2024
U008210,Sean Brown,michele72@example.net,Male,South Ryan,7/24/2025
U008211,Ashley Rodriguez,gabrielhall@example.net,Other,Nguyenshire,6/25/2024
U008212,Holly Miles,carla93@example.net,Male,Arnoldfort,10/10/2025
U008213,Shelly Lloyd,franklinkristina@example.net,Other,Figueroaland,4/13/2024
U008214,Allison Griffin,qmcdowell@example.net,Female,North Zacharyfort,5/7/2025
U008215,Brittany Rios,colleen91@example.com,Female,South Laurentown,9/28/2024
U008216,Sandra Jordan,rebeccasmith@example.org,Male,Port Kimberlystad,5/2/2024
U008217,Jessica Phillips,jacobmiller@example.org,Other,West Elaine,11/29/2024
U008218,Lawrence Raymond,froberts@example.com,Female,Floresport,5/12/2025
U008219,Olivia Nichols,smyers@example.com,Female,South Barryborough,4/9/2024
U008220,William Brown,jennifer21@example.org,Male,Lake Aaron,3/18/2024
U008221,Teresa Mccoy,tkennedy@example.org,Male,Lyonsbury,5/17/2025
U008222,Alexandra Hunt,kennethjordan@example.com,Male,Lake Mary,8/10/2024
U008223,Christopher Harris,lisaking@example.org,Other,Scottton,12/21/2024
U008224,Erica Weiss,vbrown@example.org,Male,Lake Ronald,5/6/2024
U008225,Sara Carpenter,bvargas@example.net,Male,Lake Tammy,8/31/2025
U008226,Melissa Smith,garmstrong@example.net,Other,Port Crystal,10/7/2025
U008227,Jane Howell,mitchell92@example.com,Other,Lake Kenneth,2/12/2024
U008228,Amber Chung,davisbrittany@example.org,Male,Lake Robert,1/7/2024
U008229,Kari Stewart,isaac59@example.org,Other,West Laura,6/11/2024
U008230,Noah Cooper,zcohen@example.org,Other,North David,6/19/2024
U008231,Latasha Munoz,barbarathomas@example.net,Male,Port Teresafort,7/11/2025
U008232,Allison Gonzalez,mary40@example.com,Other,West Connor,11/23/2024
U008233,William Collins,fieldsjohnathan@example.com,Male,Sherylborough,1/20/2024
U008234,James Graham,xnguyen@example.org,Male,New David,2/5/2024
U008235,Veronica Nelson,fprice@example.org,Other,West Ashleytown,2/17/2024
U008236,Patricia Thompson,jamesponce@example.org,Male,Smithchester,11/2/2024
U008237,Samantha Brown,michaelli@example.com,Female,Gibbsberg,8/5/2025
U008238,Brian Hahn,joannamccoy@example.com,Other,Oconnellland,4/5/2025
U008239,Justin Hanson,jeremy76@example.com,Other,Mccoyport,3/14/2024
U008240,Jerry Warner,joshua56@example.org,Other,North Shawnbury,7/12/2024
U008241,Randy White,parkercolleen@example.net,Male,Lake Brianberg,4/10/2025
U008242,Trevor Nichols,jacob33@example.com,Male,Port Patriciatown,8/3/2024
U008243,Jennifer Becker,elizabethharrington@example.com,Other,West Robertfurt,10/22/2024
U008244,Nicholas Miller,andreaparker@example.net,Male,Meyerhaven,6/13/2025
U008245,Timothy Avila,williamrichard@example.net,Female,Nicholasfort,4/10/2025
U008246,Sara Johnson,joshuadavis@example.org,Female,Rickytown,8/9/2025
U008247,Carolyn James,hamiltonkevin@example.org,Female,South Josephshire,4/21/2024
U008248,Brittney Williams,andrewlopez@example.net,Other,Norrishaven,2/9/2024
U008249,Samantha Martin,lloydlynn@example.net,Male,Padillaland,9/7/2025
U008250,Monica Vaughn,woodwardkathryn@example.org,Other,Saundersland,7/29/2024
U008251,Julie Martinez,kquinn@example.com,Female,Lake William,4/14/2025
U008252,Jennifer Simmons,michelethomas@example.org,Female,South Tiffanystad,8/17/2025
U008253,Brandon Vaughan,across@example.com,Female,Morrowshire,10/18/2025
U008254,Erik Bennett,angelaboyd@example.net,Other,Williamsbury,7/4/2024
U008255,Kimberly Townsend,mperry@example.org,Other,South Zacharyfurt,4/8/2024
U008256,Amy Mccarthy,iorozco@example.org,Female,North Jorge,4/17/2025
U008257,Shawn Miller,david65@example.org,Female,North Philip,8/29/2025
U008258,Shaun Robinson,rebecca47@example.net,Male,Michaelchester,10/27/2024
U008259,Derrick Murphy,eric71@example.net,Male,Debraland,12/19/2024
U008260,Emily Cooke,smithlindsay@example.com,Female,Michaelport,10/21/2024
U008261,Victoria Steele,mikekim@example.com,Male,North Michaelport,10/4/2025
U008262,Logan Vasquez,harold25@example.org,Female,Bradshawville,8/23/2025
U008263,Alyssa Brandt,davidmckee@example.org,Female,Lake Glennfurt,10/30/2025
U008264,Angela Patterson,andersonapril@example.net,Female,Mcguirebury,12/14/2024
U008265,Jason Daniels,qvazquez@example.net,Male,Port Heatherton,6/6/2025
U008266,Kenneth Allen,adam50@example.net,Female,Barbaraville,6/23/2025
U008267,Amanda Brady,maychristian@example.com,Female,Maldonadoberg,6/19/2024
U008268,Sydney Burton,nolanjonathan@example.org,Male,Friedmanmouth,10/4/2025
U008269,Amanda Wilson,rodrigueznicole@example.org,Female,Port Jeffreyborough,6/21/2024
U008270,Billy Wagner,sheri66@example.org,Male,South Lee,7/2/2024
U008271,Sarah Palmer,pamela78@example.com,Female,Sanchezbury,5/8/2024
U008272,Samuel Trevino,ashleybryant@example.com,Male,East Juan,12/22/2024
U008273,Nicole Ramos,jamie96@example.com,Other,Coxchester,3/2/2024
U008274,Dillon Wilson,thomasrobin@example.org,Female,Andrealand,10/13/2025
U008275,Linda Vargas,kellycallahan@example.com,Male,Singletontown,2/11/2024
U008276,Taylor Alvarado,katelyn50@example.org,Other,Judithberg,9/21/2025
U008277,Joshua Griffin,davidadams@example.com,Female,Nguyenborough,5/20/2024
U008278,Brian Jordan,veronicawashington@example.com,Male,Lake Peterchester,2/29/2024
U008279,Tiffany Francis,kimberlyreyes@example.net,Male,New Georgebury,12/21/2024
U008280,Laura Johnson,joseph16@example.net,Other,Vazqueztown,3/18/2025
U008281,Joseph Hart,michelleking@example.net,Female,Kirkchester,7/3/2024
U008282,Andrew Golden,yking@example.com,Male,Martinhaven,5/3/2025
U008283,Karen Coleman,zacharysmith@example.org,Other,East Melissafort,1/14/2025
U008284,Haley Gordon,cchavez@example.com,Other,Amberville,9/8/2024
U008285,Felicia Davis,vdixon@example.org,Male,Holderhaven,5/19/2024
U008286,Debra Chapman,tmayo@example.org,Female,New Michael,4/1/2025
U008287,Justin Nguyen,moralesvictoria@example.org,Other,Shirleystad,7/4/2024
U008288,Brian Li,beniteztyler@example.net,Female,Harperfort,4/30/2025
U008289,Edward Kelley,bwang@example.org,Male,Danielland,9/13/2025
U008290,James Haas,anna39@example.net,Male,Dennishaven,1/2/2024
U008291,Anthony Morrow,hlee@example.org,Male,New Amandafurt,2/11/2024
U008292,Jessica Leblanc,wsalinas@example.net,Male,South Jeffery,6/15/2024
U008293,Brent Johnson,aprilsmith@example.org,Other,Vincentfort,9/1/2025
U008294,David White,donna18@example.net,Other,East Joshua,5/16/2024
U008295,Gerald Phillips,baileywendy@example.net,Female,West Clarenceburgh,4/27/2024
U008296,Misty Campbell,christina71@example.org,Female,Schultztown,10/30/2025
U008297,Tina Boyd,eballard@example.net,Male,Lake Stacyside,3/27/2024
U008298,Kevin Hanson,dustin71@example.org,Female,West Erictown,6/9/2024
U008299,Gregory Mitchell,carrdavid@example.com,Male,Jesusfort,12/23/2024
U008300,Catherine Johnson,rosschristine@example.net,Other,Port Jessicaton,5/18/2024
U008301,Alexander Barry,myersjay@example.com,Other,Hessfort,6/26/2024
U008302,Brandon Salazar,ycarter@example.org,Male,West Annastad,5/18/2024
U008303,Benjamin Dean,pking@example.org,Male,Matthewberg,5/24/2024
U008304,Hannah Barber,vanessalawson@example.org,Other,Jonesfurt,7/13/2025
U008305,Joseph Romero,david26@example.org,Female,Lake Kimberly,9/30/2025
U008306,Jerry Garrett,rhinton@example.com,Female,Hooverchester,10/13/2024
U008307,Mitchell Burton,marvinmartinez@example.net,Male,South Jacqueline,5/19/2024
U008308,Alisha Johnson,xfoster@example.org,Other,Riddleport,6/28/2024
U008309,Jessica Gillespie,danagarrett@example.com,Female,Barbaraland,8/30/2024
U008310,Ryan Jackson,karen32@example.com,Female,New Jonathan,11/5/2024
U008311,Amy Wells,smithbrian@example.com,Other,Maryberg,9/2/2025
U008312,Sarah Arias,charper@example.net,Male,Delgadoborough,10/12/2025
U008313,Christina Moore,william02@example.org,Other,North Sally,3/2/2024
U008314,Elizabeth Carter,fitzpatricktamara@example.net,Other,South Zachary,4/18/2025
U008315,Robert Hardy,lori80@example.com,Female,New Jason,11/27/2024
U008316,Rebecca Ellison,delgadowilliam@example.net,Female,Harrisontown,2/21/2025
U008317,Robert Nelson,jennasnyder@example.org,Female,South Eileenton,7/22/2024
U008318,Jacob Bean,krojas@example.net,Female,New Kimberlyside,9/18/2025
U008319,Julia Hubbard,jeremiah74@example.com,Other,Hansontown,11/14/2025
U008320,Wendy Zimmerman,johnsonmichael@example.net,Male,South Andrea,7/16/2024
U008321,Stacy Hunt,brownnicholas@example.com,Other,West Charles,7/31/2024
U008322,Deborah Carr,michael77@example.net,Male,Jeremyshire,12/16/2024
U008323,Mike Farmer,rollinskaren@example.net,Male,New Christopherhaven,11/9/2025
U008324,Jason Cordova,rogergomez@example.net,Female,Armstrongton,9/2/2025
U008325,Tina West,paulrobin@example.com,Other,Freemanside,8/22/2025
U008326,Amanda Pierce,billygonzales@example.com,Female,North Albertville,3/16/2024
U008327,Brenda Gamble,chasedaniel@example.net,Male,New Gregory,10/9/2024
U008328,David Ward,teresa43@example.org,Other,Susanburgh,12/29/2024
U008329,Eric Vazquez,teresa64@example.com,Other,East Amy,3/11/2025
U008330,Fernando Evans,daniel73@example.com,Female,Rodriguezside,11/8/2025
U008331,Renee Browning,jamie23@example.org,Female,Davidville,8/1/2025
U008332,Mark Morton,mweaver@example.com,Other,New Seanfurt,10/30/2025
U008333,Jose Richard,byrddaniel@example.com,Female,West Megan,11/29/2024
U008334,Crystal Larsen,medinajoe@example.net,Female,North Davidmouth,9/16/2024
U008335,Vanessa Hammond,erin86@example.net,Male,Lake Coreyland,1/11/2024
U008336,Michael Mcbride,todd84@example.org,Other,Michaelmouth,10/7/2024
U008337,John Cooper,price@example.com,Other,Cruzland,7/14/2024
U008338,Laurie Rivas,nicole47@example.com,Male,Youngland,9/21/2024
U008339,Christopher Alexander,tara53@example.org,Female,Mariaborough,6/10/2025
U008340,Brian Jimenez,nrusso@example.org,Other,Tonyaborough,11/15/2024
U008341,Robert Hernandez,qmiller@example.org,Female,Lake Donna,9/29/2025
U008342,Carrie Figueroa,benjamincontreras@example.org,Male,Scottmouth,11/14/2024
U008343,Kimberly Fowler,gabriella14@example.org,Female,Parkermouth,5/9/2025
U008344,Emily Lucas,mcdanielmason@example.com,Female,North Michelle,1/22/2024
U008345,Raven Steele,fflores@example.com,Other,Johnnymouth,9/11/2024
U008346,Monica Payne,jessica39@example.com,Male,Mooreland,12/29/2024
U008347,Jennifer Smith,jmcclain@example.com,Male,Nicoleburgh,5/23/2025
U008348,Jennifer Larsen,younglaurie@example.net,Other,Danieltown,1/31/2024
U008349,Sean Dixon,hperez@example.com,Male,Thompsonburgh,7/11/2024
U008350,Danielle Adams,qhill@example.net,Female,Garciachester,6/3/2024
U008351,David Jarvis,david95@example.org,Other,Lake Jenniferview,6/26/2024
U008352,Heather Wells,ywalsh@example.com,Male,Curtisshire,1/12/2025
U008353,Anita Gomez,michaelbecker@example.com,Female,Smithview,5/22/2024
U008354,Mark Davis,rwalters@example.org,Other,Leahside,6/4/2025
U008355,Gregory Lowe,myerslisa@example.net,Female,New Gregoryborough,3/15/2025
U008356,Beth Clark,larry32@example.com,Male,Escobarhaven,12/11/2024
U008357,Alexis Paul,carlsmall@example.com,Other,Leahport,9/24/2025
U008358,Roger Rodriguez,pjames@example.net,Other,Matthewport,3/11/2024
U008359,Katherine Johnson,christopher99@example.org,Female,Gloriaview,12/12/2024
U008360,David Bray,vbaker@example.com,Female,Moralesberg,4/20/2025
U008361,Colton Lester,uwilson@example.org,Male,Williamsside,2/8/2025
U008362,Zachary Martinez,jpatterson@example.net,Other,Lake Mackenzie,5/12/2024
U008363,Samantha Ramirez,ewatson@example.org,Female,Trantown,9/20/2025
U008364,Carl Finley,davidjennings@example.com,Other,Lopezberg,8/11/2024
U008365,Kimberly Robinson,camerontorres@example.com,Male,Pettyfort,5/21/2024
U008366,Jessica Lee,ijohnston@example.net,Male,Port Aaronhaven,10/10/2025
U008367,Debbie Palmer,anna15@example.net,Male,Wheelerside,7/27/2024
U008368,Jason Anderson,jacksonashley@example.com,Male,Lake Gabriel,9/5/2025
U008369,Jacob Cook,rrodriguez@example.org,Male,West Chadmouth,1/23/2025
U008370,Brittany Carrillo,shaneblack@example.org,Other,Bryanport,10/14/2025
U008371,Robert Barnes,mitchellryan@example.net,Other,New Grant,8/6/2025
U008372,Jerome Gutierrez,kelleypeter@example.net,Male,West Ericfort,12/28/2024
U008373,Scott Gutierrez,ryan62@example.net,Female,East Matthewfurt,3/8/2024
U008374,Joseph Koch,xstephens@example.com,Female,North Jonathanfort,2/12/2024
U008375,Michelle Ortiz,shane97@example.com,Male,Lake Nicholasside,3/1/2025
U008376,Richard Salazar,mosesrachel@example.org,Other,North Williamville,4/10/2024
U008377,Randy Stephens,riversrandy@example.com,Other,Pierceburgh,11/29/2024
U008378,Roger Ramirez,nielsenjoshua@example.org,Female,Lake Jesusbury,4/27/2024
U008379,Travis Reynolds,laura84@example.org,Female,Smithside,2/24/2024
U008380,Casey Diaz,xparrish@example.net,Other,West Ralphshire,11/25/2024
U008381,Patricia Fry,louis26@example.net,Female,Grahamview,8/6/2024
U008382,Mark Mcmillan,stephen99@example.org,Male,Port Theresaside,4/21/2025
U008383,Michael Jones,sarah38@example.net,Male,Port Aliciatown,5/30/2025
U008384,Bradley Smith,reginald39@example.com,Female,Jenniferbury,6/21/2024
U008385,Eric Miller,hhood@example.com,Male,West Christopherfurt,4/12/2024
U008386,Megan Webster,xcopeland@example.net,Female,Steinland,10/8/2024
U008387,Robert Hill,gcortez@example.net,Other,Grayton,3/27/2025
U008388,Tammy Sweeney,dustinschwartz@example.com,Male,Kristenport,5/12/2024
U008389,Dwayne Mathis,justin81@example.com,Female,Maldonadostad,5/7/2025
U008390,Amanda White,kjames@example.com,Male,North Sean,4/10/2024
U008391,Brett Gibbs,steven57@example.net,Male,Martinhaven,1/8/2024
U008392,Diana Rice,zallen@example.org,Other,North Ashley,8/14/2025
U008393,Rachael Henderson,griffithmichele@example.net,Other,Bellmouth,10/6/2024
U008394,Bryan Wilson,colin88@example.net,Other,Thompsonport,8/24/2025
U008395,Danielle Palmer,lloydlaurie@example.net,Female,West Calvintown,5/25/2024
U008396,Amy Tapia,douglas57@example.com,Other,Carlsonmouth,1/3/2025
U008397,George Hudson,kevin80@example.net,Other,Alyssaborough,1/11/2025
U008398,Leslie Wiggins,dgood@example.net,Male,Spencerborough,7/5/2024
U008399,Nancy Morales,james52@example.org,Other,West Michelle,8/6/2025
U008400,Dawn Anderson,markhampton@example.net,Other,New Christopher,12/14/2024
U008401,Jessica Roberson,yharvey@example.com,Male,Chadtown,9/26/2024
U008402,Brandon Anderson,jeannelson@example.net,Male,North Donna,7/25/2025
U008403,Melissa Rush,heatherbond@example.net,Male,West Rachelfort,3/6/2025
U008404,Sue Warner,sylvia96@example.com,Other,New Kelly,12/3/2024
U008405,Samantha Reyes,brich@example.net,Male,Whitneyshire,8/14/2024
U008406,Jason Barber,angie95@example.org,Female,North Coreystad,8/25/2025
U008407,Ashley Benson,ericaadams@example.net,Other,East Samantha,4/22/2025
U008408,Angela Ray,ronaldmorris@example.com,Male,Garyfurt,8/29/2025
U008409,Richard Green,shanelyons@example.org,Female,Stephaniemouth,10/14/2024
U008410,Amanda Hudson,mhorton@example.net,Other,Taylorfurt,4/20/2025
U008411,David Gordon,cassandraclark@example.net,Male,Port Sarahport,4/1/2024
U008412,Shannon Ball,taylor69@example.net,Male,Port Donald,1/17/2025
U008413,Ian Williams,kimberly09@example.org,Other,Emilyberg,5/20/2025
U008414,Jermaine Harmon,bradleyangela@example.org,Other,West Debbie,12/27/2024
U008415,Douglas Galloway,scott12@example.com,Male,Biancafort,9/18/2025
U008416,Tyler Hogan,ryanhoward@example.com,Male,Mackenzietown,11/26/2024
U008417,Haley Stone,paulaevans@example.com,Male,Lake Lori,10/8/2025
U008418,Robert Goodwin,ericperez@example.com,Other,West Rebeccabury,4/12/2024
U008419,John Curtis,kelly37@example.net,Male,Port Danielle,6/19/2025
U008420,Luke Banks,kristen83@example.net,Female,Mistyland,3/13/2025
U008421,Michael Horton,thomas67@example.com,Male,East Kaylaport,7/21/2024
U008422,Melissa Jones,james05@example.net,Female,Aliciatown,7/11/2024
U008423,Patricia Martin,vasquezangela@example.com,Other,Kennethstad,10/7/2025
U008424,Brandon Morales,angelaellison@example.net,Male,South Johnmouth,7/14/2025
U008425,Ashley Bennett,matthew22@example.net,Other,Port Ashley,7/6/2025
U008426,Kaitlyn Dunlap,norrischristopher@example.org,Male,Allisonstad,7/30/2024
U008427,Nicholas Hart,gerald96@example.org,Male,South Kelly,6/6/2025
U008428,Christopher Garcia,stephaniewright@example.com,Male,North Richardborough,9/7/2025
U008429,Rhonda Hoover,ljordan@example.net,Female,North Gregory,10/29/2024
U008430,Kimberly Torres,amandalawson@example.net,Other,Triciamouth,8/15/2024
U008431,Joseph Harris,aaron78@example.org,Other,Fieldstown,8/14/2024
U008432,Donald Alexander,coxcindy@example.net,Male,Edwardborough,2/14/2025
U008433,Michael Rios,dominguezevan@example.com,Male,Clarkville,2/6/2024
U008434,Lisa Mckee,fnelson@example.org,Male,Brendastad,1/26/2024
U008435,Amber Jennings,carlsonbryan@example.org,Female,New Chris,9/22/2024
U008436,Lisa Brennan,hjensen@example.org,Female,South Graceborough,11/3/2024
U008437,Diana Myers,abigailbradley@example.org,Other,Port Craig,7/9/2025
U008438,Theresa Davis,halllisa@example.org,Other,Lake Joseph,3/13/2024
U008439,Daniel Phelps,walkerdustin@example.net,Female,Chanville,2/18/2025
U008440,Vanessa Hunt,tjohnson@example.com,Female,West Amandahaven,11/25/2024
U008441,Rebecca Padilla,anthonygarcia@example.net,Male,Sheltonstad,2/15/2024
U008442,Willie Marks,hurstandrew@example.org,Other,East Williamhaven,8/21/2025
U008443,Daniel Campos,barry96@example.org,Other,Cooktown,2/11/2025
U008444,Megan Mason,christineclark@example.org,Other,Smithton,1/4/2025
U008445,Daniel Price,uhamilton@example.net,Male,Port Angelafurt,2/1/2025
U008446,Johnathan Bernard,adamsashley@example.net,Female,Randyside,8/25/2025
U008447,Patricia Wilkerson,fpacheco@example.com,Male,Leahhaven,9/3/2024
U008448,Justin Smith,jamesandersen@example.net,Male,Michaelshire,7/22/2025
U008449,Nancy Washington,vortega@example.com,Other,Lake Damon,1/24/2025
U008450,Thomas Stewart,mark76@example.org,Male,Williamside,6/29/2025
U008451,Darrell Hughes,hernandezpeter@example.org,Female,North William,9/5/2025
U008452,Mike Conner,powellmary@example.com,Male,Hallside,11/7/2025
U008453,Tracy Wilson,hcarlson@example.net,Male,East Pamela,10/27/2025
U008454,Samuel Le,william05@example.net,Female,West Tonyahaven,3/18/2024
U008455,Eileen Lane,mooremike@example.com,Male,Petersonhaven,3/5/2024
U008456,Brenda Forbes,amber84@example.net,Female,Port Davidshire,1/29/2024
U008457,Julie Scott,sanfordmelissa@example.net,Male,Lynchburgh,9/12/2025
U008458,Erika Michael,anita04@example.org,Other,Port John,2/5/2025
U008459,Terri Carey,ujohnson@example.org,Female,New Scott,10/27/2024
U008460,James Hawkins,smejia@example.com,Other,Barnesport,5/3/2024
U008461,Roger Taylor,heatherdouglas@example.org,Male,Goodwinmouth,4/7/2025
U008462,Alexander May,andrea91@example.com,Female,Andreaport,12/20/2024
U008463,Robert Cantrell,millersarah@example.net,Male,New Kaitlyn,2/12/2024
U008464,Anne Sanchez,brandonbarrett@example.net,Other,Hicksbury,5/17/2024
U008465,Trevor Schwartz,lori51@example.net,Male,Gregton,3/2/2025
U008466,Robert Lawson,robert45@example.net,Male,Torresville,6/11/2024
U008467,Tina Moreno,randallrodriguez@example.com,Male,Laurenbury,8/1/2024
U008468,Brandy Smith,sancheznatalie@example.org,Other,East Juanborough,7/18/2024
U008469,Nicole White,whitecrystal@example.net,Other,West Jesse,5/15/2024
U008470,David Ramos,dconley@example.net,Female,Michaelfort,2/14/2025
U008471,Andrea Santos,thomas43@example.org,Male,Port Danielview,8/8/2025
U008472,Brittany Tapia,cookjennifer@example.org,Male,Campbellborough,11/2/2024
U008473,Becky Silva,williamsontanner@example.org,Female,Kimberlybury,9/14/2025
U008474,Julia Herring,zsmith@example.org,Male,West Carrieborough,3/7/2024
U008475,Nicholas Gordon,brandonsantiago@example.org,Male,Harmonchester,6/8/2025
U008476,Patrick Hughes,alvaradojohn@example.net,Male,Craigbury,7/10/2024
U008477,Susan Bradley,khartman@example.net,Male,New Johnland,7/5/2025
U008478,Benjamin Herrera,michael35@example.org,Male,Tranchester,4/21/2025
U008479,Matthew Nichols,imurray@example.net,Other,Chavezstad,5/26/2024
U008480,Jay Huynh,schneiderjeffery@example.org,Other,Matthewstad,8/4/2025
U008481,Timothy Collins,mcabrera@example.com,Other,West Isaiahton,2/20/2025
U008482,Juan Cook,jacksonjeffrey@example.com,Female,Lake Rachelview,4/19/2024
U008483,Susan Spence,garrisontimothy@example.net,Female,Wagnershire,1/21/2024
U008484,Edwin Johns,bgrant@example.com,Other,West Sarahland,9/27/2025
U008485,Brenda Hawkins,davisdiana@example.net,Female,Craigland,8/27/2025
U008486,Amanda Christensen,michaellopez@example.com,Other,West Meganfort,3/10/2025
U008487,April Taylor,welchmichael@example.com,Male,North Juan,2/24/2025
U008488,Lisa Franklin,tammy91@example.com,Male,Ortizchester,9/24/2024
U008489,Haley Williams,anthonymoyer@example.net,Male,West Kristen,7/31/2024
U008490,Melissa Wood,jwoodard@example.net,Other,New Luke,7/15/2025
U008491,Curtis Wilson,xschmidt@example.org,Female,Allisonside,2/25/2025
U008492,Kathleen Gardner,andrew42@example.net,Other,South Heatherburgh,2/6/2024
U008493,Thomas Cruz,ehenry@example.com,Female,North Megan,2/18/2024
U008494,David Bryant,kevin51@example.net,Female,Ayalaton,1/20/2024
U008495,James Luna,pwalker@example.net,Male,North Martinview,5/30/2024
U008496,Jennifer Wilson,sanchezvalerie@example.com,Male,Henryberg,5/19/2024
U008497,Joseph Silva,markturner@example.org,Other,Jeremyhaven,10/24/2025
U008498,Andrew Johnson,hayesjoseph@example.net,Other,North Cherylmouth,8/18/2025
U008499,Shannon Zimmerman,katherinejohnson@example.net,Male,Derrickland,10/16/2024
U008500,Hunter Carey,scotttammy@example.org,Other,West Destinychester,7/28/2024
U008501,Alexa Payne,scott95@example.org,Male,Morganfurt,5/8/2024
U008502,Andrew Todd,joseph40@example.com,Other,North Matthewborough,3/16/2024
U008503,Angela Arias,imassey@example.com,Female,Jonesland,5/5/2024
U008504,Cindy Dennis,miguelchavez@example.net,Other,Merrittborough,1/6/2024
U008505,Christopher Phelps,owilliams@example.org,Male,Michaelborough,3/5/2025
U008506,Dale Brown,markgraves@example.org,Other,Cooperbury,1/5/2024
U008507,Jesus Riggs,stacyjones@example.com,Female,Lake Patricia,1/19/2025
U008508,Bill Sharp,idiaz@example.com,Female,Longfurt,1/7/2024
U008509,Scott Harris,jacquelinewilliams@example.org,Female,South Maxwell,4/8/2024
U008510,Vicki Perez,dferguson@example.org,Male,Vanceburgh,10/31/2024
U008511,Michael Pratt,colleen20@example.net,Other,Fordmouth,6/14/2024
U008512,Catherine Gonzalez,kevin65@example.net,Male,Port Markburgh,1/24/2024
U008513,Rachel Sparks,samuel85@example.org,Male,Debraborough,12/5/2024
U008514,Brian Paul,mitchell31@example.net,Male,New Suzanne,11/26/2024
U008515,Summer Sampson,hayley88@example.com,Other,Trevormouth,10/23/2025
U008516,Luke Crane,qmckenzie@example.net,Male,Port Saraland,3/26/2025
U008517,Amanda Duncan,coxamber@example.net,Other,Lake Melissa,3/18/2024
U008518,Craig Kim,cohenwilliam@example.com,Female,Matthewsside,12/31/2024
U008519,Ann Porter,rick47@example.net,Other,South Gary,9/27/2025
U008520,John Johnson,karenbarnes@example.org,Other,Stoutville,10/21/2025
U008521,Eric Thomas,elizabeth17@example.net,Male,Lake Taylor,10/20/2024
U008522,Mckenzie Wolf,francochristopher@example.net,Female,East Michael,10/3/2025
U008523,Edwin Harris,tararomero@example.org,Other,East Sarah,8/4/2024
U008524,Gerald Kane,johnnyli@example.net,Other,Port Timothyburgh,10/22/2024
U008525,Cory Vazquez,mallen@example.org,Male,South Thomas,9/4/2024
U008526,Ronald Gross,flemingkathleen@example.net,Female,Lauratown,1/28/2024
U008527,Melissa Parker,alec47@example.com,Male,North Benjaminmouth,8/21/2024
U008528,Tyler Jacobs,enielsen@example.net,Male,Gardnerville,8/20/2024
U008529,Christine Martinez,laura83@example.net,Male,Wigginsmouth,10/23/2024
U008530,Ralph Valdez,clewis@example.org,Male,Andersonstad,5/11/2024
U008531,Cynthia Rodriguez,emilymontgomery@example.org,Other,Port Jeffreyside,7/27/2025
U008532,Brian Carroll,zcampbell@example.net,Female,East Valerie,9/16/2024
U008533,Mark Turner,christinebrennan@example.org,Female,South Robert,4/22/2024
U008534,Timothy Kane,mgonzalez@example.org,Male,Port Keith,3/11/2024
U008535,Kathleen Oliver,lisa96@example.com,Male,Amandaport,3/3/2024
U008536,Patricia Charles,ywatson@example.net,Other,Kathrynstad,11/5/2024
U008537,Kevin Krause,kyliechandler@example.net,Male,New Christophermouth,3/12/2025
U008538,Nicolas Carter,jasongriffith@example.com,Male,Maldonadochester,2/5/2024
U008539,Kelli Gregory,pateljacqueline@example.net,Other,Stephaniemouth,10/16/2025
U008540,Karen Burke,otaylor@example.net,Female,New Craig,3/2/2024
U008541,Jill Nguyen,iwilliams@example.com,Female,Millerchester,11/4/2025
U008542,Stephen Navarro,carlsonpeter@example.net,Male,North Kevin,2/8/2025
U008543,Joseph Burns,paige60@example.com,Female,Lake Ericton,3/4/2024
U008544,Matthew Edwards,lindawhite@example.net,Female,Port Mckenzietown,9/28/2024
U008545,Nicholas Reynolds,uwright@example.net,Female,Burkestad,8/27/2024
U008546,Nicholas Reed,hwood@example.org,Other,North Kristinville,3/16/2025
U008547,Kristi Kennedy,emilymays@example.com,Female,Hillshire,11/23/2024
U008548,Antonio Mcdonald,josephholt@example.com,Male,South Kristinaland,2/9/2025
U008549,Sean Guerra,amy87@example.org,Male,East Denise,4/29/2024
U008550,Kristin Wells,victoria89@example.org,Other,West Randallport,4/28/2024
U008551,April Thomas,elizabeth05@example.org,Male,Josephborough,2/16/2024
U008552,Thomas Lee,johnsonphillip@example.com,Other,Payneshire,1/22/2025
U008553,Brian Davis,thomas29@example.net,Male,Teresaberg,12/2/2024
U008554,Teresa Flowers,obarnes@example.net,Male,New Ian,2/21/2024
U008555,Brett Hutchinson,nwright@example.org,Male,Pacefort,11/26/2024
U008556,Anita Floyd,iolson@example.com,Female,Lake Brianshire,5/23/2024
U008557,Brittany Robinson,seth92@example.com,Other,Lake Williamstad,11/22/2024
U008558,Charles Long,brian34@example.com,Male,Richardville,5/10/2024
U008559,Tina Drake,russelljoel@example.org,Male,Williamberg,3/9/2025
U008560,Ashley Shaw,lewismiranda@example.org,Male,Lake Tristan,9/10/2025
U008561,Melissa Howard,gabriel62@example.com,Other,Kennethbury,9/8/2025
U008562,Nicole Levy,ashleyjohnson@example.org,Female,South Carolside,3/21/2024
U008563,Colin Evans,fitzgeraldamy@example.com,Other,East Sarahport,6/10/2025
U008564,Ryan Castro,wattsdaniel@example.com,Other,North Joseph,5/22/2025
U008565,Andrew Garcia,williamwatkins@example.net,Female,Lake Kevinport,11/11/2024
U008566,Luis Cook,muellerchristopher@example.org,Female,South Melissashire,10/3/2024
U008567,Brian Mendoza,megan72@example.net,Male,Brooksbury,8/9/2025
U008568,Danielle Barnes,jlee@example.net,Other,Peterville,5/27/2024
U008569,Jessica Hunt,matthew96@example.net,Other,East Vincent,11/4/2025
U008570,Jessica Krueger,twilliams@example.org,Female,Hansonside,6/28/2024
U008571,Jamie Arroyo,amandamiller@example.com,Male,Gregoryton,11/27/2024
U008572,Jeremy Palmer,wbond@example.com,Male,Lake Jamiemouth,11/2/2024
U008573,Jasmine Schneider,donbradley@example.com,Female,Lake John,7/23/2024
U008574,Kimberly Hoffman,raymond98@example.org,Male,Holtshire,7/5/2025
U008575,Scott Davis,kblack@example.net,Male,Garrisonborough,2/20/2025
U008576,Tonya Ford,sharon55@example.com,Male,Port Amyborough,10/29/2025
U008577,Sara Hill,randymartinez@example.net,Other,Marcusport,5/30/2025
U008578,Timothy Guerra,ksmith@example.net,Female,Boydhaven,8/29/2025
U008579,Douglas Davis,ann85@example.org,Male,New Cynthia,10/7/2025
U008580,Stephanie Martin,samuel86@example.net,Female,Margaretstad,4/17/2025
U008581,David Lam,brianrice@example.org,Male,North Johnside,3/27/2025
U008582,Anthony Vance,rebecca26@example.net,Male,North Lisaland,11/1/2025
U008583,Charles Fox,jcontreras@example.net,Female,Lindseyport,2/6/2024
U008584,Jonathan Clements,tinasullivan@example.net,Other,Mitchellfort,5/29/2025
U008585,Samantha Price,dixonmichelle@example.com,Female,Jennifermouth,9/20/2024
U008586,Kimberly Smith,welchvincent@example.com,Male,Adamville,6/10/2025
U008587,Brittany Mills,gknight@example.org,Female,Josephberg,10/5/2025
U008588,Matthew Shaw,rhall@example.com,Male,Lake Nicolebury,2/25/2024
U008589,Dennis Good,erinnguyen@example.org,Male,North Angela,3/15/2024
U008590,Jacob Jimenez,catherine39@example.org,Other,North Joanville,4/6/2025
U008591,David Adams,maxwelllisa@example.com,Female,Port Jeffrey,10/8/2025
U008592,Jorge Ramsey,swelch@example.net,Male,Frankfurt,11/6/2025
U008593,Katherine Chapman,patelmary@example.com,Female,Port Leahview,1/11/2025
U008594,Amy Aguilar,gfranklin@example.net,Female,Lake Joshualand,4/13/2024
U008595,Debra Jones,santosdarryl@example.com,Male,New Jennifermouth,2/11/2025
U008596,Shannon Curry,stephaniecontreras@example.com,Female,Burtonhaven,1/6/2024
U008597,Douglas Wilkins,nleonard@example.net,Other,West Michaeltown,9/18/2025
U008598,Danielle Collins,allenramirez@example.com,Male,Samanthaberg,8/29/2024
U008599,Rebecca Carpenter,douglas52@example.net,Other,Port Justin,12/23/2024
U008600,Brett Bowman,robertselizabeth@example.com,Female,Jesseshire,4/3/2024
U008601,Jennifer Cherry,castillodennis@example.com,Female,Danielview,3/2/2024
U008602,Patricia Lopez,tstone@example.net,Male,Manuelbury,6/3/2025
U008603,Alan Carr,tbrooks@example.com,Female,West Tracy,1/18/2024
U008604,Kristen Moore,annette87@example.com,Male,Tinaton,4/24/2024
U008605,Ralph Coleman,haustin@example.com,Male,Joshuaberg,5/31/2025
U008606,Melinda Chavez,carrillodeborah@example.org,Other,Mistystad,5/7/2025
U008607,Bradley Bailey,mcneiltony@example.com,Other,Crosbyhaven,2/15/2024
U008608,Christopher Hernandez,mariah87@example.com,Male,Mooreton,7/26/2025
U008609,Christopher Hutchinson,kallen@example.org,Female,Ingramburgh,8/31/2025
U008610,Samuel Hamilton,walterbruce@example.net,Male,Port Elizabeth,9/12/2024
U008611,Emily Parsons,jgoodman@example.net,Male,Rosebury,5/7/2025
U008612,Jennifer Anderson,colemanashley@example.com,Female,Scottshire,6/19/2024
U008613,Stephanie Snyder,ana03@example.org,Female,Sparksport,2/23/2024
U008614,Robert Rodriguez,willie24@example.com,Female,Port Christopherland,8/22/2025
U008615,Stacey Olson,alexmacias@example.org,Male,Port Bryanville,6/5/2025
U008616,Paul Ferguson,smithsamantha@example.com,Female,Joelberg,6/21/2025
U008617,Jamie Campbell,jeffrey82@example.net,Male,West Jennifer,10/1/2024
U008618,Audrey Rogers,john41@example.org,Female,West Anthony,8/13/2025
U008619,Isaiah Bowen,norrisrobert@example.com,Other,Joannaborough,11/25/2024
U008620,Cory Fowler,deansandra@example.com,Male,Phillipsland,3/25/2024
U008621,Joseph Bean,david04@example.org,Other,Lake Alan,2/19/2025
U008622,Paige Hall,anthony47@example.net,Other,South Tracy,1/4/2024
U008623,Michael Park,jessicacampbell@example.net,Male,Dustinchester,7/29/2024
U008624,Denise Collins,robinmorgan@example.net,Other,New Carolinemouth,11/24/2024
U008625,John Collier,ksmith@example.com,Other,Port Stephen,10/29/2024
U008626,Lucas Briggs,natalie53@example.net,Male,Mcintyreton,4/19/2024
U008627,Robert Mueller,adam18@example.com,Male,Port Patriciaport,12/26/2024
U008628,Ronald Payne,stephaniedaniels@example.net,Female,Leslieland,6/17/2025
U008629,Elizabeth Woodard,justinchandler@example.net,Other,Lake Patrickfort,12/19/2024
U008630,Heidi Davidson,penningtoncheryl@example.net,Female,New Michael,9/9/2024
U008631,Christina Kennedy,ffischer@example.net,Male,North Brendachester,5/11/2024
U008632,Gerald Davis,tiffanygarcia@example.net,Other,West John,9/15/2025
U008633,Alex Macias,crystal07@example.org,Female,Port Charlesville,7/4/2024
U008634,Luis Gray,zcalhoun@example.com,Female,Robertville,10/18/2025
U008635,James Bell,jonesjay@example.com,Female,East Beth,5/24/2024
U008636,Sheila Cox,wgordon@example.com,Male,Higginsfurt,2/8/2025
U008637,Samuel Barron,xward@example.com,Other,West Jessica,3/10/2024
U008638,Daniel Brown,bmunoz@example.com,Female,New Teresabury,7/10/2025
U008639,Monica Johnson,fclayton@example.org,Other,Port Benjamin,10/9/2024
U008640,Shannon Diaz,josephellis@example.org,Male,North Christiantown,3/3/2024
U008641,Aaron Smith,breanna37@example.org,Male,Wilsonview,10/4/2024
U008642,Michael Riley,walkerkristie@example.net,Female,East Debbie,8/12/2024
U008643,Veronica Cook,martinezcynthia@example.net,Female,Port Conniestad,10/15/2024
U008644,Sandra Phillips,campbellscott@example.net,Other,Travisview,10/12/2024
U008645,Michael Thompson,ramirezjennifer@example.net,Male,West Williamside,3/7/2025
U008646,Lisa Rivera,joseph30@example.org,Other,Huntville,7/30/2024
U008647,Jessica Parker,hrodriguez@example.com,Male,East Andrewview,2/23/2024
U008648,William Parsons,danielle76@example.net,Other,West Kevin,1/26/2024
U008649,Nicole Orr,charlesfleming@example.org,Male,Alvarezland,6/1/2024
U008650,Mary Mitchell,christinarichardson@example.net,Female,Navarroview,8/24/2025
U008651,Michelle Smith,vincent74@example.com,Male,Jasonbury,10/29/2024
U008652,Vincent Butler,jamesthompson@example.net,Male,Zhangside,9/16/2025
U008653,Tammy Hernandez,loribates@example.org,Female,Crystalfort,7/4/2024
U008654,Charles Gonzales,obaird@example.org,Other,New James,4/27/2025
U008655,Abigail Parker,sheltonbrian@example.net,Other,Sandovalbury,3/16/2024
U008656,Jennifer Pineda,owhite@example.com,Male,Moorestad,4/15/2025
U008657,Jessica Garner,carlathomas@example.com,Female,Janetberg,4/13/2024
U008658,Brent Anderson,washingtonbrooke@example.net,Other,South Kathleenborough,8/3/2025
U008659,Corey Johnson,dawsondavid@example.net,Female,Port Jaketon,2/21/2024
U008660,Alan Thomas,baileyjennifer@example.net,Female,Heidiview,5/14/2024
U008661,Thomas Robbins,alexajones@example.org,Other,North Christina,2/3/2025
U008662,William Morales,nathan31@example.org,Male,Port Tammy,3/24/2025
U008663,Robert Morales,andrew85@example.net,Female,West Traceyside,12/19/2024
U008664,Brandon Williams,jstanley@example.net,Female,North Brandonburgh,9/17/2024
U008665,Brenda Herrera,rebekahhughes@example.net,Male,South Jamesville,3/12/2024
U008666,Robert Fitzgerald,fryenicole@example.org,Male,Martinezview,5/5/2024
U008667,Eric Ray,melindapearson@example.net,Other,North Ruth,6/9/2025
U008668,Daniel Wilson,edwardmartinez@example.net,Male,Christopherstad,7/19/2025
U008669,Lisa White,wesparza@example.net,Other,Lisaburgh,3/9/2025
U008670,Michael Avila,frank47@example.com,Other,Thomasburgh,10/10/2025
U008671,Beth Wheeler,hbarrett@example.com,Female,Garrettside,7/24/2024
U008672,Kristina Black,bwilliams@example.org,Male,Leonardstad,4/5/2025
U008673,Vanessa Colon,christopherrusso@example.org,Male,New Jerryside,3/28/2024
U008674,April Norris,ljackson@example.com,Female,Chelseaport,12/18/2024
U008675,Julie Barry,derek05@example.com,Female,Barrettshire,1/9/2024
U008676,Matthew Chapman,angelawilson@example.net,Male,Martinhaven,11/2/2024
U008677,Glenda Patton,morgancrystal@example.net,Other,New Stephanie,8/24/2024
U008678,Ryan Rios,margaret38@example.com,Male,Fritzfurt,7/16/2024
U008679,Ashley Jackson,ejordan@example.org,Male,North Jennifer,10/28/2025
U008680,Natasha Monroe,sdiaz@example.org,Female,Jasminehaven,9/21/2024
U008681,Brian Orozco,hduke@example.net,Other,Bradville,9/21/2025
U008682,Samuel Blair,ohill@example.net,Female,Donnaton,1/9/2024
U008683,Bradley Morse,donovanelizabeth@example.org,Male,Clarkside,9/1/2024
U008684,Julie Murphy,bowmanmegan@example.net,Other,West Kimberlybury,7/14/2025
U008685,Michael Walker,xrivera@example.org,Female,West Jennifer,12/16/2024
U008686,Sarah Johnson,parkbradley@example.net,Other,Dawnburgh,8/6/2025
U008687,Misty Reid,katherinezuniga@example.com,Other,New Brianna,6/8/2024
U008688,Brendan Carr,mburton@example.net,Other,Petersonfort,3/8/2025
U008689,Robert Brown,davidsonanita@example.org,Male,Port Christopherbury,10/28/2024
U008690,Tyler Garcia,dsmith@example.org,Female,Jamestown,8/30/2024
U008691,Stacy Skinner,bernard44@example.net,Female,Lake Ashleyview,3/1/2025
U008692,Renee Murray,andrew54@example.com,Male,West Rebecca,1/3/2024
U008693,Brian Hartman,leemicheal@example.org,Other,Buchananview,6/1/2024
U008694,Ann Ball,nbell@example.net,Female,Zunigaton,1/5/2024
U008695,Richard Carrillo,anthonycole@example.net,Male,Edwardsberg,9/25/2024
U008696,Rachael Gonzales,michellemartin@example.org,Female,Williammouth,11/21/2024
U008697,Melody Cook,rachel91@example.org,Other,Grayfort,11/9/2024
U008698,Joshua Christensen,gregory19@example.net,Female,West Jamesstad,6/13/2024
U008699,Aaron Duncan,mezatimothy@example.net,Other,East Danielleberg,8/20/2025
U008700,Jay Lawson,billy61@example.net,Other,Port Andrew,3/16/2025
U008701,Shelby Thompson,rosalesanna@example.net,Male,East Amy,8/4/2025
U008702,Brad Brown,ihunt@example.com,Other,North Erin,6/24/2024
U008703,Megan Green,velezlaura@example.org,Male,Lake Natashaberg,4/26/2024
U008704,Briana Davis,jasonlyons@example.com,Female,Jasonport,8/7/2025
U008705,Daniel Brooks,jonesamanda@example.org,Other,East Brianstad,5/5/2024
U008706,Shaun Harris,jessica84@example.com,Female,Lake Kevinhaven,4/11/2024
U008707,Tyler Irwin,michael40@example.com,Other,Elizabethmouth,4/26/2025
U008708,Martha Baker,richardmyers@example.org,Male,Martinborough,1/15/2025
U008709,Elizabeth Hutchinson,salazardiana@example.org,Female,Joshuabury,3/3/2024
U008710,Stephanie Campos,heatherforbes@example.net,Female,New Coreyburgh,9/10/2024
U008711,David Mays,jaredmontgomery@example.com,Female,New Joycetown,6/23/2025
U008712,Brad Austin,cabbott@example.org,Other,Jenniferton,1/7/2024
U008713,Amy Gilmore,figueroarachel@example.com,Other,Chadland,1/16/2024
U008714,Katrina Moore,patriciachaney@example.net,Other,Richardchester,11/14/2024
U008715,William Matthews,mdixon@example.com,Other,Jamesland,4/16/2024
U008716,Ryan Cooper,russellmartin@example.org,Male,North Michael,10/23/2025
U008717,Steven Guzman,brownbrenda@example.net,Other,Kristenchester,3/23/2024
U008718,Derek Schultz,ronaldtaylor@example.com,Male,North Kirk,8/5/2024
U008719,Jeffrey Bailey,annecruz@example.org,Other,East Miguelport,9/20/2024
U008720,Elizabeth Garcia,kelly99@example.com,Female,Lake Amytown,5/9/2025
U008721,Virginia Warren,coreyjones@example.org,Other,Troyville,3/19/2024
U008722,Kerri Cervantes,david38@example.com,Male,New Felicia,8/2/2025
U008723,Robert Lewis,wellsrichard@example.net,Other,New Thomastown,5/24/2024
U008724,Danielle Davis,ochoasusan@example.net,Other,Lake Markfort,3/17/2024
U008725,Julie Kelley,william64@example.net,Female,South Christineville,2/16/2025
U008726,Katie Williams,deborahcabrera@example.com,Male,East Joshua,1/2/2025
U008727,Ryan Wright,halljason@example.com,Male,South Charles,2/10/2024
U008728,Amy Green,nathanconway@example.com,Female,Alishaborough,10/26/2025
U008729,Dominic Duran,xhuffman@example.net,Female,Port Nancychester,3/23/2024
U008730,Kathleen Norman,sfowler@example.com,Female,Jessicaton,7/18/2024
U008731,Joan Santana,gonzaleztony@example.net,Other,Stevenburgh,3/19/2024
U008732,Donald Camacho,carlosmcdonald@example.com,Male,West Stevenbury,11/3/2025
U008733,Dawn Rasmussen,dodsontanya@example.com,Female,Karaberg,8/27/2024
U008734,Melissa Jordan,kyleyoung@example.net,Female,Camachoton,1/22/2025
U008735,Cheryl Cole,kruegerkristen@example.org,Male,Jensenfort,2/25/2024
U008736,Nichole Allison,myerswhitney@example.org,Other,Robertchester,6/27/2025
U008737,Bryan Nelson,mgallagher@example.com,Other,Mcfarlandmouth,7/13/2024
U008738,Tasha Khan,scott06@example.com,Other,North Karenland,3/17/2025
U008739,Erica Smith,kevinjones@example.net,Male,North Alexishaven,4/29/2024
U008740,Jessica Diaz,jasonrobinson@example.com,Other,Sethburgh,10/24/2025
U008741,Dawn White,patrickdavenport@example.net,Other,Ronaldshire,1/19/2025
U008742,Bryan Fletcher,uhunt@example.com,Male,Adamsshire,8/3/2025
U008743,Matthew Holmes,luishahn@example.net,Male,Port James,10/26/2025
U008744,Jennifer Marshall,guerrerosharon@example.org,Female,Beardstad,10/14/2025
U008745,Shawn Ruiz,sharonrobertson@example.net,Male,Hernandezchester,8/23/2024
U008746,Rebecca Lopez,iturner@example.net,Other,Sanchezhaven,2/2/2025
U008747,Barry Stewart,xwhite@example.net,Male,New John,7/8/2024
U008748,Jason Stokes,heidigalvan@example.org,Other,Wadefort,2/20/2024
U008749,Matthew Williams,allenallison@example.com,Female,Candiceton,11/11/2024
U008750,Ian Hunt,vasquezjames@example.org,Other,West Brandonfort,5/31/2025
U008751,Joanna Davis,jfarley@example.org,Other,Watsonside,2/19/2025
U008752,Kathleen Lee,travis74@example.com,Other,Marieburgh,3/3/2025
U008753,Debbie Henson,jeffreymoody@example.org,Male,West Sarahshire,8/28/2024
U008754,Teresa Clark,christinawood@example.net,Other,Peterside,5/28/2024
U008755,Paula Barker,christinapeck@example.org,Male,Josephborough,11/19/2024
U008756,Michael Boone,bishopjohn@example.net,Female,New Petermouth,10/16/2024
U008757,Henry Garcia,larryjordan@example.net,Female,Sergioside,8/31/2025
U008758,Kenneth Murphy,adrian08@example.net,Female,Brownmouth,6/25/2024
U008759,Edward Valdez,lynn28@example.net,Other,Randallland,4/4/2025
U008760,Randall Turner,stevensonmichael@example.org,Other,Diazhaven,8/10/2024
U008761,Sandra Gaines,xsanchez@example.net,Female,East Paul,1/3/2025
U008762,Elizabeth Horne,jasongarcia@example.org,Female,North Pamela,8/31/2024
U008763,Gregory Glass,hopkinsmatthew@example.org,Male,Clarkestad,5/19/2025
U008764,Jason Phillips,carloshill@example.com,Male,Carterhaven,4/8/2024
U008765,Lori Jennings,margaret62@example.com,Female,Lake Linda,2/16/2024
U008766,James Graham,johnnyjones@example.com,Female,Whiteshire,7/20/2024
U008767,Mariah Walton,hernandezwalter@example.net,Female,Lauraborough,7/3/2025
U008768,Erica Flores,theresa09@example.com,Female,Gibsonhaven,1/6/2024
U008769,Joshua Davis,stephen53@example.org,Other,Emilystad,1/11/2024
U008770,Joseph Patterson,dbryan@example.net,Other,Port Amberland,3/14/2025
U008771,Ryan Greer,james07@example.net,Male,Lake Madison,5/6/2024
U008772,Ashley Cox,caseygriffin@example.org,Female,North Jonathan,2/5/2025
U008773,Tanya Mccoy,sophia59@example.com,Other,Tanyaborough,1/11/2025
U008774,Jennifer Herring,lrogers@example.net,Other,New Joanmouth,1/13/2025
U008775,Jeanne Morrison,brenthernandez@example.net,Other,West Dennis,6/12/2025
U008776,Nicholas Wade,patrick67@example.org,Other,West Crystalside,12/13/2024
U008777,David Garcia,lauren96@example.net,Female,Christophertown,5/11/2025
U008778,Jennifer Wilson,anthonywaters@example.com,Female,New Jeffreyfurt,11/14/2024
U008779,Anthony Kennedy,kyle64@example.org,Other,Port Johnhaven,12/25/2024
U008780,Lauren Jackson,bparks@example.net,Female,Carlsonberg,3/6/2025
U008781,Eric Brown,logan76@example.org,Other,Amandaview,2/29/2024
U008782,Katie Vargas,farrellbrenda@example.com,Other,Lake Melissafort,6/28/2024
U008783,Justin Thomas,klara@example.org,Male,Hardinview,7/3/2024
U008784,James Walker,flee@example.com,Male,North Jason,12/19/2024
U008785,Timothy Collins,qhodge@example.com,Female,Julietown,5/18/2025
U008786,Carl Osborn,mathew68@example.com,Male,Angelaland,6/21/2025
U008787,Michelle Bradshaw,kimberly38@example.net,Male,Lake Jesse,10/21/2024
U008788,Jennifer Morton,annette81@example.net,Female,Maryville,1/29/2024
U008789,Donald Goodman,lgibson@example.com,Male,Johnsonhaven,7/31/2025
U008790,Aaron Tucker,robertsbrandi@example.org,Female,East Francisco,10/12/2024
U008791,Melinda Burnett,curtisflynn@example.net,Male,Stephanieville,5/16/2025
U008792,Kathleen Kim,elizabethhuffman@example.net,Male,East Barbaraside,6/16/2025
U008793,Melissa Brown,jonathan40@example.org,Male,Port William,1/15/2025
U008794,Christopher Carter,bridgesmichael@example.net,Female,Williamsmouth,11/25/2024
U008795,Kristin White,joseph52@example.org,Male,West Zacharyside,9/2/2025
U008796,Nathan Herrera,gina09@example.net,Other,Christopherchester,8/29/2025
U008797,Alexis Taylor,martinscott@example.org,Male,Shannonbury,12/9/2024
U008798,Edward Rice,hunterwest@example.com,Female,Danielleview,11/1/2024
U008799,Alicia Jordan,mary68@example.org,Male,East Kelly,3/12/2025
U008800,Henry Hickman,gwilliams@example.net,Male,Port Jimmyville,11/30/2024
U008801,Christine Salas,osmith@example.net,Other,West Julie,7/17/2024
U008802,Christopher Hudson,clifford16@example.net,Other,Annettechester,1/12/2025
U008803,Megan Oneill,cclements@example.net,Male,Higginsshire,6/20/2024
U008804,Jordan Montgomery,richarddebra@example.net,Female,South Johnton,9/16/2024
U008805,Mark Hobbs,allison29@example.net,Female,West Annafort,8/28/2025
U008806,Mallory Johnson,perkinssteven@example.com,Other,East Carolynburgh,12/25/2024
U008807,Zachary Colon,walkerjohn@example.org,Other,Meyerville,5/13/2025
U008808,Ashley Rodriguez,lisabailey@example.com,Male,Jonesport,2/29/2024
U008809,Debra Donovan,fdunn@example.net,Female,South Chelseaside,2/17/2025
U008810,Nicole Johnson,nmayo@example.net,Female,Maryfurt,1/5/2025
U008811,James Stewart,paul95@example.org,Female,South Tyler,9/14/2024
U008812,Ashley Wells,toddseth@example.org,Female,Cruztown,3/30/2024
U008813,Anita Brooks,bridgetdominguez@example.net,Other,North Davidview,6/30/2025
U008814,Calvin Jones,mariaclements@example.org,Other,Melissahaven,7/5/2025
U008815,Mary Ward,wilsonmichael@example.net,Male,Drakeberg,9/5/2025
U008816,Timothy Green,paul88@example.com,Female,East Jennifer,4/24/2025
U008817,Jason Taylor,dawn72@example.com,Male,Jonathanborough,9/21/2024
U008818,Scott Mckenzie,henry49@example.com,Male,West Emilyview,12/13/2024
U008819,Jenna Hardy,asantiago@example.com,Male,Debrastad,7/15/2025
U008820,Heidi Washington,sarah85@example.org,Male,South Tammy,7/20/2025
U008821,David Chan,blove@example.net,Other,Jonathanview,9/21/2024
U008822,Cynthia George,aandrews@example.org,Other,Toddport,4/23/2024
U008823,Craig Hurst,lawrence13@example.org,Female,New Elizabeth,9/19/2024
U008824,Anthony Johnson,manderson@example.com,Female,Salasstad,6/17/2025
U008825,Melissa Jimenez,cynthia14@example.net,Other,Gayberg,7/8/2025
U008826,Bryan Henderson,dramirez@example.com,Female,South Marie,10/2/2025
U008827,Tara Price,hamiltonchristina@example.org,Other,Lake Deanburgh,1/24/2024
U008828,Melvin Medina,tamara38@example.com,Other,South Jennifershire,3/21/2025
U008829,Barbara Wong,bwalters@example.org,Female,South Rileyville,8/29/2025
U008830,Andrew Brady,hallpaul@example.org,Female,Carolview,10/5/2025
U008831,Nicole Jackson,zwilson@example.net,Other,Stevensview,5/13/2025
U008832,Lisa Clark,danielleadams@example.org,Other,South Lauraton,11/2/2024
U008833,Tanner Cunningham,marvinbell@example.com,Other,East Kimberly,4/10/2024
U008834,Ray Singleton,kennedyvictor@example.org,Other,Port Sharon,12/12/2024
U008835,Carol Wilson,calderonellen@example.net,Other,Matthewhaven,12/11/2024
U008836,Jacob Hickman,shawnclarke@example.com,Female,Lake Edward,2/3/2025
U008837,Michelle Gray,christopher51@example.net,Female,South Dawn,5/11/2024
U008838,Juan Ochoa,gwashington@example.com,Female,West Omar,6/17/2025
U008839,Heather Williams,silvamonica@example.org,Other,Port Richardside,10/10/2025
U008840,Kelsey Wilson,brenda42@example.com,Male,West Courtneyport,1/1/2024
U008841,Roger Martinez,troy48@example.net,Female,New Bradleyshire,7/20/2024
U008842,Stephen Diaz,jimmy30@example.com,Male,Hendersonton,7/26/2024
U008843,Kimberly Hernandez,robertmcknight@example.net,Female,East Rebecca,7/8/2024
U008844,Frank Villarreal,alexander58@example.org,Male,New Kaylee,4/20/2024
U008845,Kaitlyn Dunn,priscillabauer@example.com,Female,South Marcia,6/28/2024
U008846,Kyle Smith,hhenderson@example.net,Female,Ramirezhaven,12/30/2024
U008847,Stacey Harrington,khamilton@example.org,Female,Ethanbury,7/1/2025
U008848,Timothy Garcia,davidmoore@example.org,Male,Gilmoreville,12/23/2024
U008849,Ashley Lucas,karenwallace@example.com,Male,New Jesse,10/14/2025
U008850,Kathryn Williams,erichopkins@example.org,Female,Huangfort,5/7/2024
U008851,Deborah Calhoun,davidnguyen@example.org,Female,Wilsonhaven,7/27/2025
U008852,Brittany Hernandez,sonia33@example.com,Female,Rogersland,1/24/2024
U008853,Joshua Griffin,john15@example.net,Male,North Richard,4/16/2024
U008854,Jon Mitchell,jill74@example.org,Other,South Zacharyhaven,6/24/2024
U008855,Anthony Cooper,zkelly@example.com,Male,Richardsonhaven,5/11/2025
U008856,Savannah Jacobs,angelajacobs@example.com,Other,Mcdowellside,5/10/2024
U008857,Melissa Pena,smithtimothy@example.net,Other,North Angelica,2/23/2024
U008858,Ralph Cooper,melissa38@example.org,Female,New Danielside,4/26/2024
U008859,Anna Blake,tina94@example.net,Male,East Christian,10/9/2025
U008860,Kelly Perez,jonathan41@example.org,Male,Newtonhaven,6/29/2024
U008861,Jessica Townsend,hrios@example.com,Other,Stokesside,11/9/2025
U008862,Brian Lawrence,michaelgraves@example.com,Other,Woodardborough,11/1/2024
U008863,Samantha Schultz,burnsstephanie@example.org,Other,Lake Wendychester,2/27/2024
U008864,Kelly Coleman,benjaminrodriguez@example.net,Male,West Meghanborough,10/21/2024
U008865,Sherry Lopez,catherine16@example.org,Male,Anthonytown,3/13/2024
U008866,Christopher Black,tiffanymccarthy@example.org,Male,Elizabethtown,6/17/2024
U008867,Daniel Webster,frankthomas@example.org,Male,Port Samantha,1/13/2024
U008868,Elizabeth Smith,michael42@example.com,Male,Kaylahaven,3/9/2025
U008869,Shawn Kane,elizabethanderson@example.net,Female,South Craig,2/17/2024
U008870,John Wang,richardsonadrienne@example.net,Other,Jonathanburgh,10/26/2024
U008871,Kenneth Valdez,michelle13@example.org,Male,South Christopher,10/27/2025
U008872,Stephanie Marshall,jerry45@example.net,Female,Cassandraberg,6/14/2024
U008873,Daniel Morris,deleonteresa@example.com,Female,South Patricia,1/9/2025
U008874,Ashley Gonzalez,qmorgan@example.org,Female,West Melissa,5/10/2024
U008875,Donald Smith,mary91@example.org,Male,East Mike,10/4/2024
U008876,Kathleen Gibbs,osborncristian@example.org,Male,Feliciaport,8/16/2024
U008877,Stephanie Patterson,michelle74@example.net,Other,Lake Richard,11/27/2024
U008878,Dustin Carroll,gmclean@example.net,Other,New Maryfurt,4/1/2024
U008879,Katie Chan,thomasjoseph@example.org,Male,Jessicaville,5/15/2024
U008880,Jonathan Coffey,danamitchell@example.net,Other,Lake Julianshire,3/14/2025
U008881,Eric Baker,tgarcia@example.org,Female,Port Tammymouth,4/27/2025
U008882,Frank Hernandez,kristina06@example.com,Female,North Lance,7/13/2024
U008883,Angela Le,jaredjackson@example.net,Male,Lake Jacobhaven,4/15/2025
U008884,Steven Brown,rlee@example.net,Female,Jamesville,5/28/2024
U008885,Shelly Snow,fmiller@example.net,Female,Patriciafurt,1/7/2024
U008886,Madeline James,millertimothy@example.com,Other,Shawnport,7/31/2024
U008887,John Garcia,austin14@example.net,Male,Stephanieview,1/23/2024
U008888,Melissa Morrow,wallersandra@example.net,Other,Richardmouth,10/24/2024
U008889,Sara Sampson,christensenrenee@example.com,Female,South Lauren,1/5/2024
U008890,Ryan Payne,erikarodriguez@example.com,Male,Sullivanview,3/3/2024
U008891,Jeremy Logan,kellyhuang@example.com,Male,Lake Anthony,6/4/2025
U008892,Andrea Collins,bensonmichael@example.org,Female,Jeffreyberg,12/24/2024
U008893,Annette Nelson,perezmelissa@example.org,Female,West Harold,6/14/2025
U008894,Michelle Hayes,barbarasmith@example.com,Male,Lopezburgh,2/9/2025
U008895,Gary Roberts,ian33@example.net,Female,Lake Christopherburgh,11/4/2025
U008896,Timothy Ramirez,tapiaryan@example.net,Female,Dillonfort,11/5/2024
U008897,Katherine Lowery,michael20@example.com,Male,Tatehaven,2/4/2024
U008898,Amanda Ramirez,larry27@example.net,Male,North Michael,10/18/2025
U008899,Patricia Cortez,huntercharles@example.net,Other,East Paula,3/16/2024
U008900,Ashley Ellis,bgriffin@example.net,Other,Stricklandshire,3/21/2024
U008901,Steven Mckay,cassandra27@example.net,Other,Huffmanhaven,1/10/2025
U008902,Jon Wall,jgonzalez@example.net,Female,Jacquelineborough,1/11/2025
U008903,Brian Hawkins,wilsonamanda@example.net,Other,South William,4/9/2024
U008904,Amy Osborne,ortizchelsea@example.com,Other,Port Kathryn,10/19/2025
U008905,Isabella Baker,john48@example.org,Female,South Bradley,3/20/2024
U008906,Kristin Mack,brianguerra@example.com,Female,North Cheryl,10/20/2024
U008907,Shannon Koch,rachel81@example.com,Female,Mcdowellmouth,8/15/2025
U008908,Brandon Alvarez,pagechad@example.com,Other,Port Jenniferchester,4/10/2025
U008909,David Davis,jballard@example.net,Other,Jamiemouth,8/28/2024
U008910,Christine Keith,leepatrick@example.org,Male,South Melindahaven,3/1/2025
U008911,Trevor Simpson,karen03@example.org,Other,West Jennifermouth,10/15/2024
U008912,John Mayer,elizabeth67@example.org,Other,Willisfurt,9/4/2025
U008913,Jill Mullins,vanessa74@example.com,Female,West Christina,1/18/2025
U008914,David Gutierrez,allison40@example.org,Female,Douglasberg,10/11/2024
U008915,George Roberts,rpierce@example.org,Other,Rodrigueztown,2/19/2024
U008916,Clayton Pratt,cheyennehernandez@example.com,Male,Lake Amyfurt,7/31/2025
U008917,Shane Walker,william90@example.com,Other,Christopherburgh,5/16/2024
U008918,David Miller,andrea30@example.net,Female,Newtonfort,3/2/2025
U008919,Nicole Rodriguez,ocrawford@example.com,Male,South Carolynland,2/11/2024
U008920,David Boyd,amanda31@example.com,Male,Erinside,7/8/2024
U008921,Gloria Fleming,adamsandrew@example.net,Other,Lake Travisview,5/5/2024
U008922,William Rhodes,walshmichael@example.com,Other,West Katie,10/3/2025
U008923,Michael Webb,charles39@example.com,Male,North Jasonbury,1/24/2025
U008924,Anthony Soto,tammycampbell@example.org,Female,Holtberg,3/28/2024
U008925,Sarah Turner,lynngarza@example.com,Male,Christopherport,3/13/2025
U008926,Ryan Howell,leonardthomas@example.net,Female,Adamview,1/21/2025
U008927,Cheryl Kim,michaeljennings@example.net,Other,Parkschester,10/25/2024
U008928,Jessica Perry,wwise@example.net,Male,North Andrewburgh,7/6/2025
U008929,Jonathan Fox,daniel67@example.org,Female,North Johnfort,6/15/2025
U008930,Sara Richardson,richard38@example.net,Female,Jacobburgh,11/16/2024
U008931,Shawn Morales,karen80@example.com,Male,New Katherineton,3/13/2024
U008932,Matthew Reeves,moonjoshua@example.org,Female,Elizabethfurt,10/6/2024
U008933,Natasha Ward,boltoncrystal@example.com,Male,Hernandezshire,9/16/2024
U008934,Stacy Ramos,hhardy@example.org,Other,Lamberthaven,5/21/2025
U008935,Charles Vaughn,stephensonkayla@example.org,Other,East Linda,8/21/2024
U008936,Ronnie Lewis,richardsonsean@example.org,Male,Campbellmouth,7/19/2025
U008937,Sandra Thompson,kscott@example.net,Other,Barberside,2/20/2025
U008938,David Powell,juliecooper@example.net,Other,Jacquelineburgh,9/3/2024
U008939,John Meyer,marissamcclure@example.net,Male,Lindsaystad,9/15/2025
U008940,James Davis,thomaspreston@example.org,Female,New Tammyhaven,9/18/2024
U008941,Patricia Jones,dawn48@example.com,Male,Williamport,10/10/2024
U008942,Bridget Waller,rojasfernando@example.org,Male,West Brianshire,8/9/2025
U008943,Richard Hill,anna18@example.org,Male,Morrisport,10/12/2024
U008944,Jay Williams,hmcmahon@example.com,Other,South Kevinville,4/15/2025
U008945,Steven Willis,dyang@example.org,Female,Port Ryan,6/3/2025
U008946,Jennifer Stevens,nelsonalexis@example.org,Other,Lynchview,9/25/2024
U008947,Kelli Scott,gjones@example.com,Other,West Laura,3/15/2025
U008948,Kristin Daniel,scottrobert@example.org,Male,Samanthaland,4/10/2025
U008949,Marilyn Jackson,friedmanchristopher@example.org,Other,East Bethshire,7/30/2025
U008950,Michael Parker,roblesgregory@example.com,Female,North Elizabeth,3/11/2025
U008951,Jamie Williams,nathan60@example.org,Male,Popeland,8/21/2025
U008952,Richard Johnson,efuller@example.com,Female,Kingmouth,7/31/2024
U008953,Melanie King,ogutierrez@example.net,Female,Lake Kimberlyshire,3/7/2024
U008954,Peter Herrera,johnsoncarl@example.org,Other,North James,7/28/2025
U008955,Alexis Howard,richardsdiamond@example.net,Other,North Ellenport,6/14/2025
U008956,Logan Moyer,kjackson@example.net,Other,Brittanyville,6/7/2025
U008957,Mark Morrison,teresa76@example.net,Male,New Josephmouth,1/24/2025
U008958,Victoria Garcia,mary03@example.com,Other,Townsendshire,12/21/2024
U008959,Henry Moore,allenbarbara@example.net,Female,New Karen,2/10/2024
U008960,Jacob Baird,fanderson@example.com,Female,Chadville,6/26/2024
U008961,Austin Larsen,yatesjessica@example.net,Male,North Crystal,5/20/2025
U008962,Michael Gray,bpowell@example.org,Other,South Katietown,9/18/2024
U008963,John Joseph,johnsonraymond@example.org,Female,Terryfort,7/16/2024
U008964,Gregory Miller,rmiller@example.org,Female,Scotthaven,3/6/2025
U008965,Kevin Scott,houstonlauren@example.com,Female,Davidport,12/17/2024
U008966,Christina Simmons,sarah91@example.com,Female,Lake Charlesland,7/30/2025
U008967,Megan Higgins,vneal@example.net,Male,Matthewville,6/16/2024
U008968,Hector Frederick,schroederlinda@example.org,Female,Schaeferville,6/29/2024
U008969,Melissa Bentley,earlmcdonald@example.com,Female,Rebeccachester,7/26/2025
U008970,John Wallace,jessica40@example.org,Female,Jennafurt,12/10/2024
U008971,Jon Scott,khudson@example.com,Female,Rossview,10/16/2024
U008972,Brandon Andrews,gjones@example.net,Female,East David,3/5/2025
U008973,Morgan Wise,lisamartin@example.net,Other,Aliciaton,6/27/2024
U008974,Cody Rhodes,tperez@example.org,Male,New Matthewfurt,11/22/2024
U008975,Eric Stark,kevincarroll@example.net,Male,West Catherinemouth,12/16/2024
U008976,Edward Dorsey,ginalynch@example.com,Other,Sarahshire,3/17/2025
U008977,Amy Campbell,lbentley@example.net,Female,Jacksonfurt,9/14/2025
U008978,Daniel Vasquez,mortonlinda@example.com,Other,Port Andrea,1/12/2024
U008979,Heather Gonzalez,tinacarr@example.net,Female,Wilsonmouth,8/9/2024
U008980,Jason Stephens,sandra34@example.org,Female,Susanside,5/26/2025
U008981,Trevor Lyons,fowens@example.org,Female,Michaelton,7/21/2024
U008982,Margaret Sanchez,ejones@example.com,Male,Matthewside,1/30/2025
U008983,Karen Oliver,yolanda68@example.com,Other,Pricehaven,8/12/2025
U008984,Julia Sanchez,gomezamanda@example.net,Female,New Denisemouth,5/5/2025
U008985,Melinda Little,henryford@example.net,Other,Brandyport,2/3/2024
U008986,Kurt Howard,nancy40@example.org,Female,New Barbarafurt,12/4/2024
U008987,Denise Francis,scott90@example.com,Male,South Andrew,5/3/2025
U008988,Karen Nelson,joshuaramos@example.net,Other,North Karashire,6/8/2025
U008989,Brett Oneill,vmurphy@example.net,Other,West Gregoryland,9/7/2025
U008990,Margaret Hunt,dyerryan@example.com,Male,Crawfordtown,4/11/2025
U008991,Steven Harvey,robertreynolds@example.com,Male,Georgebury,12/23/2024
U008992,Amy Barber,fosterdavid@example.net,Male,Aprilhaven,8/31/2025
U008993,Yolanda Hill,ysantos@example.net,Female,Port Melissaton,6/4/2025
U008994,Brian Mullins,pwhitaker@example.com,Female,Port Justinburgh,1/2/2025
U008995,Brooke Williams,samuelmyers@example.com,Other,Jeffreyberg,11/18/2024
U008996,Stephen Sparks,michael49@example.org,Female,Carneyberg,11/8/2025
U008997,Stephen West,allenrodney@example.org,Male,Hutchinsonstad,11/28/2024
U008998,Tyler Morrow,dawnmolina@example.com,Other,Lake Toddmouth,10/29/2025
U008999,Andrea Barr,qking@example.com,Female,East David,2/28/2024
U009000,David Ramirez,gdudley@example.net,Male,Lake Hannahshire,12/18/2024
U009001,Tammy Bell,opaul@example.org,Male,Fuentesfort,5/13/2025
U009002,Tamara Garner,jlawrence@example.com,Female,Lewisport,1/12/2024
U009003,Meagan Cook,ylloyd@example.org,Other,East Rachel,12/19/2024
U009004,Karen Rivera,anamcmillan@example.com,Female,West Shellyfort,5/11/2024
U009005,Brian Cain,jonathanknox@example.org,Female,East Christopher,10/21/2024
U009006,Nicole Brown,smithanna@example.com,Male,East Kyleport,4/21/2024
U009007,Sarah Stafford,mmckee@example.net,Other,Port Kelly,12/22/2024
U009008,Mark Walker,uarnold@example.net,Female,Wadeborough,5/9/2024
U009009,Autumn Bailey,eric68@example.com,Other,Moodyfurt,1/6/2025
U009010,Joseph Ross,donaldsonnatasha@example.org,Other,East Taylorton,9/8/2024
U009011,Anthony Simon,omay@example.net,Male,West Carol,5/18/2025
U009012,Andrea Adams,stephanieperez@example.org,Male,South Doris,9/3/2025
U009013,Joseph Arnold,george85@example.org,Male,Burtonstad,8/15/2025
U009014,Raymond Rivera,robert18@example.org,Female,Murphyview,10/20/2024
U009015,Maria Hamilton,dhunt@example.com,Female,West Mark,7/14/2025
U009016,Nichole Davis,bennettkeith@example.com,Other,Port Debra,6/6/2025
U009017,Paul Bell,jillarellano@example.net,Female,Kimburgh,9/15/2024
U009018,Kristina Rivera,gjordan@example.net,Male,South Robert,10/18/2024
U009019,Lee Flores,ksmith@example.org,Female,Gordonfort,6/12/2024
U009020,Connie Evans,jamesclark@example.net,Other,West Samuel,10/6/2024
U009021,Jenna Harrison,carrollmargaret@example.net,Female,Port Monica,11/29/2024
U009022,Julie Smith,kent09@example.com,Female,East Denise,1/4/2024
U009023,Calvin Miller,amy26@example.com,Other,Christopherside,7/21/2025
U009024,Dawn Alexander,monicaromero@example.org,Other,Thomasport,9/27/2025
U009025,Reginald Franklin,franklinjames@example.net,Female,Laurenburgh,7/2/2025
U009026,Shawn Brown,frivera@example.com,Male,Hernandezbury,3/4/2025
U009027,Jean Jackson,nwong@example.org,Male,East Cliffordside,5/25/2024
U009028,Patrick Dawson,samantha27@example.net,Male,New Tonya,6/17/2024
U009029,Patricia Kelly,hross@example.com,Male,New Melissaton,10/15/2024
U009030,John Turner,michaelnichols@example.org,Female,South Natalieville,3/1/2024
U009031,David Ramsey,kevin09@example.com,Female,Edwardshaven,7/27/2024
U009032,Jennifer Thomas,gbennett@example.org,Other,Christinaview,8/16/2024
U009033,William Morris,dylan98@example.net,Other,Beasleyshire,6/9/2024
U009034,Jonathan Byrd,eric81@example.org,Female,Lake Jacob,11/30/2024
U009035,Brandy Robbins,williamchavez@example.com,Male,Harrisbury,10/11/2024
U009036,Alexander Bailey,pscott@example.net,Other,Nicoletown,8/3/2024
U009037,Debra Hinton,grice@example.com,Other,North Stacy,11/7/2025
U009038,Steven Garcia,petercarter@example.net,Female,East Emily,8/21/2025
U009039,John Russo,paul02@example.net,Female,Graytown,4/10/2025
U009040,Taylor Baker,gonzalezjared@example.net,Male,Port Julie,3/13/2025
U009041,Patricia Johnson,levipotts@example.com,Female,Jenniferfurt,10/23/2024
U009042,Jacob Howell,jelliott@example.org,Other,New Christinatown,11/3/2024
U009043,Douglas Robinson,millerpatricia@example.org,Other,New Feliciaburgh,5/25/2024
U009044,Julie Bennett,jjackson@example.org,Male,New Danielburgh,2/16/2025
U009045,Robert Gomez,jeffrey83@example.com,Male,Lake Paula,5/1/2024
U009046,Katherine Mccarthy,upowers@example.org,Male,Nataliefurt,11/22/2024
U009047,Cindy Singleton,christinaarnold@example.com,Female,North Wendy,12/30/2024
U009048,Jonathan Gibson,catherine38@example.com,Female,New Jamie,6/14/2025
U009049,Kelli Orozco,joanne47@example.net,Male,New Autumn,4/7/2025
U009050,Elizabeth King,davidroman@example.net,Other,Karenhaven,9/13/2024
U009051,David Washington,fuenteskelly@example.net,Other,Port Waynetown,8/24/2024
U009052,Benjamin Fox,patelmelissa@example.com,Female,South Deborahberg,4/16/2024
U009053,Angela Ferguson,carlbrown@example.org,Other,Powersstad,1/23/2025
U009054,Wendy Burns,mcastillo@example.net,Female,Garciaton,4/13/2025
U009055,Ralph Lawrence,john22@example.org,Other,East Rebekah,2/9/2025
U009056,Justin Daniels,wrightlisa@example.net,Female,Zimmermanchester,10/3/2025
U009057,Cory Davis,bryan36@example.com,Female,Damonbury,5/21/2025
U009058,Thomas Cannon,jeremyscott@example.org,Other,Jessicabury,1/16/2024
U009059,Alejandra Mitchell,pricephyllis@example.org,Other,South William,3/28/2025
U009060,Gina Phillips,todd77@example.net,Female,East Nicole,2/5/2025
U009061,William Anderson,damon89@example.com,Other,Rileyside,6/7/2025
U009062,Joseph Martinez,avaldez@example.com,Male,South Ann,8/30/2025
U009063,Carlos Miller,emilyenglish@example.com,Female,Lake Julie,4/10/2024
U009064,Robert Jimenez,chadmartinez@example.com,Other,New Felicia,2/24/2024
U009065,Fred Scott,mcruz@example.com,Other,Loribury,3/11/2025
U009066,Laura Rogers,mwalsh@example.org,Other,Matthewfort,1/9/2024
U009067,Danny Lewis,gcunningham@example.com,Male,West Charlotteland,11/2/2024
U009068,Brian Moses,kenneth62@example.com,Female,Carlosfort,6/29/2025
U009069,Robert Sullivan,kevinhamilton@example.com,Male,Port Michaelmouth,8/23/2025
U009070,Aaron Orozco,angela63@example.org,Other,East Joshuabury,8/2/2024
U009071,Ann Lopez,banksrussell@example.com,Male,Thomasmouth,7/27/2025
U009072,Larry Lindsey,lewisrichard@example.com,Male,Lake Richardshire,1/21/2024
U009073,Eric Shelton,johnjones@example.org,Female,South Isaiahfurt,11/3/2024
U009074,Margaret Hernandez,elopez@example.com,Female,Port Erinchester,6/10/2025
U009075,Tracy Miller,jason43@example.com,Other,Larsonport,6/27/2024
U009076,Alexis Calhoun,wilkersonchristopher@example.net,Male,Boydland,5/4/2025
U009077,Stephen Johnson,llong@example.net,Female,East Sean,7/26/2025
U009078,Tamara Bailey,kimberly35@example.com,Male,Heatherburgh,4/1/2024
U009079,Aimee Ross,zacharygarcia@example.net,Male,Lake Patrick,7/15/2024
U009080,Wendy Cowan,zingram@example.net,Female,Blankenshipstad,12/28/2024
U009081,Jessica Jones,robertshaw@example.com,Female,New Nicoleland,9/24/2025
U009082,Thomas Fields,lauriegreen@example.net,Female,South Juliaside,5/16/2025
U009083,Joe Torres,gary62@example.net,Other,Jenniferport,4/18/2025
U009084,Ann Nguyen,richard76@example.org,Female,New Patriciahaven,2/22/2024
U009085,Joe Patterson,jacobsnicholas@example.net,Male,Markstad,7/12/2025
U009086,Paul Ingram,lukenguyen@example.org,Female,Jonesshire,11/8/2025
U009087,Jacob Palmer,vaughnsarah@example.net,Female,Andersonton,1/9/2025
U009088,Amy Lee,kkent@example.com,Other,Davidfurt,10/20/2024
U009089,Dawn Mendoza,jasoncarter@example.net,Other,North Aaronview,6/5/2024
U009090,Karen Rivers,stephanie92@example.com,Male,New Karinamouth,12/3/2024
U009091,Linda Williams,berrymark@example.org,Other,South Jaime,7/28/2025
U009092,Matthew Chen,coxhunter@example.com,Male,Melissaville,3/20/2024
U009093,Denise Crawford,fsnyder@example.com,Other,Jenniferhaven,8/2/2025
U009094,Joshua Saunders,deleonandrew@example.org,Male,Hensleyville,2/10/2024
U009095,Ana Clark,alison36@example.org,Male,Tranborough,4/20/2025
U009096,Joseph Meyer,turnerashley@example.com,Other,South Nicholas,2/29/2024
U009097,Joshua Mcdonald,pamelaconner@example.net,Male,West Paulahaven,9/23/2024
U009098,Jonathan Watson,hernandezjeffrey@example.com,Other,Brandonstad,4/11/2025
U009099,Jacqueline Ward,megan62@example.org,Female,Thomashaven,9/9/2025
U009100,Rebekah Williamson,marshalljerry@example.com,Female,Ortizport,12/16/2024
U009101,Philip Harrington,popebrenda@example.com,Other,Brookebury,6/17/2024
U009102,Paul Hayes,dday@example.org,Female,Isaacfort,7/4/2024
U009103,Tracey Pearson,prattronnie@example.com,Female,Thomasmouth,5/14/2024
U009104,Crystal Nguyen,rwatkins@example.com,Other,East Ryanbury,3/1/2024
U009105,Brian Harmon,davidking@example.org,Other,Scotttown,10/15/2024
U009106,William Lambert,lthomas@example.net,Other,Lake Sarahbury,1/5/2024
U009107,Alexander Rice,moorewilliam@example.com,Female,North Patrick,1/16/2024
U009108,Phillip Rosales,heatherdiaz@example.com,Male,Jacquelineton,8/13/2025
U009109,Derek Green,fkramer@example.org,Other,South Kelly,3/17/2025
U009110,Andrew Montes,nmorris@example.net,Other,New Hollymouth,1/3/2024
U009111,Lucas Valdez,carterpatrick@example.net,Female,Robinsonton,10/16/2025
U009112,Hannah Bailey,patricia26@example.org,Male,Brookeview,11/12/2025
U009113,Joshua Key,ebailey@example.com,Male,Jonestown,5/17/2024
U009114,Melissa Pearson,vargaspaul@example.com,Male,North Laura,6/3/2024
U009115,Douglas Thomas,mmedina@example.org,Other,Hartberg,1/11/2025
U009116,Christina Robbins,kelly38@example.org,Female,New Jessica,10/17/2025
U009117,Jacob Adams,wuisaiah@example.com,Female,Lake Geneton,4/20/2025
U009118,Patricia Parker,danielle85@example.net,Female,Williamton,5/22/2024
U009119,Chad Martinez,kenneth39@example.net,Female,Timothyfort,7/18/2025
U009120,Allison Haynes,xsoto@example.org,Female,East Heatherside,3/23/2025
U009121,Nathaniel Jackson,patrickwhite@example.com,Male,North Crystalton,3/19/2025
U009122,Christopher Bryant,suzanne87@example.org,Male,Claytonhaven,6/4/2024
U009123,Robin Quinn,ystanton@example.org,Male,Porterhaven,4/6/2025
U009124,Matthew Richmond,ohall@example.net,Male,West Donnabury,1/19/2024
U009125,Tammy Cooke,sharris@example.net,Other,West Sandra,8/4/2024
U009126,Matthew Diaz,jonathanbailey@example.com,Male,Harpermouth,2/25/2024
U009127,Jasmine Robinson,gainesmackenzie@example.org,Male,South Shelby,1/5/2025
U009128,Stephanie Holmes,rachaelstout@example.net,Other,Port Josephborough,9/16/2024
U009129,Cassandra Reed,hguzman@example.net,Other,West Jaimeborough,5/6/2024
U009130,Laura Hoffman,deborah22@example.org,Other,Cynthiaborough,11/18/2024
U009131,Deborah Nelson,christopher04@example.net,Other,Hunterfurt,6/24/2025
U009132,Caleb Baker,jennifer72@example.net,Other,Walkerside,8/22/2024
U009133,Julie Byrd,pcole@example.net,Other,Martinezberg,3/26/2024
U009134,Courtney Lewis,mwhite@example.org,Other,West Anthonystad,7/6/2025
U009135,Tyler Palmer,bryantstephanie@example.com,Other,Lake Elizabethfurt,1/20/2024
U009136,Sherri Anderson,jriley@example.net,Male,Johnshire,2/23/2024
U009137,Cheryl Cohen,franktimothy@example.net,Female,Port William,10/23/2024
U009138,Cassandra Graves,hensleyjessica@example.net,Female,Berryshire,10/9/2024
U009139,Cindy Lee,nelsonandrea@example.org,Male,Jeremyfort,12/2/2024
U009140,Brent Snyder,lisa03@example.net,Male,Dunlapburgh,4/16/2025
U009141,Gerald Pena,kevin80@example.org,Male,Andersonshire,6/17/2024
U009142,Robert Horton,hayala@example.net,Male,West Ryanmouth,4/6/2024
U009143,Jonathan Benjamin,ronaldbrown@example.org,Female,South Ericview,10/23/2024
U009144,Barry Scott,hardinjill@example.net,Female,West Jamesberg,5/18/2025
U009145,Samuel Jimenez,leonardshelley@example.org,Female,New Paulshire,10/21/2024
U009146,Kelly Dickerson,jhernandez@example.com,Other,West Angelicaton,8/28/2024
U009147,Scott Koch,philip18@example.net,Female,Rodgersview,9/26/2025
U009148,Timothy Green,hodgesdavid@example.com,Male,Jamestown,2/4/2024
U009149,Michael Weber,slee@example.org,Female,Karatown,10/25/2025
U009150,Brandon Wilson,karenperkins@example.org,Other,Melissahaven,3/18/2025
U009151,Kristine Miller,quinnryan@example.org,Other,Crystalborough,10/15/2024
U009152,Holly Williams,adam42@example.org,Female,Tiffanyberg,1/27/2025
U009153,Tamara Hughes,ronaldrogers@example.org,Male,South Martin,2/7/2024
U009154,Ryan King,aaronwest@example.com,Other,Port Marc,7/18/2024
U009155,Kenneth Benson,jennaanderson@example.com,Female,West Emilyhaven,4/23/2024
U009156,Stephanie Todd,vthomas@example.com,Male,North Tonyside,1/12/2025
U009157,Lisa Smith,blackwellpamela@example.net,Other,Christiantown,12/29/2024
U009158,Mitchell Dominguez,duncanlisa@example.org,Male,Port Jasminemouth,6/2/2025
U009159,Daniel Soto,devinthomas@example.net,Male,Stevenmouth,1/11/2024
U009160,Gary Hawkins,dudleyjasmine@example.org,Male,Robertstad,7/31/2025
U009161,David Pittman,uthomas@example.net,Other,Lake Karenbury,9/27/2025
U009162,Sara Ortiz,schroedersharon@example.org,Male,New Dianamouth,5/25/2025
U009163,Samantha Gates,peggy21@example.org,Other,North Michele,4/16/2024
U009164,Evelyn Rodriguez,donna04@example.com,Male,Shawview,9/9/2024
U009165,Todd Zamora,marilyn26@example.net,Female,West Gregoryburgh,9/13/2025
U009166,Bonnie Bryant,cruzbrittany@example.com,Male,Langmouth,3/17/2025
U009167,Matthew Holmes,milleramanda@example.org,Male,East Joseph,5/15/2025
U009168,John Lopez,vcarter@example.org,Male,New Sierramouth,1/1/2025
U009169,Cynthia Owens,jweeks@example.net,Male,South Carolynfurt,2/23/2025
U009170,Sheila Rodriguez,harrisjessica@example.com,Female,Thomasburgh,10/7/2024
U009171,Raven Smith,ibaker@example.net,Other,Lake Crystalshire,2/28/2024
U009172,Taylor Smith,haleroberta@example.net,Male,East Haleyton,9/12/2024
U009173,Stuart Miller,daniel59@example.org,Male,South Peggy,5/26/2025
U009174,Jared Perez,ncherry@example.net,Male,Baileychester,9/8/2024
U009175,Holly Hunter,igonzalez@example.com,Female,Lewisview,1/8/2025
U009176,Michele Lee,schroedergeorge@example.com,Female,South Victoria,1/26/2024
U009177,Marisa Mcmahon,zgonzalez@example.org,Male,North Robertside,8/15/2024
U009178,Chad Burns,alexismcintyre@example.org,Male,Port Wanda,1/7/2025
U009179,Jeffrey Miller,wigginscheryl@example.com,Male,Thomasstad,12/18/2024
U009180,Karen Michael,tracy13@example.net,Male,Port Stephenberg,10/24/2024
U009181,Robert Smith,joshuapatterson@example.org,Other,Garrettville,9/19/2025
U009182,Joshua Lyons,darinharris@example.com,Other,East Staceyhaven,9/22/2024
U009183,Alison Rodriguez,nunezlaura@example.com,Other,South Blake,9/2/2025
U009184,Sarah Garcia,peterjohnson@example.com,Male,West Jessicaview,10/18/2024
U009185,Ryan Miller,julia82@example.org,Female,East Nancyside,8/1/2024
U009186,Frederick Mcmahon,jeromesmith@example.com,Male,South Melissa,6/18/2025
U009187,Victor Owens,jphillips@example.org,Female,West Margaretstad,5/25/2024
U009188,Heather Anderson,kylethomas@example.org,Male,Katherineview,3/18/2025
U009189,Carlos Barrett,lestervictoria@example.org,Male,Brandonbury,9/26/2024
U009190,Ronald Dawson,jeffreylowe@example.com,Female,Port Anthonyborough,9/20/2024
U009191,Ray Chavez,paula90@example.com,Other,North Travis,5/14/2024
U009192,Tammy Crane,rcole@example.net,Male,Christopherborough,8/25/2025
U009193,Bryan Carney,helen55@example.net,Male,Underwoodmouth,5/2/2025
U009194,Renee Hill,blackburnjulia@example.org,Male,Millerfort,8/27/2024
U009195,Christopher Russell,briannapatterson@example.com,Other,Josephborough,4/23/2024
U009196,Brian Patterson,anita71@example.org,Male,South Jody,2/9/2024
U009197,Jamie Goodman,rcarey@example.com,Other,North Thomasview,7/3/2024
U009198,Juan Martinez,omarjenkins@example.org,Male,Stewartville,7/17/2024
U009199,Stephanie Colon,jonesdouglas@example.net,Male,Lake Scott,3/9/2024
U009200,Jessica Cisneros,thomasholly@example.org,Other,Richardton,4/12/2024
U009201,Jennifer Perkins,brian54@example.org,Female,North Paul,7/22/2024
U009202,Jennifer Patton,brandonbrown@example.org,Male,Lake James,12/25/2024
U009203,Christopher Perez,greenekathryn@example.com,Male,Cruzville,4/2/2024
U009204,Richard Sanchez,noblephillip@example.com,Male,Lake Saraland,4/4/2024
U009205,David Porter,rebeccakline@example.org,Other,Michaelfurt,10/23/2025
U009206,Juan Hayes,austin61@example.net,Female,Adrianaville,11/15/2024
U009207,Nicholas Mclaughlin,kevincole@example.com,Other,Burtonborough,1/13/2025
U009208,Rachel Kelley,dkane@example.com,Female,Tinashire,8/9/2025
U009209,Samantha Mendoza,qpeters@example.org,Female,Bellshire,6/12/2025
U009210,David Munoz,pharper@example.org,Male,West Andrew,3/23/2024
U009211,Connie Wagner,robertschmidt@example.net,Other,Lynchmouth,5/4/2024
U009212,David Smith,callen@example.com,Other,Lake Kelly,6/11/2024
U009213,Lisa Koch,gfritz@example.org,Other,Shawview,6/18/2025
U009214,David Andrews,gallegossteven@example.com,Male,Jesseside,2/8/2024
U009215,James Mitchell,smartin@example.net,Other,Ramirezberg,11/2/2024
U009216,Kayla Martin,corycross@example.net,Other,North Melissa,1/2/2025
U009217,Aaron Little,martinchristina@example.net,Male,Stuartborough,9/13/2025
U009218,Andrew Lawson,ryanmitchell@example.org,Male,Erikton,8/13/2024
U009219,Cynthia Smith,vbraun@example.org,Other,South Mary,5/26/2024
U009220,Barbara Young,samantha24@example.net,Male,East Brianside,9/30/2024
U009221,Joseph Miller,monique62@example.org,Other,North Amyton,2/18/2025
U009222,Austin Oconnor,lunasarah@example.com,Male,Taylorport,8/6/2025
U009223,Kristi Johnson,matthewsjulie@example.org,Other,Lake Stephentown,3/21/2024
U009224,Tracy Castro,ericyoung@example.com,Male,Kennethfort,1/1/2025
U009225,William Marshall,rknapp@example.com,Female,Smithview,10/8/2024
U009226,Kenneth Simpson,mendozarobert@example.com,Male,Davidfurt,11/5/2025
U009227,Gabriel Fritz,karen22@example.org,Other,Lake Johnside,3/24/2024
U009228,Tina Hayes,derrick18@example.com,Male,Hinesberg,12/3/2024
U009229,Beth Ayers,kevindiaz@example.net,Other,Lake Robinton,4/4/2024
U009230,Rachel Duffy,jimmy02@example.net,Male,South Pamela,5/21/2025
U009231,Erica Garcia,opatel@example.com,Male,West Jacobview,12/5/2024
U009232,Casey George,jonathan39@example.com,Other,New Alan,7/14/2024
U009233,Judith Hansen,weissjill@example.net,Other,Michaelland,3/13/2024
U009234,Katie Gibson,qgreene@example.net,Female,Andreaville,3/20/2024
U009235,Kristen Mcknight,beverlycastaneda@example.org,Female,Lake Tanyafurt,4/19/2025
U009236,Joseph Gentry,sara93@example.net,Other,Brianshire,1/29/2024
U009237,Alexandra Ramirez,adominguez@example.com,Other,Jasonmouth,1/2/2025
U009238,Louis Chapman,laura33@example.org,Male,Jaredview,3/6/2024
U009239,Kellie Wagner,maria14@example.net,Female,Rodgersview,2/18/2024
U009240,Douglas Fritz,dawn30@example.net,Other,Lake Douglas,1/19/2024
U009241,April Jackson,oparker@example.net,Male,Jamesstad,5/18/2025
U009242,Peter Hurley,allendavid@example.net,Male,Christopherside,1/16/2025
U009243,Jenny Wilson,dmercer@example.net,Female,Davenportshire,8/7/2025
U009244,Stacey Jones,lparsons@example.org,Female,Deborahmouth,12/21/2024
U009245,Victoria Wagner,uwilson@example.net,Female,Robertland,3/26/2024
U009246,Debbie Shelton,sarah62@example.net,Male,Lake Crystalchester,11/10/2024
U009247,Curtis English,lisa34@example.net,Other,Frankstad,9/24/2025
U009248,Joseph Blair,fernandezjustin@example.net,Male,Lake Shelbyport,12/24/2024
U009249,Tony Peters,jason05@example.net,Female,South Danielleborough,5/3/2025
U009250,Mark White,tammy92@example.net,Male,Donnamouth,8/10/2024
U009251,Dana Conrad,angelicasullivan@example.org,Female,West Devin,1/9/2025
U009252,Desiree Wood,madisonmcfarland@example.com,Male,Wellsland,4/24/2024
U009253,Jennifer Cisneros,aaronrosario@example.com,Female,North Lisa,9/27/2024
U009254,Grace Oconnor,george69@example.com,Male,Lake Nataliechester,10/17/2024
U009255,Tammy Smith,brian83@example.net,Other,South Erika,1/28/2024
U009256,Paul Hines,gbarry@example.net,Male,Heatherside,4/9/2025
U009257,Megan Gonzalez,crusso@example.org,Female,Cristinaside,10/11/2025
U009258,Jared Porter,srosario@example.org,Female,Collinsview,7/4/2024
U009259,Sarah Woodward,ashleytaylor@example.org,Other,Port Lisa,12/5/2024
U009260,Terri Nichols,bbooker@example.com,Female,East Mary,8/24/2024
U009261,Amber Erickson,uholmes@example.net,Other,North Lisahaven,1/25/2024
U009262,Stephanie Mckenzie,ryan33@example.net,Other,Tarastad,8/25/2025
U009263,Erin Williams,jacqueline47@example.net,Male,Harperside,2/5/2025
U009264,Allen Smith,jackson56@example.com,Male,South Debra,2/20/2025
U009265,Kristin Morgan,rwilson@example.com,Female,Jonesmouth,4/19/2024
U009266,Aaron Braun,davisjohn@example.org,Female,West Michael,7/20/2024
U009267,April Powell,kshields@example.com,Male,East Autumn,8/11/2025
U009268,Leslie Cline,gabrieldavis@example.org,Female,Lake Lee,9/27/2024
U009269,Jeffrey Alvarez,padillachristina@example.org,Female,East Bruceburgh,3/26/2024
U009270,Gabriel Brennan,colinlong@example.net,Female,West Christopher,7/9/2024
U009271,Sherry Davis,spencedevin@example.com,Other,Lake Walter,12/9/2024
U009272,Martha Brock,charlesstevenson@example.org,Other,Buchananland,5/4/2025
U009273,Catherine Rodriguez,hernandezamanda@example.net,Female,New Dwayneborough,11/1/2024
U009274,Gary Mccormick,revans@example.net,Other,West Michael,5/25/2024
U009275,Debra Jordan,david04@example.net,Female,Jenkinsbury,4/27/2025
U009276,Tamara Cobb,suzannestewart@example.com,Male,Robinshire,1/6/2024
U009277,David Zamora,scott01@example.org,Other,Juarezshire,12/21/2024
U009278,Kimberly Baker,rossvirginia@example.net,Female,Juliestad,11/24/2024
U009279,Darius Smith,owilliams@example.net,Female,West Sherriside,7/7/2025
U009280,Kimberly Pugh,ferrellfernando@example.com,Female,New Thomas,9/4/2025
U009281,Timothy Dominguez,pamelajackson@example.com,Male,East Gabriel,2/19/2024
U009282,Austin Hurley,dsloan@example.net,Male,Lake Ianside,4/19/2025
U009283,Dennis Garcia,josephwilcox@example.com,Female,Sherrybury,5/29/2025
U009284,Robert Fuentes,jameswillis@example.org,Other,Brownfurt,6/15/2025
U009285,Christina Lopez,qschultz@example.org,Female,South Ashley,10/17/2024
U009286,Jessica Moore,wellslaurie@example.org,Male,South Timothy,9/12/2025
U009287,William Moreno,campbellgwendolyn@example.com,Male,Lake Bethany,11/3/2025
U009288,Carolyn Brown,aimeephillips@example.org,Other,Kathrynchester,6/28/2024
U009289,Ryan Hudson,amber36@example.net,Female,Richardston,8/21/2025
U009290,Jennifer Joyce,meadowsthomas@example.com,Other,Aguirreland,1/7/2025
U009291,Amber Coleman,wellschristopher@example.org,Male,Youngstad,3/8/2025
U009292,Aaron Scott,kkelly@example.org,Female,Holmesside,6/2/2024
U009293,Stephanie Hall,william71@example.net,Female,Petersberg,1/16/2024
U009294,Jeremy Gomez,yhamilton@example.org,Other,Belindabury,2/13/2024
U009295,James Wood,droberson@example.net,Other,Port Troymouth,7/14/2024
U009296,Jeffery Clark,ecampbell@example.net,Other,Karenmouth,4/10/2025
U009297,Jeffrey Silva,crystalbutler@example.net,Male,New Aaron,9/5/2024
U009298,Nathaniel Young,shill@example.net,Male,New Michelle,2/12/2024
U009299,Jessica Taylor,tryan@example.com,Male,Loganport,4/14/2024
U009300,Sara Ingram,ybrewer@example.org,Female,Williamton,10/11/2025
U009301,Bernard Ross,nicoleerickson@example.net,Female,New David,9/7/2025
U009302,Dennis Rivera,evansraymond@example.net,Other,Madisonhaven,2/29/2024
U009303,Samantha Carter,montgomerynicole@example.org,Other,Troyview,10/22/2025
U009304,Michele Freeman,hknight@example.org,Male,Dixonchester,9/10/2025
U009305,Marcus Dillon,charlesphillips@example.net,Other,Lake Danielleville,4/16/2024
U009306,Gregory Johnson,kelseyoliver@example.net,Male,Josephshire,7/3/2024
U009307,Denise Sanchez,jerometaylor@example.net,Male,Burnsmouth,5/14/2025
U009308,James Quinn,nrios@example.org,Female,Lake Samantha,2/7/2024
U009309,Jose Fry,stephanie84@example.com,Male,Mooreshire,8/22/2024
U009310,Christine Snyder,john14@example.com,Female,Jonestown,2/22/2024
U009311,Samuel Morris,jclark@example.net,Male,North Jeffreyport,2/16/2024
U009312,Jeremy Cruz,pam45@example.net,Other,Jonathanton,4/30/2025
U009313,Anthony West,xsawyer@example.org,Female,North Jesusshire,1/4/2024
U009314,Joseph Jennings,stricklandleonard@example.net,Male,South Kelly,2/16/2025
U009315,Cynthia Davis,jroth@example.com,Male,Lake Jefferymouth,2/4/2024
U009316,Debra Simmons,ckoch@example.com,Female,Reynoldsmouth,4/17/2025
U009317,Annette Short,brittneykane@example.com,Other,East Stephen,9/11/2025
U009318,Monique Weber,dawntodd@example.net,Female,New Adam,11/6/2025
U009319,Daniel Munoz,stephengutierrez@example.net,Female,Smithchester,4/21/2025
U009320,Barbara Long,rrivera@example.net,Other,North Marcia,6/7/2024
U009321,Justin Reyes,ghogan@example.com,Other,Lake Melissafort,12/2/2024
U009322,Rebecca Fritz,andrewrobertson@example.com,Other,Ingramberg,4/28/2024
U009323,Wayne Clark,allisonpotter@example.com,Female,Thompsonport,8/24/2025
U009324,Albert Adkins,charlesscott@example.com,Other,Brandtmouth,11/9/2025
U009325,John Trevino,cassandrapatel@example.org,Female,Amandaberg,3/10/2024
U009326,Henry Bradley,jeremy27@example.org,Female,West Rachelborough,3/2/2025
U009327,Michael Henry,mitchellnicole@example.org,Female,East Laurastad,9/3/2025
U009328,Juan Smith,troygilbert@example.org,Other,Alexanderville,4/20/2025
U009329,Grace Benson,baileylisa@example.net,Other,West Anthonyport,5/16/2025
U009330,Howard Brooks,robertramirez@example.org,Female,Burnsburgh,9/5/2024
U009331,Amy Merritt,kennethbrooks@example.org,Female,Robbinschester,10/6/2024
U009332,Audrey Curry,dcox@example.net,Other,South Theresa,6/13/2024
U009333,Donna Conway,joanna78@example.net,Female,East Whitneytown,6/27/2025
U009334,Kevin Martin,hduncan@example.org,Male,Michellechester,1/6/2024
U009335,Jessica Lewis,vincent77@example.com,Female,Leeville,9/28/2025
U009336,Charles Franklin,pclay@example.org,Male,Melissabury,8/28/2025
U009337,Scott Johnson,christopher10@example.com,Male,East Michellemouth,11/30/2024
U009338,Bryan Conrad,shane93@example.com,Female,Lake Sherryland,4/7/2024
U009339,Suzanne Shaw,christopher57@example.net,Female,Richardstad,4/23/2025
U009340,Antonio Allen,fwaller@example.org,Female,Lake Johnathan,10/14/2024
U009341,Anthony Flores,whitejasmine@example.org,Male,North Richard,4/21/2024
U009342,Barbara Fleming,griffinmisty@example.com,Other,West Deniseburgh,3/18/2024
U009343,Keith Johnson,wheelercaleb@example.org,Male,Lake Vanessa,8/22/2025
U009344,Jennifer Rasmussen,rlopez@example.com,Male,Patriciafort,12/8/2024
U009345,Jordan Shea,lparrish@example.net,Male,Reginaland,5/24/2025
U009346,Gabriel Mcintosh,lloydrebecca@example.net,Other,Aguilarmouth,5/4/2025
U009347,James Liu,awood@example.net,Male,North Tiffanyview,5/4/2025
U009348,Ralph Rivera,snash@example.org,Male,Churchtown,5/14/2024
U009349,Christina Meza,deansheila@example.com,Female,Sarahland,8/4/2024
U009350,Erin Newman,pfoster@example.org,Other,Lake Susantown,6/16/2024
U009351,Martin Lewis,curtismyers@example.com,Male,Edwardsville,4/22/2024
U009352,Jennifer Gallagher,zbaker@example.org,Male,Lopezmouth,5/20/2025
U009353,Tonya Johnson,katherinebrown@example.net,Female,Goodmanstad,5/2/2025
U009354,Carrie Powell,icarter@example.net,Other,Gonzaleztown,7/27/2024
U009355,Jared Brown,connie66@example.org,Other,Armstrongmouth,3/12/2024
U009356,Jamie Price,ortizashley@example.net,Female,North Kimberly,8/1/2025
U009357,Michael Christian,tsandoval@example.net,Male,Lake Melanieburgh,11/26/2024
U009358,David Mann,jeremymeyer@example.com,Female,Thompsonfort,8/28/2024
U009359,Brent Berry,carlos84@example.org,Other,Byrdstad,11/11/2025
U009360,James Coleman,tiffanyfernandez@example.com,Other,North Phillipmouth,11/26/2024
U009361,Ronnie Mejia,codygould@example.org,Male,Richardsonshire,3/17/2024
U009362,David Schneider,ronaldshea@example.com,Male,South Brandiburgh,4/10/2024
U009363,Sarah Chen,susandavis@example.net,Other,South Danafort,3/26/2025
U009364,Robert English,beckerchristopher@example.org,Other,East Tammyhaven,2/21/2025
U009365,David Moore,ojohnson@example.net,Female,Sosaville,11/11/2024
U009366,Martin Gonzalez,warren71@example.org,Female,Sharonton,5/6/2025
U009367,Kimberly Bradley,diana13@example.net,Male,Colleenstad,4/16/2025
U009368,Eric Huang,lauren65@example.org,Female,Port Joannview,8/25/2024
U009369,Connor Moore,jeremyramirez@example.org,Other,West Stevenview,7/9/2024
U009370,Sean Carson,sandrawong@example.com,Female,Bobbyside,3/23/2024
U009371,Kimberly Robertson,pruittmatthew@example.com,Female,West Anamouth,11/23/2024
U009372,Alex Jenkins,jenna62@example.com,Other,West Ralphhaven,2/22/2024
U009373,Jacob Long,cyoung@example.com,Female,Hortonhaven,2/3/2025
U009374,Anthony Bennett,christopherjenkins@example.org,Other,Ethanville,2/29/2024
U009375,Kathryn Coleman,williamssamantha@example.net,Female,Mullinsport,8/31/2025
U009376,Brenda Morrison,michelle31@example.org,Other,East Stephanieshire,11/9/2025
U009377,Richard Shaw,adam74@example.org,Other,New Renee,1/4/2024
U009378,Shannon Norman,ibarratimothy@example.net,Male,Medinaland,10/28/2024
U009379,Marie Lopez,qwhitaker@example.com,Male,North Antonio,2/21/2024
U009380,Rickey Trujillo,patrickcampbell@example.net,Female,Lake Nicolas,10/17/2024
U009381,Eddie Hartman,kpowers@example.com,Male,Wilkinsberg,7/16/2025
U009382,Logan Gordon,xfranklin@example.org,Female,East Brandonborough,7/28/2024
U009383,Erica Turner,ashleyharris@example.com,Female,Port Jasonshire,5/22/2024
U009384,Alex Morris,hodgesnicole@example.com,Female,Danielview,12/4/2024
U009385,Alexander Nelson,kelsey37@example.com,Female,Port Eileenton,5/3/2025
U009386,Thomas Melendez,jasonhughes@example.com,Female,Robertburgh,9/3/2025
U009387,Oscar Lopez,fosterandrew@example.org,Female,Annaborough,3/4/2024
U009388,Anthony Aguirre,buchananchad@example.com,Male,South Rachaelview,8/25/2024
U009389,Scott Hicks,bestjane@example.com,Male,Simonland,3/9/2024
U009390,Madison Briggs,wilsonjonathan@example.com,Male,Morrowborough,7/12/2024
U009391,Larry Young,guerrerochristian@example.com,Other,North Billmouth,2/21/2024
U009392,Allison Suarez,qmccarty@example.org,Other,New Ashley,12/10/2024
U009393,Matthew Garrett,lindsay12@example.net,Female,Lake Joseph,6/23/2025
U009394,Savannah Watts,sbrown@example.net,Other,West Richard,2/20/2025
U009395,Danielle Adams,heidi69@example.org,Male,Lake Kimberly,11/5/2024
U009396,Paul Morales,coxjill@example.org,Female,Garrettside,3/30/2025
U009397,Scott Wilson,lopezsteven@example.net,Female,South Darylville,11/5/2024
U009398,Amanda Grant,caitlinelliott@example.org,Male,Dixonmouth,9/20/2024
U009399,Mark Moore,colechristopher@example.org,Female,New Selenabury,10/16/2024
U009400,Greg Wilson,lukeknight@example.org,Other,Lake Jamieport,6/17/2024
U009401,Michael Leonard,kfox@example.org,Female,Shepherdchester,1/1/2025
U009402,Ashley Hayes,kathleen71@example.org,Female,Melissaton,11/19/2024
U009403,John Kennedy,munozchristopher@example.com,Male,Jamesfort,4/19/2025
U009404,Mark Barnes,angelalutz@example.com,Other,South Donnaburgh,11/23/2024
U009405,Jody Andrade,baileygutierrez@example.com,Other,Ginafort,4/29/2025
U009406,Cathy Stout,allen14@example.net,Female,New Catherineville,5/7/2024
U009407,Clarence Villanueva,alicehernandez@example.net,Other,West Sharontown,10/24/2024
U009408,Paul West,katie61@example.org,Other,North Misty,7/16/2024
U009409,Jennifer West,michael56@example.com,Other,West Veronicafurt,10/17/2024
U009410,Michael Morgan,megan05@example.net,Other,Andersonfurt,10/29/2024
U009411,Stephanie Torres,aaronmartinez@example.org,Other,Underwoodfort,3/13/2025
U009412,Kevin Snow,umoore@example.org,Female,Lake Rebeccahaven,2/25/2024
U009413,Heidi Jackson,kristy81@example.net,Female,Emilyburgh,4/18/2024
U009414,Steve Bruce,charlesmartinez@example.com,Other,Olsonside,8/22/2025
U009415,Kimberly Ward,michaelthompson@example.com,Male,East Michael,4/11/2024
U009416,Brittany Williams,bishopjennifer@example.com,Other,Dixonland,3/31/2025
U009417,Dorothy Wright,harold38@example.com,Male,Kingmouth,3/26/2025
U009418,Brenda Briggs,robertrubio@example.com,Female,Jefferyshire,1/15/2024
U009419,Ashley Chandler,edgar31@example.com,Female,Beverlyton,8/7/2024
U009420,Calvin White,zachary39@example.net,Female,Andersonhaven,12/30/2024
U009421,Richard Raymond,evelynroth@example.net,Other,Paulland,3/16/2024
U009422,Timothy Gordon,millerjessica@example.com,Female,East Brian,11/15/2024
U009423,Jennifer Lewis,zyates@example.com,Other,East Robertamouth,10/18/2024
U009424,Juan Copeland,danielleunderwood@example.com,Other,Port Luisbury,2/15/2025
U009425,Nicole Chen,grahamlawrence@example.net,Female,Hernandeztown,1/25/2024
U009426,Keith Peterson,brandonhorne@example.com,Female,Lake Derektown,11/9/2024
U009427,Samantha Kim,fguerrero@example.com,Female,North Alicia,10/1/2024
U009428,Meghan Harrison,wcook@example.net,Male,Crystalport,9/14/2024
U009429,Samantha Mcbride,hullvalerie@example.com,Male,New Patrickborough,9/29/2024
U009430,Jennifer Moreno,cheryl35@example.org,Other,Martinezton,2/26/2024
U009431,Scott Pierce,myerskenneth@example.com,Male,Port Donaldton,6/17/2024
U009432,Mark Sanchez,scampbell@example.org,Male,Wilkinsfurt,1/28/2024
U009433,Anna Carter,xchung@example.net,Female,New Aaronville,9/10/2024
U009434,Autumn Little,michellelopez@example.net,Female,Gordonfort,11/23/2024
U009435,Tara Porter,dcole@example.org,Other,Michellestad,4/12/2025
U009436,Steven Reyes,brandi53@example.net,Other,Deniseville,4/4/2025
U009437,Kendra Torres,leedanielle@example.org,Male,Lake Joseland,2/7/2024
U009438,Daniel Peters,jacob35@example.net,Other,Johnsonborough,12/18/2024
U009439,Michelle Pitts,kmejia@example.com,Female,Forbesport,4/19/2025
U009440,Gabriel Giles,april71@example.org,Female,Parsonsport,7/1/2025
U009441,Robert Ellis,jason14@example.org,Male,Port Angela,4/17/2024
U009442,Ricardo Maldonado,brandygarcia@example.com,Female,Lynntown,10/5/2024
U009443,Kerry Garcia,hannahlindsey@example.net,Female,East Bradton,2/17/2024
U009444,Crystal Baker,scarey@example.org,Female,Sweeneyville,5/11/2025
U009445,Matthew Johnson,sydney56@example.com,Female,Port Sarah,4/4/2025
U009446,Christopher Vaughn,robertsjohnny@example.net,Female,South Rachelshire,9/17/2024
U009447,Jose Guerrero,michaelnavarro@example.net,Male,North Justintown,2/10/2024
U009448,Brett Collier,jason31@example.org,Other,Nathanmouth,3/6/2024
U009449,Steven Harper,joel55@example.org,Male,East Edward,2/24/2024
U009450,James Greene,villegasmatthew@example.org,Male,Lake Elizabeth,10/9/2025
U009451,Randall Thomas,lindamitchell@example.net,Male,East Donnaberg,4/14/2024
U009452,Jonathan Smith,becky68@example.com,Other,Mcmillanport,7/24/2025
U009453,Elizabeth Miller,davidthompson@example.org,Female,Jonesside,3/6/2025
U009454,Dylan James,theresacampbell@example.net,Other,Port Teresaton,6/8/2025
U009455,Jennifer Lane,karenjones@example.com,Male,South Kyle,7/21/2025
U009456,Steven Gallagher,carl31@example.com,Other,Port Brianhaven,7/7/2024
U009457,Todd Walker,richard18@example.net,Male,Michaelview,10/20/2025
U009458,Felicia Stewart,kennethperez@example.com,Female,North Tracyton,6/15/2024
U009459,Amber Blackwell,cmullins@example.com,Male,New Theresaborough,1/12/2025
U009460,Jodi Kelly,chad69@example.com,Female,Parkerfort,5/3/2024
U009461,Julie Thomas,walshkelly@example.com,Male,Grahamville,10/3/2024
U009462,Tiffany Lopez,phillipsrichard@example.net,Male,Micheleland,2/6/2024
U009463,Julie Jackson,eschneider@example.net,Other,East Samantha,6/3/2024
U009464,William Nelson,tonyjones@example.com,Female,Kirkville,6/9/2025
U009465,John Blackwell,lorisullivan@example.com,Male,North Robinberg,9/16/2024
U009466,Shane Jones,zroberts@example.org,Female,West Deanfort,11/18/2024
U009467,Nicole Christensen,weavermichael@example.com,Other,Katherinestad,10/17/2025
U009468,Corey Jimenez,raymondfoley@example.org,Female,North Scott,11/3/2024
U009469,Gerald Michael,arthurcline@example.org,Other,South Andrewborough,12/9/2024
U009470,Gordon Glover,teresahogan@example.com,Other,Montoyafort,6/21/2024
U009471,Gina Norton,corey41@example.org,Female,Port Benjaminbury,1/16/2024
U009472,Marc Tran,stonebrandon@example.org,Female,East Scott,3/24/2024
U009473,Timothy Ortiz,kristin39@example.net,Male,East Adamshire,6/14/2025
U009474,Tara Martinez,hkey@example.com,Other,East Michaelhaven,5/7/2025
U009475,Charles Carpenter,davidsanders@example.com,Female,South Patrickland,1/5/2024
U009476,Bill Herring,alexandriafletcher@example.net,Other,Willisview,8/6/2024
U009477,Jared Taylor,pjohnson@example.net,Male,South Breannaborough,3/17/2024
U009478,Jacob Clark,martinezcolleen@example.net,Female,Fergusonland,1/27/2024
U009479,Henry Armstrong,perry56@example.org,Female,Brandiberg,9/20/2025
U009480,Gabrielle Serrano,rachelblackwell@example.net,Other,New Timothy,1/31/2025
U009481,Toni Silva,vmitchell@example.org,Female,Deborahview,11/1/2025
U009482,Joshua Myers,soniabryan@example.com,Female,North Tylerport,2/17/2025
U009483,Stephanie Perez,troystafford@example.org,Other,Amandatown,6/15/2024
U009484,Laura Larson,danielthomas@example.org,Male,Grantmouth,11/1/2024
U009485,Donald Smith,morgan25@example.com,Female,West Kevin,3/2/2024
U009486,Jack Padilla,lhendricks@example.org,Male,South Breannashire,6/17/2025
U009487,Peter Hart,dyerheather@example.net,Other,New Steve,4/1/2025
U009488,Monica Castillo,martincarr@example.com,Other,North Joshua,1/15/2024
U009489,Sandra Valencia,frank19@example.com,Male,Barkermouth,5/3/2024
U009490,Patrick Bowen,randytrevino@example.org,Female,North Caitlin,8/25/2025
U009491,James Norton,kristencontreras@example.com,Female,Cruzborough,4/13/2025
U009492,John Richmond,teresabrown@example.org,Other,Tiffanyton,11/28/2024
U009493,Michael Stanton,bridgesjennifer@example.net,Other,Williamsberg,10/25/2024
U009494,Kyle Doyle,jonathan99@example.net,Female,Watkinsfurt,3/18/2024
U009495,Gary Martin,john81@example.com,Male,East Carlstad,8/21/2024
U009496,Robert Hill,thomas72@example.org,Other,New Victoriastad,8/16/2024
U009497,Elizabeth Williams,amanda54@example.org,Female,Ianland,1/13/2024
U009498,Brittany Meyer,douglascline@example.net,Female,Brittneyborough,8/10/2024
U009499,Robert Brown,jonesanthony@example.net,Female,Ericastad,1/2/2025
U009500,Christina Gardner,jonathon99@example.org,Male,Rebeccastad,10/17/2025
U009501,Nancy Branch,pamela72@example.org,Female,Mathisview,10/4/2024
U009502,Adam Moore,james80@example.com,Other,Port James,10/25/2025
U009503,Nicholas Holland,thomashunter@example.org,Male,Alexanderside,5/25/2024
U009504,Michael Wyatt,lisaoliver@example.net,Other,South Seanstad,12/8/2024
U009505,Donald Ferguson,fgoodman@example.org,Male,Amymouth,9/20/2025
U009506,Zachary Johnson,mary86@example.net,Female,West Antonioborough,7/23/2024
U009507,Kimberly Sims,kmiller@example.net,Female,South Cathy,1/3/2024
U009508,Edward Ponce,ygallegos@example.com,Male,West Grace,1/31/2024
U009509,Kathy Mitchell,erika43@example.com,Female,West Candace,11/14/2025
U009510,Joshua Neal,dennishicks@example.org,Other,Joannton,6/21/2024
U009511,Gregory Castillo,jessica94@example.org,Female,Padillaton,10/9/2025
U009512,Maureen Mills,colsen@example.org,Male,Port Cathy,9/25/2024
U009513,Trevor Perry,lmata@example.org,Other,South Jeremy,5/3/2025
U009514,Eric Clark,owensterri@example.org,Other,Laurenfort,4/4/2024
U009515,Patricia Kirby,kennedymelissa@example.org,Male,New Alexandra,2/8/2024
U009516,Pamela Martin,rosstammy@example.com,Other,North Laurashire,11/11/2024
U009517,Stephanie Barnes,brian39@example.net,Other,West Noahborough,8/26/2025
U009518,Jamie Arias,cochrandavid@example.com,Male,East Brittanyberg,8/11/2025
U009519,Zoe French,bkelley@example.org,Other,East Ryanhaven,7/20/2025
U009520,Sandra Mccarthy,wrandall@example.com,Female,Port Shirleytown,8/25/2025
U009521,Gary Juarez,jmartinez@example.org,Female,Collinbury,10/3/2024
U009522,Mark Marsh,katherine49@example.org,Male,Priceborough,8/19/2024
U009523,Jennifer Miller,danielle60@example.com,Other,South Randallport,9/27/2025
U009524,Christy Jones,igonzales@example.org,Other,North Ronald,3/27/2025
U009525,Sherri Nelson,meyersroy@example.org,Female,Kelleyview,10/10/2025
U009526,Joseph Jenkins,melanie68@example.org,Female,Karlfurt,11/21/2024
U009527,Janice Hill,nguyenbrandon@example.org,Male,Allenfort,6/5/2024
U009528,Nicholas Mooney,jennifercoffey@example.org,Female,Ryanchester,11/13/2024
U009529,Chris Kirby,bperez@example.net,Male,Chapmanview,12/25/2024
U009530,Debra Ewing,tking@example.org,Other,Haileyburgh,3/31/2025
U009531,Kristin Bradford,alvaradobrian@example.org,Female,Jeffberg,7/14/2025
U009532,Justin Gonzales,jasondavis@example.com,Other,South Timothyhaven,7/1/2024
U009533,Rachel Gibson,ahunt@example.net,Female,Hayesmouth,10/19/2024
U009534,Jennifer Lopez,jessebarton@example.org,Female,Freemanfort,10/12/2025
U009535,Glenn Castillo,jdillon@example.org,Other,East Melinda,9/19/2025
U009536,Melinda Dyer,urogers@example.com,Other,New Lisaland,8/3/2025
U009537,Marco Ruiz,monica76@example.net,Female,Garciaton,1/24/2025
U009538,Charlene Lin,carramanda@example.net,Male,New Pamelaport,3/11/2024
U009539,Michael Weeks,cindy87@example.net,Female,New Audreychester,8/10/2025
U009540,Phillip Mcclain,franciscocole@example.net,Female,North Jodyfurt,4/16/2025
U009541,Samuel Bell,jeffrey95@example.org,Female,Barrettfurt,3/4/2024
U009542,Lisa Wiggins,david60@example.com,Other,New Robin,1/17/2024
U009543,Nancy Hughes,brandonlawrence@example.org,Other,Fisherport,3/27/2025
U009544,Joann Kirk,allen76@example.com,Female,Castillobury,8/26/2025
U009545,Kimberly Ellis,sextonchristopher@example.com,Other,Georgeport,1/2/2025
U009546,Joseph Estrada,newmanbrian@example.net,Other,Lake Marcusborough,2/17/2024
U009547,Andrew Williams,bowerssteven@example.net,Male,West Brian,1/27/2025
U009548,Janet Hebert,williamspeter@example.net,Male,Vaughnshire,6/10/2025
U009549,Norma Carson,tinayork@example.net,Other,North Richard,5/3/2024
U009550,Thomas Long,fweber@example.org,Other,North Nicholasbury,1/2/2025
U009551,Kimberly Colon,eric23@example.net,Other,Hallville,4/6/2025
U009552,Jennifer Allen,ismith@example.com,Male,Shawmouth,10/3/2024
U009553,John Rivera,kpowell@example.org,Other,Kimberlymouth,10/27/2025
U009554,Mark Thomas,michael99@example.org,Female,Tiffanybury,6/27/2025
U009555,Emily English,emorris@example.com,Male,West Anthony,5/16/2024
U009556,Colton Hunt,anna93@example.com,Other,Williamsstad,6/4/2024
U009557,James Acosta,sabrinapollard@example.org,Other,Ashleytown,3/30/2025
U009558,Julia Coleman,xgordon@example.com,Female,Nelsonshire,8/9/2025
U009559,Thomas Hood,debra42@example.net,Female,Rebeccaport,1/30/2024
U009560,Lindsey Martin,odavis@example.org,Other,East Leah,2/24/2025
U009561,Mason Holmes,jeffreysmith@example.org,Other,Alexandrastad,1/7/2025
U009562,Jared Choi,vgordon@example.org,Other,New Brianborough,4/22/2025
U009563,Michael Villarreal,seancarey@example.com,Female,Youngside,8/1/2025
U009564,Paul Arellano,erinolsen@example.net,Other,Port Michael,8/25/2024
U009565,Ronald Turner,christinekennedy@example.net,Other,Fergusonborough,8/30/2024
U009566,Richard Jones,lindanelson@example.com,Other,North John,10/20/2025
U009567,Christina Leach,vanessafranklin@example.com,Male,Rebekahhaven,6/29/2025
U009568,Anthony Suarez,bennettnorma@example.net,Other,East Jessica,6/20/2024
U009569,Sara Gray,kimsparks@example.org,Male,Mariochester,2/20/2025
U009570,Jack Moreno,curtis64@example.net,Female,Hardymouth,4/16/2024
U009571,Aaron Mendez,amberevans@example.com,Female,West Seanmouth,6/2/2024
U009572,Tina Davis,jennifermcneil@example.com,Male,New Zachary,4/30/2025
U009573,Michael Robinson,thompsonchristopher@example.com,Male,New Michelle,8/18/2025
U009574,Shannon Chavez,pyates@example.org,Male,North Wesleyhaven,7/27/2024
U009575,Joshua Perez,davisjames@example.com,Other,East Harrymouth,7/11/2024
U009576,Brian Sullivan,ichase@example.org,Other,Desireeton,8/16/2024
U009577,Robert Riley,georgechambers@example.org,Female,Butlerland,6/2/2024
U009578,Lisa Mills,rodriguezjulie@example.org,Female,Autumnborough,3/30/2024
U009579,Andrea Johns,erikmorris@example.com,Female,Kellymouth,5/10/2025
U009580,Betty Watson,nathanieljones@example.net,Female,East Jessica,3/6/2025
U009581,Andrea Gibson,tchristian@example.com,Male,North Joelville,11/12/2024
U009582,Justin Roberts,parkeranna@example.net,Other,Schmidttown,7/6/2025
U009583,Stephen Sanders,blairjoseph@example.net,Male,South Lesliebury,10/18/2024
U009584,Cindy Copeland,lewisrebecca@example.net,Female,North Matthewmouth,11/6/2024
U009585,Kathryn Bradley,jeffrey18@example.net,Female,Oliviafurt,3/15/2024
U009586,Katherine Evans,shane58@example.com,Female,Port Karen,1/18/2025
U009587,Mark Jennings,bowmankaren@example.com,Other,Lake Edwardberg,12/24/2024
U009588,Angela Hernandez,posborne@example.org,Male,Samanthafort,7/19/2024
U009589,Mary Rios,wilsonelizabeth@example.org,Female,East Kelly,10/19/2024
U009590,Gene Huerta,howarderica@example.org,Other,South Mary,9/27/2025
U009591,Elizabeth Copeland,pamela74@example.com,Other,Burchhaven,11/27/2024
U009592,Jennifer Smith,kimberlyjohnson@example.com,Male,North Lindsey,2/18/2025
U009593,Lindsay Alvarez,rmelendez@example.org,Female,Port Kimberly,3/6/2025
U009594,Jennifer Martinez,jamesmelissa@example.org,Male,Jacksonhaven,2/4/2024
U009595,Michael Lee,mark56@example.net,Male,West Madison,6/18/2025
U009596,Douglas Woods,jonathanwarren@example.net,Male,East Nicole,5/3/2024
U009597,Dustin Adams,bauerandrew@example.org,Male,New Savannahside,5/12/2024
U009598,Debra Leonard,burtonkaren@example.com,Male,East Ian,11/20/2024
U009599,David Caldwell,danabradshaw@example.net,Male,Donnaview,8/15/2025
U009600,Joe Houston,jennifer55@example.net,Female,Brianview,3/12/2024
U009601,James Rhodes,palvarado@example.net,Female,Port Brett,9/27/2025
U009602,Mary Vargas,powersscott@example.com,Female,Murphystad,4/29/2024
U009603,Keith Torres,lgallagher@example.org,Other,South Carrie,1/25/2024
U009604,Matthew Moran,marywilliams@example.net,Female,New Breanna,10/5/2025
U009605,Dalton French,cynthiaanderson@example.org,Female,North Jermaine,10/12/2025
U009606,Joshua Smith,longrobert@example.net,Other,South Ashley,4/13/2025
U009607,Jenna Yu,robleserica@example.com,Male,Anthonyside,4/13/2025
U009608,Roger French,erinmoreno@example.net,Male,Andrewton,10/3/2025
U009609,Nicole Simmons,sarahneal@example.net,Male,South Ericmouth,3/19/2024
U009610,Amy Smith,montoyawilliam@example.com,Female,West Molly,9/14/2025
U009611,Robert Johnson,ktorres@example.com,Male,Port Keith,1/21/2025
U009612,Joshua Young,stacyhoward@example.net,Male,Veronicastad,5/8/2024
U009613,Anna Jensen,christopherhardy@example.org,Female,Lake Julia,8/15/2025
U009614,Gregory Morton,xlawrence@example.com,Female,South Rachel,7/26/2024
U009615,Mary Edwards,jeffrey46@example.com,Other,Snyderland,6/29/2025
U009616,Richard Ellis,kwang@example.net,Other,Rogerston,8/17/2025
U009617,James Jordan,tchristensen@example.org,Male,East Bonnieborough,3/6/2025
U009618,James Miller,antoniopetty@example.org,Other,Port Pamelastad,1/12/2024
U009619,Austin Kennedy,devonmckenzie@example.net,Male,Gutierrezview,9/23/2025
U009620,Timothy Woodard,edwin48@example.net,Other,South Juanton,2/22/2024
U009621,Kathryn Payne,mfuentes@example.net,Female,Joelport,9/25/2024
U009622,Molly Hatfield,hcarlson@example.org,Male,East Madison,3/12/2025
U009623,Casey Glass,cmartinez@example.com,Male,Port Shelby,11/17/2024
U009624,Brent Wong,amy35@example.com,Male,New Christian,1/8/2025
U009625,Rachel Miller,boyerjoshua@example.org,Female,Port Heather,9/27/2024
U009626,Heather Cochran,michelleschultz@example.com,Other,Hannashire,1/19/2024
U009627,Charles Williamson,ashleyalexis@example.org,Female,West Dawnville,4/14/2024
U009628,Dennis Sharp,srich@example.org,Male,East Olivia,8/19/2024
U009629,Beth Edwards,colleen19@example.org,Female,Rosemouth,6/11/2025
U009630,Sharon Griffin,grace23@example.org,Female,Rodrigueztown,1/17/2025
U009631,Melissa Harris,kari25@example.net,Other,North Jocelynville,5/4/2024
U009632,Christopher Cervantes,ingrammorgan@example.org,Other,Williamsshire,4/6/2025
U009633,Patrick Huynh,saundersdavid@example.net,Male,Port Amy,12/14/2024
U009634,David Riley,katherinephillips@example.org,Female,East Andrew,5/26/2024
U009635,Jamie Ho,ubrown@example.net,Other,Sandershaven,2/6/2024
U009636,Cassandra Gray,vfoster@example.com,Male,Port James,5/27/2024
U009637,Matthew King,jonescarol@example.com,Male,North Stephaniemouth,7/2/2025
U009638,Kaitlyn Reid,vgillespie@example.com,Male,Lauramouth,10/11/2024
U009639,Kaitlin Young,nancybrown@example.com,Other,Freemanhaven,10/1/2025
U009640,Claudia Vargas,iromero@example.com,Other,Kaitlinside,4/19/2025
U009641,Emma Price,mwalters@example.com,Other,Carmenburgh,6/22/2025
U009642,Steve Ruiz,bartonholly@example.org,Male,Thomashaven,11/10/2025
U009643,Bruce Jones,kristina42@example.net,Other,Barnesborough,9/2/2025
U009644,Daryl Bowman,daniel21@example.net,Other,Bakerberg,3/5/2024
U009645,Alex Jacobs,arellanoamber@example.net,Other,Flynnmouth,2/3/2024
U009646,Lauren Bishop,shannon81@example.net,Other,North Morganbury,4/18/2024
U009647,John Brown,timothy97@example.net,Female,New Timothy,11/6/2025
U009648,Richard Washington,deanjustin@example.net,Female,East Natalie,8/7/2025
U009649,Ashley Lee,denisebrown@example.org,Male,Lake Lisa,1/25/2024
U009650,Ashley Ford,stephaniewilliams@example.org,Male,Port Brandifurt,2/16/2024
U009651,Michael Chaney,katherine05@example.net,Other,Mcguireshire,4/16/2024
U009652,Tammie Morris,ashleylloyd@example.org,Male,Petersonfurt,3/13/2024
U009653,Mariah Patel,hlane@example.org,Female,South Markside,1/24/2024
U009654,Henry Garcia,michaelhanson@example.net,Female,Garciafurt,5/2/2024
U009655,Michael Smith,kathryn48@example.org,Other,New Alexandra,7/21/2025
U009656,James Smith,omichael@example.net,Other,East Tara,11/6/2024
U009657,Craig Cunningham,bwhite@example.net,Female,Jonesberg,3/19/2025
U009658,Leslie Hernandez,eadkins@example.net,Other,South Miguelport,4/3/2025
U009659,Nicholas Peck,thomasdanielle@example.com,Other,Lake Maryberg,6/29/2025
U009660,Craig Miller,jamesowens@example.org,Male,Mckayshire,4/15/2025
U009661,Michelle Mcneil,diazgary@example.com,Female,Lake Danielle,4/5/2025
U009662,Tami Norris,scooper@example.org,Male,Jasonport,6/23/2025
U009663,Kristen Cook,jasmine06@example.net,Male,Jasminfurt,5/20/2024
U009664,Maria Wright,matthewcardenas@example.net,Male,West Samanthaland,2/22/2024
U009665,Laura Reid,jamie67@example.com,Male,North Michellechester,4/10/2025
U009666,Tony Miller,danielmartin@example.org,Male,Torresberg,4/17/2024
U009667,Christopher Peterson,roydavid@example.com,Female,South Morganstad,6/18/2025
U009668,David Page,chad38@example.net,Female,Christopherfort,7/5/2024
U009669,Diane Madden,timothystephens@example.net,Female,North Paulmouth,9/13/2024
U009670,Shari Oconnor,annarios@example.org,Female,East Evanview,4/10/2024
U009671,Anthony Martin,andersonapril@example.com,Other,Kellyburgh,2/12/2024
U009672,Gregory Chapman,mark74@example.net,Male,Gonzalezshire,11/23/2024
U009673,Kathryn Carter,anthonyalexander@example.com,Female,Port Shannon,8/15/2025
U009674,Julia Myers,petersenkerry@example.org,Other,Lake Stephen,6/19/2024
U009675,Ashley Stanley,antonio14@example.com,Female,North Christopher,5/10/2024
U009676,Kenneth Ruiz,oleon@example.com,Other,Jamesville,1/23/2025
U009677,Lisa Jones,matthew92@example.com,Male,Patriciatown,5/25/2024
U009678,Jesse Huang,hernandezcody@example.net,Female,Melindafort,12/25/2024
U009679,Matthew Jordan,losborne@example.com,Other,Gregorymouth,2/1/2024
U009680,Jason Butler,anthony99@example.net,Female,Lake Rebecca,1/19/2025
U009681,Mark Richard,qbartlett@example.com,Female,Mckeeberg,7/18/2025
U009682,Angela Sutton,james47@example.net,Other,Davisland,12/25/2024
U009683,Jose Dixon,nathanrussell@example.net,Male,Leonardview,7/31/2024
U009684,Johnny Collier,rmartinez@example.net,Female,New Emilymouth,7/20/2024
U009685,Eric Haley,coletracy@example.net,Male,Bushborough,8/8/2025
U009686,Samuel Smith,rodriguezkristen@example.net,Female,Burgessport,5/3/2024
U009687,Summer Robbins,jessica58@example.net,Female,Cassandraland,2/16/2025
U009688,Troy Ryan,zbrown@example.net,Other,Anthonyburgh,4/5/2025
U009689,Danielle Farrell,andersonnathan@example.net,Female,Kimberlyburgh,9/28/2024
U009690,Vickie Wilson,nina01@example.com,Female,Michaelshire,8/28/2024
U009691,Danielle Obrien,jonathanlee@example.org,Male,West Michelle,12/22/2024
U009692,Gary Solomon,christie33@example.org,Other,Port Jerrymouth,1/31/2024
U009693,David Thompson,emacias@example.com,Other,Stevenstown,10/9/2025
U009694,Alexander Wolfe,jonesann@example.org,Male,Williamsmouth,2/26/2025
U009695,Becky Byrd,andrewsmith@example.org,Other,Ericborough,10/17/2025
U009696,John White,melendezzachary@example.com,Other,Currytown,9/21/2025
U009697,Lauren Allen,vazquezelizabeth@example.org,Male,Port Logan,9/17/2024
U009698,Jessica Fernandez,thompsonjeffrey@example.org,Other,Garnerside,5/12/2025
U009699,Clifford Rivera,fletchermargaret@example.net,Other,Lewisfort,11/1/2025
U009700,Gary Beltran,chendavid@example.org,Male,Lake Whitneymouth,1/29/2024
U009701,Brandy Hess,yolandapaul@example.com,Female,Goodwinchester,1/10/2025
U009702,Austin Mitchell,amysmith@example.net,Other,Michellebury,7/30/2025
U009703,Paula Donovan,nprice@example.com,Female,Perezbury,10/24/2024
U009704,Diana Campos,cynthia80@example.net,Female,Heathermouth,9/6/2024
U009705,Amber Johnson,jeanettegarcia@example.org,Other,Port Kaylaburgh,3/13/2024
U009706,Troy Guerrero,brian98@example.com,Other,Ellisfurt,11/12/2024
U009707,Christopher King,scombs@example.com,Female,Strongfurt,5/18/2025
U009708,Logan Welch,williamgraham@example.org,Other,Brandonhaven,3/13/2024
U009709,Marcus Payne,gordonlisa@example.net,Male,Lake Gregorybury,7/10/2024
U009710,Sarah Miller,nelsonadam@example.net,Other,Stevenburgh,1/19/2025
U009711,Melissa Francis,holtmaureen@example.net,Male,Sullivanbury,5/7/2025
U009712,Diane Green,shawntaylor@example.com,Female,Brandonborough,8/6/2025
U009713,Ryan Shaw,martinezrobert@example.org,Female,New Robertamouth,2/7/2025
U009714,Morgan Doyle,ashley20@example.com,Male,Port Nathaniel,6/22/2024
U009715,Philip Anderson,ginabooker@example.net,Female,Barbarastad,3/8/2025
U009716,James Jones,elizabeth84@example.com,Female,Lake Thomasfort,10/22/2025
U009717,Andrew White,richard01@example.org,Female,Pamelafort,6/13/2024
U009718,Chelsea Ramirez,emorales@example.net,Male,Lake Leslietown,10/3/2024
U009719,David Smith,alawrence@example.org,Male,New Lisa,10/23/2024
U009720,Erica Bowen,jeffrey71@example.net,Female,Port Morgantown,6/11/2025
U009721,Kaitlyn Perez,dellis@example.com,Male,Griffithshire,5/5/2025
U009722,Frank Floyd,wongashley@example.net,Male,South Dennis,2/4/2024
U009723,Amy Grant,jwright@example.net,Female,Port Brendanland,11/12/2025
U009724,Jessica Everett,deckermackenzie@example.org,Other,Barrshire,8/9/2025
U009725,Joseph Thompson,qhodges@example.org,Female,Margaretport,10/11/2025
U009726,Kelly Thompson,xdavis@example.org,Other,Kevinfurt,9/22/2024
U009727,Melanie Sanchez,simpsonthomas@example.org,Female,East Judithmouth,4/11/2025
U009728,Michelle Maxwell,peter42@example.net,Male,Pachecoton,10/23/2024
U009729,Jerome Manning,jenniferclark@example.net,Female,North Carmenside,9/8/2025
U009730,Bridget Flynn,todd43@example.net,Male,Davidhaven,2/24/2025
U009731,Michelle Clayton,hicksnancy@example.net,Female,New William,3/5/2024
U009732,Gregory Rodriguez,xwilson@example.org,Female,Mitchellhaven,5/13/2025
U009733,Kathy Pierce,jeremytucker@example.org,Other,Port Howardborough,12/18/2024
U009734,Jerry Acevedo,qstewart@example.com,Female,East Hollyside,11/4/2025
U009735,Megan Becker,hnichols@example.org,Female,East Lindsaychester,10/8/2024
U009736,Joshua Oliver,micheal38@example.net,Other,Port Corey,1/20/2025
U009737,Deborah Peterson,mccoyalexander@example.net,Female,Rickyland,4/6/2025
U009738,Angelica Patel,chapmanclaudia@example.org,Male,Brittneyhaven,8/15/2025
U009739,Tim Miller,kerry91@example.com,Male,Lake Mary,5/23/2025
U009740,Jesus Harvey,etorres@example.com,Other,Lake Roy,12/7/2024
U009741,Lauren Wilson,sabrinagallagher@example.net,Female,Bradyfurt,4/18/2024
U009742,Alex Wilson,dawn30@example.org,Other,Lake Kristenchester,1/5/2024
U009743,Karen Walker,calebhernandez@example.org,Male,Lake Victoria,7/21/2024
U009744,Janice Duke,lucaslauren@example.net,Female,New Leon,10/23/2025
U009745,Sara Nelson,watkinscynthia@example.net,Female,New Rachelton,3/20/2024
U009746,Anthony Jones,nathanlee@example.org,Other,Port Brianna,2/12/2024
U009747,Jonathan Jacobson,nicolemarshall@example.org,Other,East Heatherville,2/3/2024
U009748,William Jones,michaelbeasley@example.com,Other,Port Anthony,6/21/2025
U009749,Matthew Flores,kaitlin24@example.org,Other,Johnsonville,6/25/2024
U009750,Arthur Ramos,blake60@example.org,Female,Cynthiamouth,3/10/2024
U009751,Sheryl Meadows,kevin37@example.net,Female,Booneton,3/25/2024
U009752,Eduardo Waters,justin28@example.com,Other,West Alexandraland,2/1/2025
U009753,Natasha Clark,brooksjessica@example.org,Male,New Christopher,3/28/2025
U009754,Joseph Graves,gmccoy@example.org,Male,North Shannonside,10/16/2024
U009755,Patricia Thompson,medinajoseph@example.org,Other,Aguilarfort,8/31/2024
U009756,Sean Lane,jay75@example.org,Other,North James,7/8/2025
U009757,Elizabeth Barajas,lopezkristen@example.net,Male,Obrienchester,9/23/2025
U009758,Donna Strong,katelynrowe@example.com,Other,East Isaiah,9/16/2025
U009759,Emily Miller,keithwise@example.net,Female,Murphyborough,10/26/2025
U009760,Angela Nicholson,antonio39@example.net,Other,Douglasbury,8/22/2025
U009761,Anthony Hall,anguyen@example.com,Male,New Monicaville,9/5/2024
U009762,Eric Smith,shannonjimenez@example.net,Male,Schmidtland,9/19/2024
U009763,Frances Castro,wmoore@example.org,Female,Kirstenshire,1/30/2024
U009764,Jennifer Macias,zharris@example.net,Male,Burnsbury,1/28/2025
U009765,Gregory Banks,daniellewilson@example.org,Other,Maxwellborough,2/13/2025
U009766,Christopher Wallace,jeremy17@example.org,Female,Port Bradleymouth,6/13/2024
U009767,Heidi Blair,matthew80@example.net,Female,Evansland,2/13/2024
U009768,Justin Bishop,vperez@example.com,Other,North Christina,8/31/2025
U009769,Rebecca Jenkins,daledavis@example.org,Male,Destinyhaven,11/4/2025
U009770,Christina Smith,fisherann@example.com,Male,New Matthew,8/30/2024
U009771,Katherine Walker,maxwelltammy@example.net,Male,Danielston,10/1/2024
U009772,Raymond Harmon,rmerritt@example.com,Male,Amandafurt,3/17/2024
U009773,Paul Martin,annalopez@example.com,Other,Longberg,2/24/2024
U009774,Rebecca Rhodes,kendramiller@example.org,Other,South Marymouth,2/29/2024
U009775,Alex Graves,meganbeck@example.org,Other,Jefferyview,2/7/2025
U009776,Keith Bell,scottpamela@example.net,Male,Lake Ray,11/1/2025
U009777,Nicholas Hammond,sarahcraig@example.net,Other,Davisbury,9/13/2024
U009778,Zachary Russell,schwartztiffany@example.net,Other,East Becky,9/11/2024
U009779,Christopher Carrillo,yrice@example.net,Female,New Kylestad,2/25/2024
U009780,Jade Reynolds,velasquezkevin@example.com,Female,Lake Christieburgh,6/27/2025
U009781,Susan Jackson,pwaller@example.com,Female,Patriciabury,11/4/2025
U009782,Albert Hill,robinsondavid@example.net,Female,Heatherville,10/3/2025
U009783,Jennifer Nelson,jeremyclayton@example.net,Other,Jacobchester,9/17/2024
U009784,Brian Logan,tracey50@example.com,Male,South Lisa,10/28/2024
U009785,Chad Martinez,kgates@example.net,Female,North Alexview,9/17/2025
U009786,Keith Medina,michelle31@example.net,Male,West Heather,11/17/2024
U009787,Margaret Brown,ggordon@example.org,Other,Courtneyborough,6/26/2025
U009788,Amanda Townsend,robertrodriguez@example.org,Other,Salazarchester,4/3/2024
U009789,Kathryn Wilkins,cynthia76@example.net,Female,Port Haleyton,11/30/2024
U009790,Monica Romero,eugene98@example.org,Female,Caseychester,3/12/2024
U009791,Denise Valencia,martinbrooks@example.net,Male,Taylorville,3/7/2024
U009792,David Thomas,kowens@example.com,Male,Lake Matthewview,5/11/2024
U009793,Jason Lopez,swillis@example.net,Female,Hernandezhaven,2/19/2024
U009794,Ricky Harris,coopertodd@example.org,Female,Josephville,6/14/2024
U009795,Kelly Evans,brookewhite@example.com,Male,Trujillofurt,4/6/2024
U009796,Douglas Cannon,gsmith@example.org,Female,South Jayfurt,5/10/2024
U009797,Nancy Garcia,jamesstevens@example.com,Female,Catherinestad,3/14/2025
U009798,Rebecca Blanchard,teresamullins@example.net,Other,Lake Nicholeshire,1/27/2024
U009799,Austin Reid,melanie73@example.net,Male,Shannontown,10/28/2024
U009800,Daisy Hull,roylevine@example.net,Male,North Karenburgh,1/8/2024
U009801,Rebecca Hansen,deandouglas@example.net,Male,North Benjamin,2/7/2025
U009802,Andrew Gomez,gaustin@example.com,Other,Kathleenview,9/1/2024
U009803,Robert Lewis,danbauer@example.org,Other,Lake Annafurt,9/15/2024
U009804,Thomas Cortez,moorechad@example.org,Other,Tamarachester,5/1/2024
U009805,Matthew Ryan,jeffrey65@example.org,Other,West Danielburgh,3/28/2024
U009806,April Walker,reidpaula@example.com,Male,Bradleyside,10/1/2024
U009807,Jennifer Harris,damon88@example.org,Male,West Taraborough,11/14/2024
U009808,Gregg Watts,loriherrera@example.net,Female,New Angelafurt,2/22/2024
U009809,Jasmin Bell,rubenramirez@example.net,Male,Leehaven,10/17/2025
U009810,Samuel Joseph,nicholas10@example.org,Female,New Adambury,4/30/2025
U009811,Thomas Cummings,christopherwhite@example.org,Other,Lake Amanda,8/1/2024
U009812,Dean Vincent,cforbes@example.org,Male,New Marie,8/2/2025
U009813,Nancy Mendez,wburns@example.com,Male,Smithview,9/14/2025
U009814,Isaac Morris,qmoore@example.net,Female,Bowersland,2/24/2024
U009815,Catherine Frye,kimberly25@example.com,Other,South Lindsey,9/11/2025
U009816,Edward Wilson,jamesnorton@example.net,Female,Krausechester,1/31/2024
U009817,Denise Patterson,ericachan@example.com,Other,Griffinbury,5/12/2025
U009818,Fernando Clark,conniehumphrey@example.org,Female,Colemantown,3/24/2025
U009819,Shannon Morgan,ericmaldonado@example.com,Male,New David,10/2/2024
U009820,Shannon Finley,lauracook@example.net,Male,Teresamouth,1/14/2024
U009821,Michael Silva,fostersamantha@example.org,Female,Brownmouth,1/28/2024
U009822,Darrell Hill,sarah79@example.net,Male,Gonzalezberg,2/26/2025
U009823,Jennifer Morales,jasoncasey@example.net,Other,Lake Nicolestad,6/24/2025
U009824,Angela West,kimberly21@example.net,Male,East Jessica,9/8/2024
U009825,Rachel Potter,paul60@example.com,Male,Angelaview,7/21/2025
U009826,Lindsay Gardner,michaelmcbride@example.net,Other,Shawnville,8/16/2024
U009827,Kathryn Rodriguez,hensleykevin@example.org,Other,West Jenniferbury,9/11/2024
U009828,Michaela Huber,tracie66@example.net,Female,Lisaberg,6/12/2024
U009829,Frances Chase,kathleen26@example.com,Female,Ashleyfurt,10/18/2024
U009830,Donna Rivera,hicksadam@example.com,Other,Rothside,7/6/2025
U009831,Brandon Torres,joshuaharper@example.com,Female,South Elizabethport,7/12/2025
U009832,Joel Obrien,jrussell@example.org,Male,Natalieport,9/22/2025
U009833,Brittany Hicks,rkramer@example.net,Male,Jonathanside,5/18/2025
U009834,Raymond Marshall,scotttamara@example.com,Other,Dawnshire,8/28/2024
U009835,Jose Holland,huangryan@example.com,Male,Port Juan,2/10/2025
U009836,Richard Wells,lambertandrea@example.net,Male,North Ginamouth,6/7/2024
U009837,Charles Lloyd,lorraine82@example.com,Female,South Ashleefurt,8/10/2025
U009838,Nathaniel Gallegos,michaelsanders@example.net,Female,Geraldborough,4/11/2025
U009839,Hayley Mckee,reedsusan@example.org,Other,South Alex,5/31/2025
U009840,Jack Rhodes,sharon62@example.org,Female,North Amber,12/1/2024
U009841,Darrell Rogers,markalvarez@example.org,Female,East Brooke,9/22/2024
U009842,Carol Murray,monicasingleton@example.com,Male,Rileystad,7/10/2025
U009843,Christopher Guzman,ebrown@example.com,Female,Lunaton,2/1/2025
U009844,Paul Friedman,whitedonald@example.org,Male,New Samuelton,2/26/2025
U009845,Tammy Price,noahwilliams@example.net,Other,New Robert,4/2/2024
U009846,Alejandro Watson,thomas07@example.com,Male,Williamsland,5/20/2024
U009847,Jacqueline Wilson,maciasgeorge@example.net,Female,Grahamville,1/27/2024
U009848,Richard Gibson,danavaldez@example.org,Other,Angelachester,5/18/2024
U009849,Amanda Jones,patriciabaker@example.net,Other,Jenniferton,8/22/2024
U009850,Ryan Watson,lisawatts@example.com,Male,Walkerport,9/3/2025
U009851,Andrew Schultz,eileenthomas@example.com,Female,Saundersland,2/19/2024
U009852,Lisa Wilkins,bradfordashley@example.net,Male,Lewiston,5/20/2025
U009853,Wesley Chambers,juliebell@example.org,Female,Port Alexa,9/20/2025
U009854,Abigail Patterson,byrdfrederick@example.net,Male,East Kimberly,4/21/2024
U009855,Diane Johnston,theresa00@example.com,Male,Danielville,1/23/2025
U009856,Shawn Washington,landrychristopher@example.net,Female,West Adamhaven,8/12/2024
U009857,George Guzman,jenniferray@example.com,Female,Paynefort,5/29/2024
U009858,Bonnie Ortiz,crossmelanie@example.net,Male,Hahnton,4/3/2025
U009859,William Miles,debrafranco@example.org,Other,West Dustinbury,1/10/2025
U009860,Erik Phillips,daniellestokes@example.com,Female,South Jon,12/16/2024
U009861,Mary Hamilton,dixonjennifer@example.net,Male,Calderonton,9/30/2025
U009862,Amanda Snyder,stevendavis@example.org,Female,Scottbury,7/9/2025
U009863,Deborah West,levinemonica@example.com,Other,Port Oliviaburgh,9/6/2024
U009864,Evelyn Parsons,gwhitehead@example.com,Other,New John,7/12/2024
U009865,Tina Morgan,smithrebecca@example.org,Other,West Lisafort,10/13/2025
U009866,Stephanie Ryan,lmcmillan@example.org,Female,Johnsonmouth,4/22/2024
U009867,Marie Sims,curryrachel@example.com,Male,Port Dawnland,4/7/2024
U009868,Kylie Cole,browncassandra@example.org,Male,Simonmouth,5/9/2025
U009869,Nicole Oneal,hawkinsgabriel@example.net,Female,Lake Christopher,9/29/2024
U009870,Corey Harris,smithgabriella@example.org,Male,Veronicaport,4/20/2025
U009871,Jason Murphy,fgriffin@example.org,Female,North Charles,3/19/2024
U009872,Christine Arnold,imccoy@example.net,Other,East Theresaton,11/5/2025
U009873,Christopher Lee,chenamy@example.net,Female,New Rodneyton,5/30/2024
U009874,Jackie Larson,richardcampbell@example.com,Other,Ronnieborough,5/17/2025
U009875,Loretta Gonzales,amanda18@example.net,Male,Port David,7/6/2024
U009876,Brenda Miller,ronaldclark@example.org,Other,Carolshire,1/21/2025
U009877,Frances Zuniga,mooreryan@example.com,Female,Johnsonbury,9/5/2025
U009878,Annette Craig,macktiffany@example.net,Other,Davismouth,6/19/2024
U009879,Jenna Rivera,taylorkenneth@example.com,Female,Woodsmouth,10/13/2024
U009880,Miranda Wilkins,erika41@example.com,Other,North Mary,8/2/2025
U009881,Shannon Snyder,martingilbert@example.org,Other,Wardton,8/8/2025
U009882,Katherine Moody,pamelanelson@example.com,Female,Mayborough,8/13/2025
U009883,Timothy Ponce,cwells@example.net,Male,Port Meganstad,10/11/2025
U009884,Monica Maldonado,kathleenhenderson@example.org,Male,North Jessica,2/26/2025
U009885,Melissa Gonzales,taralyons@example.org,Other,New Paulshire,1/16/2025
U009886,Rebecca Valenzuela,tmarshall@example.net,Male,Andrewsbury,4/21/2024
U009887,Brandon Flores,cheryladams@example.org,Male,North Tanya,6/3/2025
U009888,Keith Hanna,jamesmyers@example.org,Female,Prestonchester,11/19/2024
U009889,Rachel Allen,kimberlyhernandez@example.net,Male,Lake Ericaborough,3/19/2024
U009890,Melissa Luna,jacob49@example.org,Female,Elizabethstad,5/16/2025
U009891,Jacqueline Anderson,reyespaul@example.com,Female,New Tony,5/21/2025
U009892,Ashley Mccormick,unorris@example.net,Other,Port Amandahaven,6/20/2025
U009893,Joe Garner,mford@example.org,Other,Justinville,8/21/2025
U009894,Jared Hansen,ralphmitchell@example.net,Other,Zoeburgh,10/14/2024
U009895,Brandy Rodriguez,glennparks@example.org,Other,East Daniel,12/1/2024
U009896,Shannon Sharp,kayladavis@example.org,Other,Port Kyle,6/16/2024
U009897,Russell Burke,higginslauren@example.org,Male,East Michael,6/8/2024
U009898,Charles Harrington,walterrivera@example.org,Male,Schroederchester,2/6/2024
U009899,Jeremy Preston,jesse14@example.net,Female,Port Robertton,1/1/2024
U009900,Steven Moody,gregknox@example.com,Other,Smithbury,7/2/2024
U009901,Jennifer Rodriguez,rogersdawn@example.net,Other,Christopherborough,10/12/2025
U009902,Sylvia Dorsey,alyssajackson@example.com,Female,West Paulshire,6/27/2024
U009903,Jessica Russell,elizabeth33@example.net,Female,Nolanborough,7/31/2025
U009904,Spencer White,jamesjimenez@example.org,Female,East Yvonneberg,6/5/2024
U009905,Jason Lopez,amy60@example.org,Other,Williamsborough,6/29/2025
U009906,Wendy Nichols,williamgreen@example.net,Female,South Christina,1/2/2024
U009907,Deanna Fleming,porterkayla@example.com,Male,New Shirleyville,6/29/2024
U009908,Amy Guzman,hayden69@example.org,Other,Patrickberg,8/16/2025
U009909,Beth Smith,vwebb@example.org,Male,Jennifermouth,2/15/2025
U009910,Ronald Jimenez,ramirezgary@example.org,Other,Wangside,4/30/2024
U009911,William Davis,leecameron@example.net,Male,Port Zacharyton,1/18/2025
U009912,Gabrielle Adkins,kentjose@example.com,Female,Ralphmouth,5/10/2024
U009913,Jeffrey Austin,bondanthony@example.com,Male,Lake Daniel,10/17/2025
U009914,Nathan Martinez,uosborne@example.org,Other,Snyderfort,4/30/2024
U009915,Janice White,anthonygates@example.com,Female,Victoriaport,6/30/2025
U009916,Michael Phillips,williamsellen@example.com,Female,Joshuabury,8/29/2024
U009917,Steven Smith,suzannekelley@example.org,Female,New Sharontown,1/2/2025
U009918,Jeremy Walker,allenkayla@example.net,Male,South David,1/15/2024
U009919,Tracy Williams,heatherhall@example.org,Male,Erinborough,5/16/2024
U009920,Sabrina Phillips,johnsonamanda@example.net,Female,West Elizabethstad,3/7/2025
U009921,Hailey Bautista,lambertana@example.org,Other,Evansberg,12/14/2024
U009922,Duane Ray,swhite@example.org,Other,Port Travis,10/31/2024
U009923,Lisa Garrett,elizabeth72@example.net,Female,Cooktown,8/26/2025
U009924,Shannon Malone,hbridges@example.net,Male,Wagnerhaven,4/26/2024
U009925,Keith Conley,harrisondonald@example.net,Female,Keystad,2/12/2024
U009926,William Boyle,erica13@example.org,Male,Port Amy,8/25/2024
U009927,Heather Montes,simschad@example.com,Female,North Katelyn,2/27/2025
U009928,Donna Turner,dodsonnancy@example.org,Male,South Craigchester,11/1/2025
U009929,Christopher Lee,iayala@example.com,Male,Williamside,7/3/2024
U009930,Douglas Phelps,fitzgeraldtravis@example.com,Female,Port Jeremy,4/8/2025
U009931,Meagan Case,davidjohnson@example.org,Female,Lake Alyssamouth,12/1/2024
U009932,Susan Martin,justin49@example.org,Other,Morrowburgh,9/17/2024
U009933,Brian Brooks,hintonmichael@example.net,Female,Martinezmouth,4/3/2024
U009934,Julie Green,aclarke@example.net,Female,Lopezmouth,8/2/2025
U009935,Nathan Simmons,joshuahansen@example.org,Female,Adkinsstad,3/15/2025
U009936,Joseph King,wpatel@example.com,Female,Smithtown,2/29/2024
U009937,Dennis Green,jjohnson@example.net,Other,West Lauraton,6/4/2025
U009938,Sarah Sellers,opowers@example.com,Female,East Melissa,7/5/2024
U009939,Laura Joseph,alexisgraham@example.com,Other,West Aprilton,5/9/2025
U009940,Sarah Simmons,timothy28@example.net,Female,Sandrafort,2/16/2024
U009941,Sean Gonzalez,kellerkristen@example.org,Female,Mitchellfort,5/27/2025
U009942,Katrina Hull,nclayton@example.org,Male,Port Amanda,3/24/2024
U009943,Holly Rojas,kelly82@example.com,Female,Emilyfurt,7/18/2025
U009944,Charles Ruiz,tylervazquez@example.net,Other,Port Brianport,12/18/2024
U009945,Kristen Anderson,hernandezmatthew@example.org,Female,Ricemouth,2/28/2025
U009946,Damon Hogan,chris63@example.com,Male,West Mark,10/5/2024
U009947,Erin Campbell,zwebster@example.com,Other,New Troy,5/13/2024
U009948,Christopher Shaffer,etran@example.org,Other,Danaborough,6/11/2025
U009949,Edward Chapman,carloskrueger@example.com,Other,New Jennifer,3/29/2025
U009950,Donna Good,khicks@example.org,Female,New Ethan,1/17/2024
U009951,Shelley Wright,lynchalan@example.org,Male,Rollinsstad,4/1/2025
U009952,Cameron James,christygrant@example.com,Male,South Rachel,7/13/2024
U009953,Brian Gordon,ncohen@example.org,Male,Turnertown,9/30/2025
U009954,Harry Nguyen,rebeccagonzalez@example.net,Male,Port Jamesland,11/16/2024
U009955,Jacob Davis,mcmahoncathy@example.net,Male,Myersburgh,1/13/2024
U009956,Adam Hall,kathleen01@example.net,Male,South Jesus,9/15/2025
U009957,Troy Brennan,rcasey@example.org,Male,Hillborough,8/27/2024
U009958,Dawn Jones,davidball@example.net,Female,Morganbury,1/24/2025
U009959,Julie Morgan,erikadavenport@example.org,Female,Kathleentown,10/3/2025
U009960,Kevin Warner,graykyle@example.org,Male,Christopherside,1/1/2025
U009961,Angela Contreras,andrea51@example.org,Other,South Michaelton,10/11/2024
U009962,Mallory Obrien,courtneymills@example.com,Female,New Matthewfurt,3/1/2024
U009963,Ashley Black,jodi95@example.com,Female,Davieschester,4/27/2024
U009964,Glen Hall,sharpdiane@example.net,Male,Lake Rebeccamouth,5/27/2024
U009965,Micheal Randolph,rdixon@example.com,Female,West Angela,10/9/2024
U009966,Jason Branch,aaronramos@example.org,Male,Kristinside,12/22/2024
U009967,Justin Kelly,jessica13@example.com,Female,Veronicaton,6/1/2025
U009968,Megan Wong,williamgrimes@example.net,Female,New Gailport,3/27/2024
U009969,Maria Sanchez,carrillojade@example.org,Other,East Deniseshire,6/11/2024
U009970,Casey Johnson,scox@example.com,Other,Hooperhaven,10/8/2025
U009971,Tanya Wagner,haleregina@example.net,Female,Petersview,1/4/2025
U009972,Christopher Hale,robertsims@example.net,Female,North Jason,4/16/2024
U009973,Christopher Melton,haleyperez@example.org,Female,Chaseport,8/6/2024
U009974,Jacqueline Schultz,czimmerman@example.net,Male,New Yvonneborough,10/6/2024
U009975,Tyler Kelley,dianaodom@example.net,Other,Sloanview,10/20/2025
U009976,Annette Alvarado,margaretmccoy@example.com,Male,Smithmouth,2/27/2024
U009977,Daniel Armstrong,campbellwilliam@example.net,Male,Michaelberg,8/11/2024
U009978,Eric Wilcox,jamie54@example.org,Female,South Ernestland,3/18/2024
U009979,Heather Ramirez,wheelerlisa@example.com,Male,South Patriciaton,3/12/2025
U009980,Margaret Kelly,bryan63@example.net,Male,Jillbury,5/13/2025
U009981,Courtney Juarez,steve08@example.org,Female,Gabriellastad,2/16/2024
U009982,Natasha Taylor,terrireeves@example.org,Male,Kaylafurt,1/26/2024
U009983,Heather Haynes,melvinroberson@example.com,Male,Port Kimberly,7/4/2025
U009984,Sheri Hickman,watkinscharles@example.net,Other,East Mariachester,3/21/2024
U009985,Monique Williams,robertbest@example.com,Other,Joshuaberg,1/6/2025
U009986,Brian Graham,esims@example.com,Female,New Donnashire,6/17/2025
U009987,Christopher Williams,lindawright@example.com,Other,Murphyland,6/15/2024
U009988,Jason Butler,williamdavis@example.net,Other,Nixonview,10/26/2025
U009989,Amanda Silva,andrea85@example.com,Other,Trevorport,7/10/2025
U009990,Brittany Weber,pmoses@example.net,Male,Lake Kaylastad,6/9/2025
U009991,Joseph Weaver,roachtimothy@example.com,Other,Michaelmouth,7/27/2024
U009992,Timothy Wells,devon49@example.org,Male,Port Christineshire,9/15/2024
U009993,Kelly Torres,wardnathan@example.net,Other,Katiefort,7/17/2024
U009994,Daniel Vasquez,jeremymclaughlin@example.org,Other,North Travisville,9/4/2025
U009995,Michael Taylor,fhopkins@example.org,Male,East Nicholas,5/19/2025
U009996,Jill Moreno,joshua27@example.com,Female,East Monica,5/11/2025
U009997,Cheryl Brown,patrickmoore@example.net,Male,New Kimberlyshire,12/14/2024
U009998,Susan Randolph,bvasquez@example.com,Male,New Kristin,4/17/2024
U009999,Michelle Parker,savannah49@example.net,Female,Wellsfurt,3/15/2025
U010000,Claire Sullivan,thomas24@example.net,Other,East Heather,1/13/2024
