Order ID,Order Date,Ship Date,Ship Mode,Segment,Continent,Country,Region,State,City,Category,Sub-Category,Sales,Quantity,Discount,Profit
GB-2025-10001,10/16/2025,10/21/2025,Standard Class,Home Office,North America,United States,East,New York,New York,Technology,Phones,1578.01,7,0,315.6
GB-2024-10002,8/26/2024,8/31/2024,Standard Class,Consumer,Oceania,Australia,East,New South Wales,Sydney,Technology,Accessories,118.64,1,0,47.46
GB-2025-10003,3/8/2025,3/13/2025,Standard Class,Consumer,North America,Canada,East,Ontario,Toronto,Office Supplies,Paper,141.43,6,0.1,48.09
GB-2026-10004,4/6/2026,4/11/2026,Standard Class,Corporate,Oceania,Australia,East,New South Wales,Sydney,Technology,Accessories,446.36,4,0,178.54
GB-2024-10005,8/21/2024,8/24/2024,Second Class,Consumer,South America,Brazil,South,Paraná,Curitiba,Office Supplies,Art,35.31,3,0,10.59
GB-2024-10006,9/30/2024,10/3/2024,Second Class,Home Office,Asia,India,West,Maharashtra,Mumbai,Office Supplies,Envelopes,89.28,5,0.1,25.89
GB-2025-10007,7/24/2025,7/29/2025,Standard Class,Corporate,Asia,India,West,Maharashtra,Mumbai,Office Supplies,Envelopes,14.98,5,0.5,0.75
GB-2025-10008,8/3/2025,8/5/2025,First Class,Corporate,North America,Canada,West,British Columbia,Vancouver,Furniture,Bookcases,521.97,3,0,26.1
GB-2024-10009,9/26/2024,9/29/2024,Second Class,Corporate,South America,Brazil,South,Paraná,Curitiba,Furniture,Furnishings,124.83,2,0.2,16.23
GB-2024-10010,6/5/2024,6/8/2024,Second Class,Home Office,Europe,United Kingdom,North,Scotland,Edinburgh,Technology,Machines,6089.04,9,0,1096.03
GB-2024-10011,1/12/2024,1/15/2024,Second Class,Consumer,Asia,Japan,Kansai,Osaka,Osaka,Office Supplies,Envelopes,17.71,3,0.5,0.89
GB-2026-10012,1/6/2026,1/11/2026,Standard Class,Home Office,Asia,India,South,Tamil Nadu,Chennai,Furniture,Bookcases,706.89,3,0.1,7.07
GB-2025-10013,6/27/2025,6/29/2025,First Class,Home Office,Europe,United Kingdom,South,England,London,Office Supplies,Binders,13.56,1,0,6.1
GB-2024-10014,3/21/2024,3/26/2024,Standard Class,Corporate,Asia,India,West,Maharashtra,Mumbai,Technology,Copiers,6024.33,5,0.1,1747.06
GB-2024-10015,8/4/2024,8/6/2024,First Class,Home Office,Asia,Japan,Kansai,Osaka,Osaka,Office Supplies,Envelopes,17.44,2,0,6.1
GB-2024-10016,1/22/2024,1/27/2024,Standard Class,Consumer,Oceania,Australia,East,New South Wales,Sydney,Furniture,Chairs,407.89,1,0,61.18
GB-2024-10017,8/31/2024,9/5/2024,Standard Class,Corporate,North America,United States,West,California,Los Angeles,Office Supplies,Envelopes,23.08,4,0.1,6.69
GB-2024-10018,12/28/2024,1/2/2025,Standard Class,Corporate,South America,Brazil,Southeast,São Paulo,São Paulo,Office Supplies,Art,18.44,2,0,5.53
GB-2025-10019,4/4/2025,4/9/2025,Standard Class,Consumer,North America,United States,East,Pennsylvania,Philadelphia,Technology,Phones,721.72,1,0,144.34
GB-2024-10020,1/16/2024,1/16/2024,Same Day,Consumer,North America,Canada,West,British Columbia,Vancouver,Office Supplies,Paper,21.71,3,0.5,2.17
GB-2024-10021,9/28/2024,9/30/2024,First Class,Corporate,North America,Canada,East,Ontario,Toronto,Office Supplies,Binders,29.8,1,0,13.41
GB-2026-10022,2/4/2026,2/9/2026,Standard Class,Consumer,Oceania,Australia,East,New South Wales,Sydney,Furniture,Chairs,705.12,2,0,105.77
GB-2024-10023,5/2/2024,5/4/2024,First Class,Home Office,North America,United States,East,Pennsylvania,Philadelphia,Technology,Accessories,209.47,5,0.1,71.22
GB-2024-10024,9/1/2024,9/6/2024,Standard Class,Consumer,Asia,Japan,Kansai,Osaka,Osaka,Furniture,Chairs,2690.8,8,0,403.62
GB-2024-10025,4/12/2024,4/17/2024,Standard Class,Consumer,Oceania,Australia,West,Western Australia,Perth,Furniture,Bookcases,589.28,5,0.2,41.25
GB-2025-10026,12/21/2025,12/26/2025,Standard Class,Home Office,Oceania,Australia,East,New South Wales,Sydney,Office Supplies,Paper,47.12,2,0,18.85
GB-2024-10027,10/15/2024,10/18/2024,Second Class,Home Office,Europe,Germany,South,Bavaria,Munich,Furniture,Chairs,2791.6,7,0,418.74
GB-2024-10028,12/7/2024,12/10/2024,Second Class,Home Office,Africa,South Africa,Western Cape,Western Cape,Cape Town,Technology,Phones,416.32,2,0.2,33.31
GB-2024-10029,6/1/2024,6/6/2024,Standard Class,Corporate,Oceania,Australia,West,Western Australia,Perth,Furniture,Bookcases,1996.33,6,0.1,19.96
GB-2024-10030,2/10/2024,2/12/2024,First Class,Consumer,Asia,India,South,Tamil Nadu,Chennai,Technology,Copiers,3620.9,4,0.5,181.04
GB-2026-10031,4/10/2026,4/15/2026,Standard Class,Corporate,North America,Canada,West,British Columbia,Vancouver,Office Supplies,Binders,40.72,2,0,18.32
GB-2025-10032,4/26/2025,5/1/2025,Standard Class,Corporate,Europe,United Kingdom,South,England,London,Technology,Copiers,5933.59,7,0.2,1364.73
GB-2026-10033,3/2/2026,3/7/2026,Standard Class,Home Office,Oceania,Australia,East,New South Wales,Sydney,Office Supplies,Binders,19.2,5,0,8.64
GB-2024-10034,12/19/2024,12/22/2024,Second Class,Corporate,Europe,United Kingdom,North,Scotland,Edinburgh,Office Supplies,Paper,17.64,7,0.5,1.76
GB-2025-10035,7/5/2025,7/8/2025,Second Class,Home Office,Asia,India,South,Tamil Nadu,Chennai,Furniture,Bookcases,1794.12,6,0,89.71
GB-2024-10036,11/3/2024,11/8/2024,Standard Class,Home Office,Europe,Germany,South,Bavaria,Munich,Furniture,Furnishings,248.36,7,0.5,12.42
GB-2025-10037,9/22/2025,9/27/2025,Standard Class,Corporate,Oceania,Australia,West,Western Australia,Perth,Furniture,Furnishings,311.1,6,0,77.78
GB-2024-10038,8/6/2024,8/11/2024,Standard Class,Home Office,North America,United States,West,Washington,Seattle,Furniture,Tables,1867.75,5,0,186.78
GB-2024-10039,1/26/2024,1/31/2024,Standard Class,Corporate,Asia,India,East,West Bengal,Kolkata,Technology,Copiers,9044.91,7,0,3165.72
GB-2025-10040,11/2/2025,11/5/2025,Second Class,Consumer,Asia,India,West,Maharashtra,Mumbai,Furniture,Tables,801.68,2,0.2,176.37
GB-2025-10041,11/14/2025,11/19/2025,Standard Class,Home Office,Oceania,Australia,West,Western Australia,Perth,Furniture,Furnishings,266.64,8,0,66.66
GB-2025-10042,10/14/2025,10/19/2025,Standard Class,Home Office,Europe,United Kingdom,North,Scotland,Edinburgh,Furniture,Bookcases,726.04,4,0,36.3
GB-2025-10043,7/7/2025,7/12/2025,Standard Class,Consumer,North America,United States,East,New York,New York,Office Supplies,Envelopes,78.84,6,0,27.59
GB-2024-10044,7/30/2024,8/1/2024,First Class,Corporate,South America,Brazil,South,Paraná,Curitiba,Furniture,Bookcases,1304.16,5,0.2,91.29
GB-2025-10045,3/5/2025,3/10/2025,Standard Class,Home Office,Oceania,Australia,West,Western Australia,Perth,Office Supplies,Envelopes,43.52,8,0,15.23
GB-2025-10046,11/26/2025,11/29/2025,Second Class,Home Office,North America,Canada,East,Ontario,Toronto,Office Supplies,Paper,42.14,2,0,16.86
GB-2025-10047,4/17/2025,4/22/2025,Standard Class,Corporate,Europe,United Kingdom,North,Scotland,Edinburgh,Office Supplies,Envelopes,65.12,5,0.2,14.98
GB-2024-10048,9/15/2024,9/17/2024,First Class,Corporate,North America,United States,West,California,Los Angeles,Technology,Phones,401.69,1,0.5,40.17
GB-2024-10049,7/23/2024,7/25/2024,First Class,Home Office,North America,United States,West,California,Los Angeles,Technology,Copiers,11370.6,8,0.1,3297.47
GB-2024-10050,6/20/2024,6/23/2024,Second Class,Home Office,Asia,India,South,Tamil Nadu,Chennai,Technology,Phones,1651.6,5,0.5,165.16
GB-2025-10051,1/19/2025,1/24/2025,Standard Class,Home Office,North America,United States,East,Pennsylvania,Philadelphia,Technology,Phones,477.76,1,0,95.55
GB-2025-10052,1/14/2025,1/19/2025,Standard Class,Home Office,Europe,Germany,South,Bavaria,Munich,Office Supplies,Art,150.8,8,0,45.24
GB-2026-10053,1/21/2026,1/26/2026,Standard Class,Home Office,North America,Canada,West,British Columbia,Vancouver,Technology,Accessories,627.46,6,0.2,175.69
GB-2024-10054,3/29/2024,4/3/2024,Standard Class,Corporate,North America,Canada,West,British Columbia,Vancouver,Furniture,Furnishings,158.22,6,0,39.55
GB-2026-10055,3/27/2026,4/1/2026,Standard Class,Corporate,South America,Brazil,Southeast,São Paulo,São Paulo,Furniture,Tables,3267.94,7,0.1,522.87
GB-2025-10056,12/8/2025,12/13/2025,Standard Class,Home Office,Europe,United Kingdom,South,England,London,Furniture,Furnishings,150.24,4,0,37.56
GB-2025-10057,4/29/2025,5/4/2025,Standard Class,Corporate,Europe,Germany,South,Bavaria,Munich,Office Supplies,Art,39.78,5,0.1,9.55
GB-2024-10058,11/19/2024,11/24/2024,Standard Class,Home Office,Africa,South Africa,Gauteng,Gauteng,Johannesburg,Technology,Machines,2992.6,5,0.5,1436.45
GB-2025-10059,6/21/2025,6/26/2025,Standard Class,Consumer,Asia,Japan,Kanto,Tokyo,Tokyo,Furniture,Bookcases,312.41,1,0,15.62
GB-2024-10060,2/16/2024,2/16/2024,Same Day,Home Office,North America,United States,West,California,Los Angeles,Furniture,Bookcases,1948.88,8,0,97.44
GB-2024-10061,2/22/2024,2/27/2024,Standard Class,Corporate,North America,United States,West,Washington,Seattle,Furniture,Chairs,584.28,3,0,87.64
GB-2024-10062,11/7/2024,11/12/2024,Standard Class,Consumer,North America,Canada,East,Ontario,Toronto,Office Supplies,Envelopes,44.75,5,0.5,2.24
GB-2024-10063,11/8/2024,11/13/2024,Standard Class,Consumer,Asia,India,West,Maharashtra,Mumbai,Office Supplies,Paper,33,3,0,13.2
GB-2024-10064,6/9/2024,6/14/2024,Standard Class,Corporate,Asia,Japan,Kansai,Osaka,Osaka,Furniture,Bookcases,1554.5,5,0,77.73
GB-2025-10065,12/4/2025,12/9/2025,Standard Class,Corporate,Asia,India,East,West Bengal,Kolkata,Technology,Copiers,4492.27,3,0.2,1033.22
GB-2024-10066,3/14/2024,3/19/2024,Standard Class,Corporate,Oceania,Australia,West,Western Australia,Perth,Office Supplies,Art,166.6,7,0,49.98
GB-2025-10067,5/20/2025,5/25/2025,Standard Class,Home Office,North America,Canada,West,British Columbia,Vancouver,Furniture,Chairs,1403.42,4,0.2,42.1
GB-2025-10068,8/12/2025,8/17/2025,Standard Class,Consumer,Africa,South Africa,Gauteng,Gauteng,Johannesburg,Office Supplies,Envelopes,38.6,5,0,13.51
GB-2025-10069,10/12/2025,10/14/2025,First Class,Consumer,Europe,Germany,South,Bavaria,Munich,Technology,Phones,1252.37,3,0.1,175.33
GB-2024-10070,10/22/2024,10/25/2024,Second Class,Corporate,Asia,India,East,West Bengal,Kolkata,Office Supplies,Art,34.72,6,0.1,8.33
GB-2025-10071,6/10/2025,6/12/2025,First Class,Consumer,Asia,Japan,Kansai,Osaka,Osaka,Furniture,Bookcases,2070.86,8,0.1,20.71
GB-2024-10072,7/27/2024,8/1/2024,Standard Class,Consumer,South America,Brazil,South,Paraná,Curitiba,Furniture,Tables,1262.73,3,0,126.27
GB-2025-10073,2/21/2025,2/26/2025,Standard Class,Consumer,Europe,United Kingdom,South,England,London,Technology,Accessories,1005.3,9,0,402.12
GB-2025-10074,5/9/2025,5/9/2025,Same Day,Consumer,Europe,United Kingdom,North,Scotland,Edinburgh,Technology,Copiers,1776.15,2,0.1,515.08
GB-2025-10075,2/28/2025,3/5/2025,Standard Class,Home Office,North America,United States,West,Washington,Seattle,Technology,Machines,2673.6,3,0,481.25
GB-2024-10076,12/6/2024,12/11/2024,Standard Class,Home Office,Europe,Germany,North,Berlin,Berlin,Technology,Machines,5366.44,4,0,965.96
GB-2024-10077,11/21/2024,11/24/2024,Second Class,Home Office,South America,Brazil,South,Paraná,Curitiba,Office Supplies,Paper,52.68,3,0,21.07
GB-2024-10078,4/12/2024,4/14/2024,First Class,Corporate,North America,Canada,East,Ontario,Toronto,Office Supplies,Binders,24.54,2,0.5,3.68
GB-2024-10079,12/12/2024,12/15/2024,Second Class,Corporate,Asia,Japan,Kansai,Osaka,Osaka,Technology,Machines,3955.41,9,0,711.97
GB-2025-10080,10/8/2025,10/11/2025,Second Class,Corporate,Africa,South Africa,Western Cape,Western Cape,Cape Town,Technology,Phones,2664.72,8,0,532.94
GB-2024-10081,1/30/2024,2/4/2024,Standard Class,Consumer,North America,Canada,West,British Columbia,Vancouver,Furniture,Furnishings,75.9,3,0,18.98
GB-2025-10082,1/26/2025,1/29/2025,Second Class,Consumer,Europe,United Kingdom,South,England,London,Technology,Accessories,425.52,8,0,170.21
GB-2026-10083,4/3/2026,4/8/2026,Standard Class,Corporate,Asia,India,North,Delhi,New Delhi,Office Supplies,Art,129.5,7,0,38.85
GB-2024-10084,11/5/2024,11/10/2024,Standard Class,Corporate,South America,Brazil,Southeast,Rio de Janeiro,Rio de Janeiro,Technology,Accessories,745.25,5,0,298.1
GB-2026-10085,4/29/2026,5/2/2026,Second Class,Corporate,North America,United States,West,Washington,Seattle,Furniture,Bookcases,1047.56,4,0.1,10.48
GB-2025-10086,11/25/2025,11/28/2025,Second Class,Home Office,Asia,India,North,Delhi,New Delhi,Office Supplies,Envelopes,12.32,1,0.1,3.57
GB-2024-10087,4/2/2024,4/4/2024,First Class,Corporate,Asia,India,West,Maharashtra,Mumbai,Technology,Accessories,767.07,9,0,306.83
GB-2024-10088,6/17/2024,6/22/2024,Standard Class,Corporate,Africa,South Africa,Western Cape,Western Cape,Cape Town,Office Supplies,Paper,71.55,3,0,28.62
GB-2025-10089,11/23/2025,11/26/2025,Second Class,Corporate,Africa,South Africa,Gauteng,Gauteng,Johannesburg,Furniture,Bookcases,1233.72,9,0,61.69
GB-2026-10090,2/5/2026,2/8/2026,Second Class,Home Office,Europe,Germany,North,Berlin,Berlin,Office Supplies,Paper,106.92,9,0.1,36.35
GB-2025-10091,10/25/2025,10/30/2025,Standard Class,Corporate,South America,Brazil,South,Paraná,Curitiba,Furniture,Chairs,241.31,1,0,36.2
GB-2024-10092,4/9/2024,4/14/2024,Standard Class,Home Office,North America,Canada,West,British Columbia,Vancouver,Technology,Copiers,8494.58,7,0.2,1953.75
GB-2025-10093,9/22/2025,9/27/2025,Standard Class,Corporate,North America,Canada,East,Ontario,Toronto,Office Supplies,Binders,36.56,6,0.1,14.26
GB-2025-10094,7/11/2025,7/13/2025,First Class,Home Office,Europe,Germany,South,Bavaria,Munich,Furniture,Furnishings,125.37,2,0.1,23.82
GB-2025-10095,9/3/2025,9/3/2025,Same Day,Consumer,Asia,India,West,Maharashtra,Mumbai,Furniture,Tables,2788.72,4,0,278.87
GB-2026-10096,3/3/2026,3/8/2026,Standard Class,Home Office,North America,United States,East,Pennsylvania,Philadelphia,Furniture,Chairs,189.54,1,0,28.43
GB-2026-10097,3/18/2026,3/23/2026,Standard Class,Corporate,North America,Canada,East,Ontario,Toronto,Technology,Machines,4725.09,9,0,850.52
GB-2025-10098,4/4/2025,4/7/2025,Second Class,Home Office,Oceania,Australia,East,New South Wales,Sydney,Technology,Accessories,829.04,8,0,331.62
GB-2025-10099,5/5/2025,5/7/2025,First Class,Corporate,Asia,Japan,Kansai,Osaka,Osaka,Furniture,Bookcases,359.1,3,0,17.96
GB-2025-10100,10/10/2025,10/15/2025,Standard Class,Home Office,Europe,Germany,South,Bavaria,Munich,Furniture,Chairs,3296.25,9,0,494.44
GB-2025-10101,4/7/2025,4/9/2025,First Class,Corporate,Europe,Germany,South,Bavaria,Munich,Technology,Phones,2923.61,6,0.1,409.31
GB-2025-10102,1/18/2025,1/18/2025,Same Day,Home Office,South America,Brazil,Southeast,São Paulo,São Paulo,Furniture,Furnishings,154.02,2,0,38.51
GB-2024-10103,5/13/2024,5/18/2024,Standard Class,Home Office,Africa,South Africa,Gauteng,Gauteng,Johannesburg,Office Supplies,Envelopes,17.58,1,0.1,5.1
GB-2024-10104,12/26/2024,12/31/2024,Standard Class,Home Office,North America,Canada,East,Ontario,Toronto,Office Supplies,Art,40.02,2,0,12.01
GB-2026-10105,4/6/2026,4/11/2026,Standard Class,Home Office,Africa,South Africa,Western Cape,Western Cape,Cape Town,Furniture,Bookcases,1882.3,5,0,94.12
GB-2024-10106,7/4/2024,7/6/2024,First Class,Home Office,Asia,India,West,Maharashtra,Mumbai,Furniture,Tables,3366.37,7,0,336.64
GB-2025-10107,1/13/2025,1/18/2025,Standard Class,Corporate,Asia,India,North,Delhi,New Delhi,Furniture,Chairs,416.93,2,0.1,37.52
GB-2025-10108,5/12/2025,5/15/2025,Second Class,Corporate,North America,United States,West,Washington,Seattle,Furniture,Bookcases,2064.64,8,0,103.23
GB-2024-10109,8/13/2024,8/18/2024,Standard Class,Home Office,North America,United States,West,California,Los Angeles,Furniture,Bookcases,992.2,5,0,49.61
GB-2026-10110,2/3/2026,2/8/2026,Standard Class,Consumer,Europe,United Kingdom,North,Scotland,Edinburgh,Office Supplies,Paper,19.14,7,0.5,1.91
GB-2024-10111,11/16/2024,11/21/2024,Standard Class,Home Office,Europe,Germany,South,Bavaria,Munich,Office Supplies,Paper,27.9,6,0.5,2.79
GB-2025-10112,4/16/2025,4/18/2025,First Class,Corporate,North America,United States,East,Pennsylvania,Philadelphia,Technology,Machines,3502.87,9,0.2,1050.86
GB-2026-10113,2/2/2026,2/7/2026,Standard Class,Corporate,Asia,India,North,Delhi,New Delhi,Office Supplies,Art,26.88,3,0,8.06
GB-2024-10114,7/21/2024,7/26/2024,Standard Class,Consumer,Asia,India,West,Maharashtra,Mumbai,Office Supplies,Envelopes,96.98,6,0.1,28.12
GB-2024-10115,6/3/2024,6/8/2024,Standard Class,Corporate,Europe,Germany,South,Bavaria,Munich,Office Supplies,Paper,82.7,5,0,33.08
GB-2025-10116,1/12/2025,1/14/2025,First Class,Consumer,Asia,India,East,West Bengal,Kolkata,Technology,Phones,7417.92,8,0,1483.58
GB-2024-10117,7/11/2024,7/16/2024,Standard Class,Corporate,Oceania,Australia,West,Western Australia,Perth,Office Supplies,Paper,190.35,9,0,76.14
GB-2025-10118,12/25/2025,12/30/2025,Standard Class,Corporate,Oceania,Australia,West,Western Australia,Perth,Office Supplies,Envelopes,104.71,7,0.1,30.37
GB-2024-10119,2/23/2024,2/26/2024,Second Class,Home Office,Europe,Germany,North,Berlin,Berlin,Office Supplies,Art,33,3,0,9.9
GB-2024-10120,5/24/2024,5/26/2024,First Class,Corporate,Africa,South Africa,Gauteng,Gauteng,Johannesburg,Office Supplies,Envelopes,92.88,6,0.1,26.94
GB-2026-10121,4/28/2026,4/30/2026,First Class,Home Office,South America,Brazil,South,Paraná,Curitiba,Furniture,Bookcases,770.4,5,0,38.52
GB-2026-10122,2/23/2026,2/28/2026,Standard Class,Consumer,Africa,South Africa,Gauteng,Gauteng,Johannesburg,Furniture,Chairs,2229.77,6,0.1,200.68
GB-2025-10123,9/3/2025,9/8/2025,Standard Class,Consumer,North America,United States,West,California,Los Angeles,Office Supplies,Art,87.7,4,0.1,21.05
GB-2026-10124,2/9/2026,2/12/2026,Second Class,Corporate,North America,United States,West,Washington,Seattle,Furniture,Bookcases,1908,8,0,95.4
GB-2025-10125,1/26/2025,1/31/2025,Standard Class,Corporate,Africa,South Africa,Gauteng,Gauteng,Johannesburg,Furniture,Furnishings,359.46,6,0,89.86
GB-2025-10126,6/12/2025,6/14/2025,First Class,Corporate,North America,United States,West,Washington,Seattle,Technology,Copiers,2549.4,7,0.5,127.47
GB-2026-10127,4/16/2026,4/21/2026,Standard Class,Corporate,South America,Brazil,Southeast,Rio de Janeiro,Rio de Janeiro,Technology,Accessories,280.8,4,0,112.32
GB-2024-10128,8/17/2024,8/22/2024,Standard Class,Consumer,Asia,Japan,Kanto,Tokyo,Tokyo,Furniture,Bookcases,2470.56,8,0,123.53
GB-2025-10129,12/23/2025,12/28/2025,Standard Class,Home Office,North America,United States,East,Pennsylvania,Philadelphia,Furniture,Tables,6213.67,9,0.1,994.19
GB-2025-10130,3/9/2025,3/14/2025,Standard Class,Corporate,North America,United States,East,New York,New York,Office Supplies,Envelopes,6.66,2,0.5,0.33
GB-2025-10131,9/3/2025,9/8/2025,Standard Class,Home Office,Oceania,Australia,East,New South Wales,Sydney,Office Supplies,Paper,66.06,6,0,26.42
GB-2025-10132,11/11/2025,11/14/2025,Second Class,Home Office,Africa,South Africa,Gauteng,Gauteng,Johannesburg,Office Supplies,Paper,206.71,7,0,82.68
GB-2024-10133,1/17/2024,1/22/2024,Standard Class,Consumer,Europe,United Kingdom,North,Scotland,Edinburgh,Furniture,Bookcases,1632.64,9,0.1,16.33
GB-2026-10134,4/30/2026,5/3/2026,Second Class,Corporate,Africa,South Africa,Gauteng,Gauteng,Johannesburg,Furniture,Furnishings,36.41,1,0,9.1
GB-2024-10135,7/23/2024,7/25/2024,First Class,Corporate,South America,Brazil,South,Paraná,Curitiba,Furniture,Tables,2008.53,5,0.1,321.36
GB-2025-10136,11/2/2025,11/7/2025,Standard Class,Consumer,Asia,Japan,Kansai,Osaka,Osaka,Office Supplies,Art,43.26,3,0,12.98
GB-2026-10137,3/27/2026,4/1/2026,Standard Class,Consumer,Asia,India,East,West Bengal,Kolkata,Technology,Accessories,200.04,6,0,80.02
GB-2024-10138,10/29/2024,11/3/2024,Standard Class,Home Office,Asia,India,East,West Bengal,Kolkata,Office Supplies,Paper,122.22,6,0,48.89
GB-2025-10139,10/16/2025,10/16/2025,Same Day,Consumer,North America,Canada,West,British Columbia,Vancouver,Furniture,Tables,2153.12,8,0,215.31
GB-2026-10140,3/8/2026,3/11/2026,Second Class,Corporate,Europe,United Kingdom,South,England,London,Office Supplies,Art,160.16,8,0,48.05
GB-2025-10141,6/26/2025,7/1/2025,Standard Class,Corporate,Asia,India,North,Delhi,New Delhi,Technology,Copiers,5299.36,8,0.5,264.97
GB-2024-10142,4/30/2024,5/5/2024,Standard Class,Corporate,Asia,India,South,Tamil Nadu,Chennai,Furniture,Chairs,1217.55,3,0,182.63
GB-2025-10143,12/31/2025,1/5/2026,Standard Class,Consumer,Asia,Japan,Kansai,Osaka,Osaka,Technology,Accessories,588.06,5,0.1,199.94
GB-2025-10144,12/18/2025,12/21/2025,Second Class,Corporate,Oceania,Australia,East,New South Wales,Sydney,Furniture,Furnishings,42.48,1,0,10.62
GB-2025-10145,4/23/2025,4/25/2025,First Class,Home Office,North America,United States,East,Pennsylvania,Philadelphia,Office Supplies,Envelopes,100.44,9,0,35.15
GB-2025-10146,8/11/2025,8/16/2025,Standard Class,Corporate,Asia,Japan,Kansai,Osaka,Osaka,Furniture,Tables,731.91,3,0.5,292.76
GB-2024-10147,2/26/2024,2/28/2024,First Class,Home Office,North America,United States,East,Pennsylvania,Philadelphia,Technology,Copiers,11558.88,6,0,4045.61
GB-2024-10148,10/17/2024,10/19/2024,First Class,Corporate,North America,Canada,East,Ontario,Toronto,Technology,Phones,6415.11,9,0,1283.02
GB-2025-10149,8/17/2025,8/22/2025,Standard Class,Home Office,Asia,Japan,Kanto,Tokyo,Tokyo,Furniture,Chairs,1554.03,5,0.1,139.86
GB-2025-10150,3/2/2025,3/5/2025,Second Class,Consumer,Europe,Germany,South,Bavaria,Munich,Furniture,Furnishings,228.69,5,0.1,43.45
GB-2024-10151,6/10/2024,6/15/2024,Standard Class,Corporate,Europe,Germany,North,Berlin,Berlin,Technology,Accessories,880.8,6,0,352.32
GB-2025-10152,1/14/2025,1/19/2025,Standard Class,Consumer,Europe,Germany,North,Berlin,Berlin,Office Supplies,Binders,19.95,3,0,8.98
GB-2025-10153,1/28/2025,1/30/2025,First Class,Corporate,North America,United States,West,Washington,Seattle,Furniture,Tables,6382.24,8,0,638.22
GB-2024-10154,11/11/2024,11/16/2024,Standard Class,Consumer,South America,Brazil,Southeast,São Paulo,São Paulo,Technology,Accessories,26.57,1,0,10.63
GB-2025-10155,10/31/2025,11/3/2025,Second Class,Corporate,Oceania,Australia,West,Western Australia,Perth,Office Supplies,Art,81.76,7,0,24.53
GB-2025-10156,8/6/2025,8/11/2025,Standard Class,Corporate,Oceania,Australia,West,Western Australia,Perth,Technology,Accessories,73.46,2,0,29.38
GB-2025-10157,1/17/2025,1/20/2025,Second Class,Corporate,Oceania,Australia,East,New South Wales,Sydney,Technology,Machines,3998.52,9,0,719.73
GB-2025-10158,12/31/2025,1/5/2026,Standard Class,Corporate,Oceania,Australia,East,New South Wales,Sydney,Technology,Accessories,191.92,3,0.1,65.25
GB-2024-10159,11/2/2024,11/7/2024,Standard Class,Home Office,Asia,Japan,Kansai,Osaka,Osaka,Furniture,Bookcases,906.42,6,0.5,226.6
GB-2025-10160,8/20/2025,8/25/2025,Standard Class,Home Office,South America,Brazil,South,Paraná,Curitiba,Technology,Copiers,1416.93,1,0,495.93
GB-2025-10161,10/6/2025,10/9/2025,Second Class,Corporate,North America,United States,East,New York,New York,Furniture,Chairs,1952.88,8,0,292.93
GB-2025-10162,12/8/2025,12/13/2025,Standard Class,Home Office,Asia,Japan,Kanto,Tokyo,Tokyo,Technology,Copiers,8546.07,9,0.1,2478.36
GB-2025-10163,6/22/2025,6/27/2025,Standard Class,Consumer,Europe,Germany,South,Bavaria,Munich,Technology,Machines,5812.28,4,0,1046.21
GB-2024-10164,11/1/2024,11/6/2024,Standard Class,Corporate,Asia,India,East,West Bengal,Kolkata,Office Supplies,Art,191.24,9,0.1,45.9
GB-2024-10165,10/7/2024,10/12/2024,Standard Class,Home Office,Asia,Japan,Kansai,Osaka,Osaka,Furniture,Bookcases,167.66,1,0.1,1.68
GB-2024-10166,12/20/2024,12/22/2024,First Class,Home Office,North America,Canada,East,Ontario,Toronto,Technology,Accessories,994.5,9,0,397.8
GB-2025-10167,9/22/2025,9/25/2025,Second Class,Consumer,North America,United States,East,New York,New York,Furniture,Furnishings,447.36,6,0,111.84
GB-2026-10168,2/28/2026,3/5/2026,Standard Class,Home Office,Africa,South Africa,Western Cape,Western Cape,Cape Town,Office Supplies,Binders,78.39,5,0.1,30.57
GB-2026-10169,2/26/2026,3/3/2026,Standard Class,Home Office,North America,United States,East,Pennsylvania,Philadelphia,Furniture,Chairs,2704.73,7,0,405.71
GB-2026-10170,2/5/2026,2/5/2026,Same Day,Corporate,South America,Brazil,South,Paraná,Curitiba,Office Supplies,Art,198.16,8,0,59.45
GB-2025-10171,5/20/2025,5/22/2025,First Class,Consumer,South America,Brazil,South,Paraná,Curitiba,Furniture,Bookcases,862.22,3,0.1,8.62
GB-2026-10172,1/5/2026,1/10/2026,Standard Class,Home Office,Europe,Germany,North,Berlin,Berlin,Technology,Machines,6767.67,7,0,1218.18
GB-2025-10173,11/16/2025,11/21/2025,Standard Class,Consumer,Europe,United Kingdom,South,England,London,Office Supplies,Binders,152.72,8,0.5,22.91
GB-2024-10174,11/5/2024,11/10/2024,Standard Class,Home Office,North America,Canada,East,Ontario,Toronto,Technology,Phones,3563.6,8,0,712.72
GB-2025-10175,5/29/2025,5/31/2025,First Class,Home Office,Asia,India,South,Tamil Nadu,Chennai,Technology,Copiers,7761.2,4,0,2716.42
GB-2025-10176,4/10/2025,4/13/2025,Second Class,Home Office,Europe,Germany,North,Berlin,Berlin,Technology,Phones,4514.94,9,0.1,632.09
GB-2024-10177,3/20/2024,3/22/2024,First Class,Consumer,North America,United States,East,New York,New York,Office Supplies,Envelopes,27.36,2,0.1,7.93
GB-2025-10178,5/15/2025,5/20/2025,Standard Class,Home Office,Europe,United Kingdom,North,Scotland,Edinburgh,Technology,Machines,8162.4,8,0,1469.23
GB-2025-10179,11/19/2025,11/21/2025,First Class,Home Office,North America,Canada,East,Ontario,Toronto,Technology,Phones,485.06,1,0.1,67.91
GB-2025-10180,7/8/2025,7/8/2025,Same Day,Consumer,Africa,South Africa,Gauteng,Gauteng,Johannesburg,Office Supplies,Binders,58.14,3,0.5,8.72
GB-2025-10181,10/23/2025,10/23/2025,Same Day,Corporate,Africa,South Africa,Western Cape,Western Cape,Cape Town,Office Supplies,Paper,59.9,9,0.2,16.77
GB-2024-10182,5/1/2024,5/6/2024,Standard Class,Home Office,Europe,United Kingdom,South,England,London,Furniture,Bookcases,2416.4,8,0,120.82
GB-2025-10183,6/28/2025,7/3/2025,Standard Class,Consumer,North America,Canada,East,Ontario,Toronto,Furniture,Chairs,392.84,1,0,58.93
GB-2026-10184,2/23/2026,2/25/2026,First Class,Consumer,North America,United States,East,New York,New York,Office Supplies,Paper,94.04,4,0,37.62
GB-2024-10185,8/27/2024,9/1/2024,Standard Class,Consumer,North America,Canada,East,Ontario,Toronto,Technology,Accessories,236.92,4,0,94.77
GB-2025-10186,11/7/2025,11/12/2025,Standard Class,Corporate,Europe,United Kingdom,South,England,London,Technology,Machines,734.76,1,0.5,352.68
GB-2025-10187,11/18/2025,11/23/2025,Standard Class,Home Office,Europe,Germany,South,Bavaria,Munich,Office Supplies,Envelopes,48.96,3,0,17.14
GB-2024-10188,8/18/2024,8/23/2024,Standard Class,Home Office,North America,Canada,East,Ontario,Toronto,Office Supplies,Binders,95.62,7,0,43.03
GB-2025-10189,10/24/2025,10/29/2025,Standard Class,Corporate,Asia,India,West,Maharashtra,Mumbai,Office Supplies,Envelopes,18.1,1,0,6.33
GB-2026-10190,2/18/2026,2/23/2026,Standard Class,Home Office,Oceania,Australia,East,New South Wales,Sydney,Office Supplies,Paper,56.86,4,0.5,5.69
GB-2024-10191,4/30/2024,5/3/2024,Second Class,Corporate,South America,Brazil,South,Paraná,Curitiba,Technology,Accessories,347.45,5,0,138.98
GB-2025-10192,1/2/2025,1/7/2025,Standard Class,Corporate,Oceania,Australia,West,Western Australia,Perth,Technology,Machines,8434.56,6,0,1518.22
GB-2025-10193,2/27/2025,3/4/2025,Standard Class,Consumer,Asia,India,South,Tamil Nadu,Chennai,Office Supplies,Binders,71.32,4,0,32.09
GB-2024-10194,9/8/2024,9/13/2024,Standard Class,Home Office,South America,Brazil,South,Paraná,Curitiba,Technology,Machines,4212.43,8,0.1,1010.98
GB-2024-10195,6/22/2024,6/27/2024,Standard Class,Home Office,Europe,United Kingdom,South,England,London,Technology,Phones,423.93,1,0.2,33.91
GB-2024-10196,8/24/2024,8/29/2024,Standard Class,Consumer,North America,Canada,West,British Columbia,Vancouver,Technology,Machines,3338.4,8,0,600.91
GB-2025-10197,2/25/2025,3/2/2025,Standard Class,Home Office,Asia,Japan,Kanto,Tokyo,Tokyo,Furniture,Chairs,614.64,2,0,92.2
GB-2025-10198,9/26/2025,10/1/2025,Standard Class,Corporate,North America,Canada,East,Ontario,Toronto,Office Supplies,Envelopes,79.4,4,0,27.79
GB-2025-10199,12/1/2025,12/3/2025,First Class,Consumer,Asia,India,North,Delhi,New Delhi,Office Supplies,Envelopes,98.33,9,0.1,28.52
GB-2025-10200,12/20/2025,12/25/2025,Standard Class,Corporate,Asia,Japan,Kanto,Tokyo,Tokyo,Furniture,Tables,1596.4,8,0.5,638.56
GB-2025-10201,12/1/2025,12/3/2025,First Class,Home Office,Oceania,Australia,East,New South Wales,Sydney,Furniture,Tables,1792.1,3,0.1,286.74
GB-2025-10202,2/11/2025,2/13/2025,First Class,Corporate,North America,United States,West,Washington,Seattle,Office Supplies,Binders,26.04,2,0.5,3.91
GB-2024-10203,2/24/2024,2/29/2024,Standard Class,Consumer,Asia,Japan,Kansai,Osaka,Osaka,Furniture,Bookcases,1977.44,8,0,98.87
GB-2025-10204,1/19/2025,1/24/2025,Standard Class,Home Office,Oceania,Australia,East,New South Wales,Sydney,Furniture,Chairs,460.78,2,0,69.12
GB-2026-10205,3/13/2026,3/16/2026,Second Class,Home Office,Europe,Germany,North,Berlin,Berlin,Furniture,Bookcases,1663.84,8,0,83.19
GB-2024-10206,5/15/2024,5/20/2024,Standard Class,Corporate,Europe,Germany,North,Berlin,Berlin,Furniture,Bookcases,1151.28,9,0,57.56
GB-2024-10207,11/28/2024,11/30/2024,First Class,Consumer,North America,Canada,East,Ontario,Toronto,Technology,Copiers,5861.1,7,0,2051.39
GB-2024-10208,10/1/2024,10/6/2024,Standard Class,Consumer,North America,Canada,West,British Columbia,Vancouver,Office Supplies,Paper,67.74,6,0,27.1
GB-2025-10209,10/2/2025,10/7/2025,Standard Class,Home Office,North America,United States,East,Pennsylvania,Philadelphia,Furniture,Furnishings,514.5,6,0,128.62
GB-2024-10210,12/3/2024,12/8/2024,Standard Class,Corporate,Asia,India,South,Tamil Nadu,Chennai,Technology,Copiers,4159.44,8,0.5,207.97
GB-2024-10211,11/22/2024,11/27/2024,Standard Class,Home Office,Asia,India,South,Tamil Nadu,Chennai,Office Supplies,Envelopes,40.26,6,0,14.09
GB-2025-10212,8/29/2025,8/29/2025,Same Day,Consumer,Asia,India,East,West Bengal,Kolkata,Office Supplies,Art,38.16,2,0.1,9.16
GB-2025-10213,2/22/2025,2/25/2025,Second Class,Consumer,Asia,India,South,Tamil Nadu,Chennai,Technology,Machines,1684.76,7,0.5,808.68
GB-2025-10214,5/5/2025,5/10/2025,Standard Class,Home Office,Oceania,Australia,East,New South Wales,Sydney,Technology,Phones,1467.29,2,0.1,205.42
GB-2024-10215,12/29/2024,1/3/2025,Standard Class,Home Office,North America,Canada,West,British Columbia,Vancouver,Furniture,Chairs,455.24,2,0,68.29
GB-2025-10216,6/15/2025,6/20/2025,Standard Class,Home Office,Oceania,Australia,West,Western Australia,Perth,Office Supplies,Binders,299.34,6,0,134.7
GB-2024-10217,10/29/2024,11/3/2024,Standard Class,Consumer,North America,United States,West,Washington,Seattle,Office Supplies,Envelopes,51.28,4,0,17.95
GB-2024-10218,4/9/2024,4/14/2024,Standard Class,Home Office,Europe,United Kingdom,North,Scotland,Edinburgh,Technology,Phones,791.41,1,0.1,110.8
GB-2025-10219,11/24/2025,11/26/2025,First Class,Home Office,North America,United States,East,Pennsylvania,Philadelphia,Technology,Machines,5240.32,8,0,943.26
GB-2024-10220,7/7/2024,7/12/2024,Standard Class,Home Office,Europe,United Kingdom,South,England,London,Technology,Machines,2834.3,7,0,510.17
GB-2024-10221,10/12/2024,10/15/2024,Second Class,Consumer,Oceania,Australia,West,Western Australia,Perth,Furniture,Furnishings,53.78,2,0.2,6.99
GB-2025-10222,6/24/2025,6/24/2025,Same Day,Corporate,Oceania,Australia,East,New South Wales,Sydney,Office Supplies,Envelopes,46.47,3,0.1,13.48
GB-2024-10223,10/31/2024,11/2/2024,First Class,Home Office,North America,United States,West,California,Los Angeles,Furniture,Bookcases,278.84,2,0.1,2.79
GB-2025-10224,6/7/2025,6/12/2025,Standard Class,Home Office,North America,Canada,West,British Columbia,Vancouver,Office Supplies,Binders,90.09,9,0,40.54
GB-2024-10225,7/10/2024,7/15/2024,Standard Class,Corporate,Asia,Japan,Kanto,Tokyo,Tokyo,Furniture,Tables,5460.77,7,0,546.08
GB-2025-10226,5/21/2025,5/26/2025,Standard Class,Corporate,Europe,Germany,South,Bavaria,Munich,Furniture,Chairs,950.52,4,0,142.58
GB-2025-10227,7/4/2025,7/9/2025,Standard Class,Corporate,Oceania,Australia,East,New South Wales,Sydney,Office Supplies,Art,191.43,9,0,57.43
GB-2026-10228,1/6/2026,1/11/2026,Standard Class,Consumer,Africa,South Africa,Gauteng,Gauteng,Johannesburg,Furniture,Furnishings,165.48,5,0.2,21.51
GB-2025-10229,3/25/2025,3/27/2025,First Class,Consumer,Asia,India,West,Maharashtra,Mumbai,Technology,Machines,2909.98,3,0.1,698.4
GB-2026-10230,4/13/2026,4/18/2026,Standard Class,Consumer,Oceania,Australia,East,New South Wales,Sydney,Technology,Accessories,236.15,5,0.5,23.62
GB-2025-10231,6/10/2025,6/10/2025,Same Day,Home Office,Asia,India,East,West Bengal,Kolkata,Office Supplies,Binders,37.75,3,0.1,14.72
GB-2026-10232,4/28/2026,5/3/2026,Standard Class,Home Office,Europe,United Kingdom,North,Scotland,Edinburgh,Office Supplies,Envelopes,23.2,2,0.2,5.34
GB-2024-10233,4/5/2024,4/10/2024,Standard Class,Home Office,North America,Canada,West,British Columbia,Vancouver,Office Supplies,Paper,46.54,2,0,18.62
GB-2025-10234,11/11/2025,11/14/2025,Second Class,Consumer,Asia,Japan,Kanto,Tokyo,Tokyo,Furniture,Furnishings,195.3,5,0,48.83
GB-2025-10235,7/14/2025,7/19/2025,Standard Class,Home Office,South America,Brazil,Southeast,São Paulo,São Paulo,Furniture,Furnishings,16.94,1,0.2,2.2
GB-2025-10236,3/27/2025,4/1/2025,Standard Class,Corporate,North America,United States,West,California,Los Angeles,Office Supplies,Paper,67.56,6,0,27.02
GB-2025-10237,10/26/2025,10/31/2025,Standard Class,Corporate,Asia,India,East,West Bengal,Kolkata,Technology,Phones,370.74,1,0,74.15
GB-2025-10238,8/30/2025,9/4/2025,Standard Class,Home Office,Europe,United Kingdom,North,Scotland,Edinburgh,Office Supplies,Binders,43.2,8,0,19.44
GB-2026-10239,1/18/2026,1/20/2026,First Class,Consumer,Europe,Germany,North,Berlin,Berlin,Furniture,Tables,1083.56,2,0,108.36
GB-2025-10240,10/27/2025,11/1/2025,Standard Class,Corporate,Asia,India,East,West Bengal,Kolkata,Furniture,Chairs,384,2,0,57.6
GB-2026-10241,1/17/2026,1/22/2026,Standard Class,Corporate,Europe,United Kingdom,South,England,London,Technology,Phones,2313.79,4,0.1,323.93
GB-2025-10242,9/14/2025,9/19/2025,Standard Class,Home Office,North America,Canada,East,Ontario,Toronto,Technology,Machines,4998.56,5,0.1,1199.65
GB-2026-10243,3/23/2026,3/23/2026,Same Day,Corporate,Europe,United Kingdom,North,Scotland,Edinburgh,Technology,Phones,5682.84,6,0,1136.57
GB-2025-10244,8/5/2025,8/10/2025,Standard Class,Home Office,Asia,Japan,Kanto,Tokyo,Tokyo,Technology,Phones,409.75,1,0,81.95
GB-2024-10245,3/2/2024,3/4/2024,First Class,Corporate,Oceania,Australia,West,Western Australia,Perth,Furniture,Tables,1479.9,5,0,147.99
GB-2024-10246,7/27/2024,7/27/2024,Same Day,Consumer,Oceania,Australia,East,New South Wales,Sydney,Technology,Machines,1854.8,4,0,333.86
GB-2025-10247,3/20/2025,3/25/2025,Standard Class,Home Office,Asia,Japan,Kanto,Tokyo,Tokyo,Furniture,Tables,170.06,1,0.5,68.02
GB-2025-10248,6/19/2025,6/24/2025,Standard Class,Home Office,North America,Canada,East,Ontario,Toronto,Technology,Phones,468.01,1,0,93.6
GB-2025-10249,6/20/2025,6/25/2025,Standard Class,Home Office,Africa,South Africa,Western Cape,Western Cape,Cape Town,Technology,Accessories,84.95,1,0,33.98
GB-2025-10250,1/11/2025,1/16/2025,Standard Class,Consumer,South America,Brazil,Southeast,São Paulo,São Paulo,Furniture,Chairs,655.16,4,0,98.27
GB-2024-10251,6/2/2024,6/7/2024,Standard Class,Consumer,Oceania,Australia,East,New South Wales,Sydney,Furniture,Furnishings,206.46,6,0,51.62
GB-2025-10252,1/16/2025,1/21/2025,Standard Class,Home Office,South America,Brazil,Southeast,São Paulo,São Paulo,Office Supplies,Paper,191.88,8,0.1,65.24
GB-2024-10253,11/14/2024,11/19/2024,Standard Class,Home Office,Europe,Germany,North,Berlin,Berlin,Technology,Accessories,321.24,4,0,128.5
GB-2025-10254,5/20/2025,5/20/2025,Same Day,Consumer,Asia,India,West,Maharashtra,Mumbai,Office Supplies,Paper,66.74,4,0.1,22.69
GB-2025-10255,12/11/2025,12/13/2025,First Class,Corporate,North America,Canada,West,British Columbia,Vancouver,Furniture,Tables,3644.34,7,0,364.43
GB-2024-10256,5/25/2024,5/28/2024,Second Class,Consumer,North America,United States,West,Washington,Seattle,Office Supplies,Paper,31.75,2,0.1,10.79
GB-2025-10257,2/7/2025,2/12/2025,Standard Class,Home Office,North America,United States,East,Pennsylvania,Philadelphia,Office Supplies,Art,117.94,7,0.1,28.31
GB-2024-10258,11/21/2024,11/26/2024,Standard Class,Consumer,North America,United States,East,New York,New York,Furniture,Chairs,854.61,3,0,128.19
GB-2024-10259,5/3/2024,5/8/2024,Standard Class,Consumer,Europe,Germany,South,Bavaria,Munich,Furniture,Tables,3170.3,5,0.1,507.25
GB-2024-10260,2/11/2024,2/16/2024,Standard Class,Corporate,North America,United States,West,Washington,Seattle,Technology,Phones,1020.33,5,0.5,102.03
GB-2024-10261,2/1/2024,2/1/2024,Same Day,Corporate,Oceania,Australia,East,New South Wales,Sydney,Furniture,Tables,410.53,2,0.2,90.32
GB-2024-10262,8/15/2024,8/20/2024,Standard Class,Corporate,Europe,United Kingdom,North,Scotland,Edinburgh,Furniture,Chairs,1683,4,0,252.45
GB-2024-10263,5/11/2024,5/16/2024,Standard Class,Corporate,North America,Canada,East,Ontario,Toronto,Technology,Machines,6620.18,7,0,1191.63
GB-2025-10264,3/12/2025,3/17/2025,Standard Class,Consumer,South America,Brazil,South,Paraná,Curitiba,Furniture,Chairs,1376.72,4,0,206.51
GB-2025-10265,7/17/2025,7/22/2025,Standard Class,Consumer,North America,United States,West,California,Los Angeles,Technology,Copiers,7707.51,9,0.5,385.38
GB-2026-10266,3/11/2026,3/14/2026,Second Class,Corporate,Oceania,Australia,West,Western Australia,Perth,Office Supplies,Art,13.65,3,0,4.09
GB-2024-10267,1/31/2024,2/2/2024,First Class,Corporate,North America,Canada,West,British Columbia,Vancouver,Furniture,Chairs,1388.24,4,0,208.24
GB-2026-10268,4/15/2026,4/18/2026,Second Class,Home Office,North America,United States,West,Washington,Seattle,Furniture,Tables,1842.85,4,0.2,405.43
GB-2025-10269,12/15/2025,12/20/2025,Standard Class,Home Office,North America,Canada,East,Ontario,Toronto,Office Supplies,Art,42.9,3,0,12.87
GB-2024-10270,8/26/2024,8/29/2024,Second Class,Consumer,Oceania,Australia,West,Western Australia,Perth,Furniture,Bookcases,901.51,3,0.2,63.11
GB-2024-10271,11/27/2024,12/2/2024,Standard Class,Consumer,Oceania,Australia,East,New South Wales,Sydney,Furniture,Bookcases,1930.6,7,0,96.53
GB-2024-10272,11/26/2024,12/1/2024,Standard Class,Consumer,Asia,Japan,Kansai,Osaka,Osaka,Furniture,Bookcases,958.91,4,0.2,67.12
GB-2025-10273,1/22/2025,1/27/2025,Standard Class,Home Office,North America,United States,East,Pennsylvania,Philadelphia,Technology,Phones,1022.87,3,0.5,102.29
GB-2025-10274,9/18/2025,9/23/2025,Standard Class,Home Office,North America,Canada,East,Ontario,Toronto,Technology,Phones,1909.8,4,0,381.96
GB-2025-10275,10/13/2025,10/15/2025,First Class,Consumer,Asia,Japan,Kansai,Osaka,Osaka,Office Supplies,Binders,141.08,4,0,63.49
GB-2026-10276,3/16/2026,3/21/2026,Standard Class,Consumer,North America,Canada,West,British Columbia,Vancouver,Office Supplies,Envelopes,71.89,7,0,25.16
GB-2026-10277,4/28/2026,5/3/2026,Standard Class,Home Office,Asia,India,West,Maharashtra,Mumbai,Furniture,Chairs,780.1,5,0,117.02
GB-2024-10278,4/17/2024,4/22/2024,Standard Class,Consumer,South America,Brazil,Southeast,São Paulo,São Paulo,Office Supplies,Envelopes,10.32,1,0.1,2.99
GB-2025-10279,9/13/2025,9/15/2025,First Class,Consumer,North America,Canada,East,Ontario,Toronto,Office Supplies,Art,51.25,5,0,15.38
GB-2025-10280,2/6/2025,2/11/2025,Standard Class,Corporate,North America,Canada,East,Ontario,Toronto,Furniture,Bookcases,1279.2,8,0,63.96
GB-2024-10281,6/23/2024,6/26/2024,Second Class,Consumer,Europe,United Kingdom,North,Scotland,Edinburgh,Office Supplies,Envelopes,31.85,5,0,11.15
GB-2024-10282,7/8/2024,7/13/2024,Standard Class,Corporate,Europe,Germany,North,Berlin,Berlin,Office Supplies,Envelopes,41.95,5,0,14.68
GB-2024-10283,3/4/2024,3/9/2024,Standard Class,Home Office,Asia,India,South,Tamil Nadu,Chennai,Technology,Copiers,6168.42,9,0,2158.95
GB-2025-10284,6/19/2025,6/24/2025,Standard Class,Home Office,Asia,Japan,Kanto,Tokyo,Tokyo,Office Supplies,Paper,173.69,7,0.1,59.05
GB-2025-10285,5/29/2025,6/3/2025,Standard Class,Home Office,Asia,India,North,Delhi,New Delhi,Furniture,Tables,2778.6,4,0,277.86
GB-2025-10286,3/9/2025,3/14/2025,Standard Class,Home Office,Europe,United Kingdom,North,Scotland,Edinburgh,Technology,Phones,1020.96,2,0,204.19
GB-2024-10287,11/29/2024,12/1/2024,First Class,Home Office,Europe,United Kingdom,North,Scotland,Edinburgh,Office Supplies,Binders,87.6,3,0,39.42
GB-2024-10288,4/12/2024,4/14/2024,First Class,Home Office,Asia,Japan,Kansai,Osaka,Osaka,Office Supplies,Envelopes,108.64,8,0,38.02
GB-2024-10289,6/25/2024,6/30/2024,Standard Class,Consumer,Asia,Japan,Kanto,Tokyo,Tokyo,Office Supplies,Binders,18.9,1,0.5,2.84
GB-2025-10290,1/16/2025,1/21/2025,Standard Class,Corporate,Europe,Germany,North,Berlin,Berlin,Furniture,Bookcases,2657.68,8,0,132.88
GB-2026-10291,1/16/2026,1/21/2026,Standard Class,Home Office,North America,Canada,East,Ontario,Toronto,Technology,Machines,9748.15,9,0.2,2924.44
GB-2025-10292,6/11/2025,6/14/2025,Second Class,Consumer,Europe,Germany,North,Berlin,Berlin,Furniture,Tables,2841.36,4,0,284.14
GB-2025-10293,4/12/2025,4/17/2025,Standard Class,Corporate,Asia,Japan,Kansai,Osaka,Osaka,Technology,Machines,2298.58,2,0,413.74
GB-2025-10294,5/15/2025,5/20/2025,Standard Class,Consumer,Africa,South Africa,Western Cape,Western Cape,Cape Town,Furniture,Bookcases,371.04,2,0,18.55
GB-2024-10295,6/15/2024,6/17/2024,First Class,Consumer,South America,Brazil,Southeast,Rio de Janeiro,Rio de Janeiro,Technology,Machines,3418.69,9,0.1,820.49
GB-2026-10296,2/24/2026,2/27/2026,Second Class,Corporate,South America,Brazil,Southeast,São Paulo,São Paulo,Office Supplies,Art,64.5,5,0,19.35
GB-2024-10297,12/23/2024,12/28/2024,Standard Class,Consumer,Europe,Germany,North,Berlin,Berlin,Technology,Accessories,843.62,9,0.1,286.83
GB-2024-10298,11/1/2024,11/4/2024,Second Class,Corporate,North America,Canada,West,British Columbia,Vancouver,Office Supplies,Art,25.74,4,0.1,6.18
GB-2024-10299,2/28/2024,3/1/2024,First Class,Home Office,Europe,Germany,North,Berlin,Berlin,Technology,Machines,3426.85,5,0,616.83
GB-2025-10300,2/1/2025,2/4/2025,Second Class,Home Office,Asia,India,South,Tamil Nadu,Chennai,Technology,Machines,4598.64,6,0.2,1379.59
GB-2025-10301,11/4/2025,11/6/2025,First Class,Consumer,North America,Canada,East,Ontario,Toronto,Technology,Copiers,9097.26,6,0,3184.04
GB-2024-10302,8/16/2024,8/19/2024,Second Class,Corporate,Europe,Germany,South,Bavaria,Munich,Technology,Accessories,1045.28,8,0,418.11
GB-2025-10303,10/11/2025,10/16/2025,Standard Class,Home Office,North America,United States,East,Pennsylvania,Philadelphia,Technology,Accessories,151.37,7,0.2,42.38
GB-2024-10304,5/20/2024,5/20/2024,Same Day,Corporate,Europe,Germany,North,Berlin,Berlin,Technology,Copiers,2308.7,2,0.1,669.52
GB-2024-10305,6/30/2024,7/5/2024,Standard Class,Consumer,North America,Canada,East,Ontario,Toronto,Technology,Copiers,12234.96,8,0.1,3548.14
GB-2024-10306,5/12/2024,5/15/2024,Second Class,Home Office,Europe,Germany,South,Bavaria,Munich,Furniture,Chairs,1888.38,9,0,283.26
GB-2024-10307,1/15/2024,1/17/2024,First Class,Home Office,North America,United States,East,New York,New York,Technology,Accessories,183.8,5,0,73.52
GB-2025-10308,8/25/2025,8/30/2025,Standard Class,Consumer,Asia,Japan,Kansai,Osaka,Osaka,Technology,Accessories,474.04,7,0.5,47.4
GB-2024-10309,12/16/2024,12/16/2024,Same Day,Corporate,Europe,United Kingdom,South,England,London,Furniture,Tables,2599.76,4,0,259.98
GB-2026-10310,1/21/2026,1/26/2026,Standard Class,Home Office,North America,Canada,East,Ontario,Toronto,Technology,Accessories,909.09,9,0,363.64
GB-2024-10311,2/19/2024,2/22/2024,Second Class,Home Office,Asia,India,North,Delhi,New Delhi,Office Supplies,Envelopes,26.42,2,0,9.25
GB-2024-10312,6/5/2024,6/10/2024,Standard Class,Home Office,Asia,Japan,Kansai,Osaka,Osaka,Technology,Accessories,178.68,3,0.2,50.03
GB-2025-10313,6/7/2025,6/10/2025,Second Class,Consumer,North America,United States,West,California,Los Angeles,Technology,Copiers,4410.25,5,0.5,220.51
GB-2025-10314,1/1/2025,1/4/2025,Second Class,Corporate,North America,Canada,East,Ontario,Toronto,Office Supplies,Binders,2.61,1,0,1.17
GB-2024-10315,4/23/2024,4/25/2024,First Class,Home Office,Europe,United Kingdom,South,England,London,Office Supplies,Binders,395.68,8,0,178.06
GB-2025-10316,4/20/2025,4/25/2025,Standard Class,Consumer,South America,Brazil,South,Paraná,Curitiba,Office Supplies,Paper,42.05,2,0.2,11.77
GB-2024-10317,1/10/2024,1/12/2024,First Class,Home Office,Asia,Japan,Kansai,Osaka,Osaka,Technology,Accessories,136.88,2,0,54.75
GB-2024-10318,4/26/2024,5/1/2024,Standard Class,Corporate,North America,Canada,West,British Columbia,Vancouver,Technology,Copiers,1413.94,2,0.1,410.04
GB-2024-10319,6/12/2024,6/17/2024,Standard Class,Home Office,Europe,Germany,North,Berlin,Berlin,Office Supplies,Paper,51.24,3,0,20.5
GB-2025-10320,2/25/2025,3/2/2025,Standard Class,Consumer,North America,Canada,East,Ontario,Toronto,Technology,Accessories,712.8,9,0.1,242.35
GB-2024-10321,4/7/2024,4/12/2024,Standard Class,Home Office,North America,Canada,West,British Columbia,Vancouver,Technology,Phones,714.72,1,0,142.94
GB-2025-10322,4/25/2025,4/27/2025,First Class,Consumer,North America,Canada,West,British Columbia,Vancouver,Office Supplies,Art,14.65,1,0,4.39
GB-2025-10323,1/22/2025,1/27/2025,Standard Class,Consumer,North America,Canada,West,British Columbia,Vancouver,Office Supplies,Envelopes,40.68,6,0,14.24
GB-2025-10324,10/31/2025,11/5/2025,Standard Class,Corporate,Europe,United Kingdom,South,England,London,Technology,Copiers,15444,8,0,5405.4
GB-2024-10325,2/25/2024,2/27/2024,First Class,Corporate,Europe,Germany,South,Bavaria,Munich,Furniture,Chairs,602.64,4,0,90.4
GB-2025-10326,10/10/2025,10/10/2025,Same Day,Corporate,Oceania,Australia,East,New South Wales,Sydney,Furniture,Furnishings,226.72,3,0.1,43.08
GB-2025-10327,2/23/2025,2/28/2025,Standard Class,Home Office,North America,United States,West,California,Los Angeles,Office Supplies,Binders,43.02,6,0,19.36
GB-2025-10328,10/10/2025,10/12/2025,First Class,Home Office,North America,Canada,West,British Columbia,Vancouver,Office Supplies,Paper,210.69,9,0,84.28
GB-2025-10329,3/19/2025,3/21/2025,First Class,Corporate,South America,Brazil,Southeast,São Paulo,São Paulo,Furniture,Furnishings,332.22,6,0,83.06
GB-2025-10330,9/15/2025,9/17/2025,First Class,Consumer,North America,Canada,West,British Columbia,Vancouver,Furniture,Tables,3255.78,7,0.2,716.27
GB-2025-10331,6/8/2025,6/13/2025,Standard Class,Home Office,Oceania,Australia,East,New South Wales,Sydney,Furniture,Bookcases,2258.16,6,0,112.91
GB-2025-10332,12/28/2025,12/31/2025,Second Class,Consumer,Oceania,Australia,East,New South Wales,Sydney,Technology,Machines,6393.35,7,0.2,1918.01
GB-2025-10333,6/30/2025,7/5/2025,Standard Class,Corporate,Asia,India,North,Delhi,New Delhi,Furniture,Chairs,188.97,1,0.1,17.01
GB-2024-10334,6/13/2024,6/13/2024,Same Day,Home Office,North America,United States,West,California,Los Angeles,Technology,Phones,5107.32,6,0,1021.46
GB-2025-10335,11/22/2025,11/25/2025,Second Class,Consumer,Asia,Japan,Kanto,Tokyo,Tokyo,Technology,Phones,1785.14,7,0.5,178.51
GB-2025-10336,12/2/2025,12/7/2025,Standard Class,Home Office,North America,Canada,East,Ontario,Toronto,Furniture,Bookcases,2893.86,9,0,144.69
GB-2026-10337,1/12/2026,1/12/2026,Same Day,Corporate,Europe,United Kingdom,South,England,London,Technology,Phones,1627.57,7,0,325.51
GB-2024-10338,9/27/2024,10/2/2024,Standard Class,Home Office,Asia,India,South,Tamil Nadu,Chennai,Technology,Copiers,815.18,1,0,285.31
GB-2024-10339,2/22/2024,2/25/2024,Second Class,Home Office,Asia,Japan,Kansai,Osaka,Osaka,Furniture,Bookcases,1493.91,9,0,74.7
GB-2024-10340,3/10/2024,3/13/2024,Second Class,Consumer,Europe,Germany,North,Berlin,Berlin,Furniture,Tables,2592.54,6,0,259.25
GB-2026-10341,2/9/2026,2/12/2026,Second Class,Corporate,Africa,South Africa,Gauteng,Gauteng,Johannesburg,Office Supplies,Binders,172.91,4,0.1,67.43
GB-2024-10342,11/24/2024,11/29/2024,Standard Class,Consumer,Europe,Germany,North,Berlin,Berlin,Technology,Machines,2868.74,8,0.2,860.62
GB-2024-10343,7/16/2024,7/21/2024,Standard Class,Consumer,South America,Brazil,Southeast,São Paulo,São Paulo,Furniture,Tables,4967.34,7,0,496.73
GB-2026-10344,4/28/2026,5/1/2026,Second Class,Home Office,Asia,India,West,Maharashtra,Mumbai,Office Supplies,Art,5.84,1,0,1.75
GB-2026-10345,3/24/2026,3/29/2026,Standard Class,Consumer,Oceania,Australia,West,Western Australia,Perth,Office Supplies,Envelopes,80.5,7,0,28.17
GB-2025-10346,11/20/2025,11/25/2025,Standard Class,Consumer,Asia,India,North,Delhi,New Delhi,Office Supplies,Paper,123.35,5,0,49.34
GB-2024-10347,3/29/2024,4/3/2024,Standard Class,Corporate,Europe,United Kingdom,North,Scotland,Edinburgh,Technology,Copiers,4442.74,3,0.1,1288.39
GB-2025-10348,7/12/2025,7/17/2025,Standard Class,Home Office,North America,Canada,East,Ontario,Toronto,Furniture,Chairs,321.82,1,0,48.27
GB-2025-10349,7/14/2025,7/16/2025,First Class,Corporate,North America,Canada,East,Ontario,Toronto,Technology,Copiers,2315.49,3,0.1,671.49
GB-2024-10350,9/15/2024,9/20/2024,Standard Class,Consumer,Asia,India,East,West Bengal,Kolkata,Office Supplies,Paper,33.57,5,0.1,11.41
GB-2025-10351,5/13/2025,5/13/2025,Same Day,Corporate,North America,United States,East,Pennsylvania,Philadelphia,Technology,Phones,1816.92,4,0,363.38
GB-2025-10352,9/23/2025,9/26/2025,Second Class,Home Office,Oceania,Australia,West,Western Australia,Perth,Furniture,Chairs,1343.1,6,0,201.46
GB-2026-10353,1/27/2026,1/30/2026,Second Class,Corporate,Asia,India,South,Tamil Nadu,Chennai,Office Supplies,Envelopes,99.72,6,0,34.9
GB-2024-10354,4/21/2024,4/26/2024,Standard Class,Home Office,North America,Canada,East,Ontario,Toronto,Office Supplies,Paper,43.68,2,0.2,12.23
GB-2025-10355,10/8/2025,10/13/2025,Standard Class,Home Office,Oceania,Australia,East,New South Wales,Sydney,Technology,Machines,2407.2,3,0,433.3
GB-2026-10356,3/1/2026,3/6/2026,Standard Class,Corporate,North America,United States,West,Washington,Seattle,Technology,Phones,2810.85,4,0.2,224.87
GB-2025-10357,9/20/2025,9/23/2025,Second Class,Home Office,North America,United States,East,New York,New York,Technology,Machines,2400.08,6,0.1,576.02
GB-2024-10358,8/25/2024,8/30/2024,Standard Class,Corporate,North America,United States,West,Washington,Seattle,Office Supplies,Envelopes,5.04,1,0.1,1.46
GB-2024-10359,4/15/2024,4/18/2024,Second Class,Home Office,Asia,Japan,Kansai,Osaka,Osaka,Office Supplies,Envelopes,66.34,6,0.2,15.26
GB-2024-10360,3/20/2024,3/25/2024,Standard Class,Corporate,Africa,South Africa,Western Cape,Western Cape,Cape Town,Office Supplies,Envelopes,146.48,8,0,51.27
GB-2024-10361,5/22/2024,5/27/2024,Standard Class,Consumer,North America,Canada,East,Ontario,Toronto,Furniture,Tables,2789.33,6,0.2,613.65
GB-2025-10362,11/7/2025,11/12/2025,Standard Class,Corporate,Asia,Japan,Kansai,Osaka,Osaka,Furniture,Tables,1836.45,7,0,183.65
GB-2025-10363,8/10/2025,8/15/2025,Standard Class,Consumer,Asia,India,West,Maharashtra,Mumbai,Furniture,Bookcases,764.97,3,0,38.25
GB-2025-10364,7/31/2025,8/3/2025,Second Class,Home Office,Asia,Japan,Kanto,Tokyo,Tokyo,Office Supplies,Envelopes,48.38,8,0.2,11.13
GB-2025-10365,9/7/2025,9/12/2025,Standard Class,Home Office,Asia,India,South,Tamil Nadu,Chennai,Technology,Accessories,780.4,8,0,312.16
GB-2025-10366,1/22/2025,1/27/2025,Standard Class,Consumer,North America,Canada,East,Ontario,Toronto,Furniture,Furnishings,89,1,0,22.25
GB-2026-10367,2/9/2026,2/14/2026,Standard Class,Corporate,Asia,India,East,West Bengal,Kolkata,Office Supplies,Paper,70.74,9,0.5,7.07
GB-2025-10368,5/8/2025,5/11/2025,Second Class,Corporate,Europe,United Kingdom,North,Scotland,Edinburgh,Office Supplies,Envelopes,74.6,4,0,26.11
GB-2025-10369,9/4/2025,9/6/2025,First Class,Corporate,North America,United States,East,New York,New York,Technology,Phones,4558.93,7,0.1,638.25
GB-2024-10370,11/19/2024,11/24/2024,Standard Class,Consumer,North America,Canada,West,British Columbia,Vancouver,Technology,Accessories,744.65,5,0,297.86
GB-2024-10371,7/27/2024,8/1/2024,Standard Class,Home Office,Europe,Germany,South,Bavaria,Munich,Office Supplies,Art,108.92,7,0.2,19.61
GB-2025-10372,11/6/2025,11/11/2025,Standard Class,Consumer,Europe,United Kingdom,South,England,London,Technology,Machines,6917.08,6,0.1,1660.1
GB-2025-10373,12/1/2025,12/4/2025,Second Class,Consumer,Europe,United Kingdom,South,England,London,Office Supplies,Envelopes,11.92,2,0,4.17
GB-2024-10374,3/22/2024,3/25/2024,Second Class,Home Office,Europe,Germany,South,Bavaria,Munich,Furniture,Furnishings,70.14,8,0.2,9.12
GB-2026-10375,4/3/2026,4/8/2026,Standard Class,Consumer,North America,United States,East,New York,New York,Office Supplies,Binders,48.83,1,0,21.97
GB-2024-10376,10/9/2024,10/12/2024,Second Class,Corporate,Asia,Japan,Kanto,Tokyo,Tokyo,Technology,Phones,1151.41,2,0.1,161.2
GB-2025-10377,7/26/2025,7/28/2025,First Class,Corporate,Europe,Germany,North,Berlin,Berlin,Office Supplies,Envelopes,8.92,1,0,3.12
GB-2024-10378,4/19/2024,4/24/2024,Standard Class,Home Office,North America,United States,West,Washington,Seattle,Technology,Machines,6422.79,7,0.1,1541.47
GB-2026-10379,2/14/2026,2/19/2026,Standard Class,Corporate,Asia,India,East,West Bengal,Kolkata,Office Supplies,Paper,72.94,7,0.5,7.29
GB-2025-10380,11/24/2025,11/27/2025,Second Class,Corporate,Europe,Germany,North,Berlin,Berlin,Furniture,Bookcases,395.42,2,0.1,3.95
GB-2024-10381,12/16/2024,12/21/2024,Standard Class,Consumer,Europe,Germany,North,Berlin,Berlin,Furniture,Tables,5243.28,8,0,524.33
GB-2024-10382,9/4/2024,9/6/2024,First Class,Consumer,North America,United States,West,California,Los Angeles,Furniture,Chairs,634.93,2,0.1,57.14
GB-2025-10383,9/20/2025,9/25/2025,Standard Class,Home Office,Africa,South Africa,Western Cape,Western Cape,Cape Town,Office Supplies,Art,56.45,8,0.1,13.55
GB-2025-10384,6/7/2025,6/12/2025,Standard Class,Consumer,Asia,India,North,Delhi,New Delhi,Office Supplies,Paper,98.5,9,0.2,27.58
GB-2026-10385,3/5/2026,3/10/2026,Standard Class,Consumer,Asia,Japan,Kansai,Osaka,Osaka,Furniture,Tables,3986.85,7,0,398.69
GB-2025-10386,9/19/2025,9/21/2025,First Class,Consumer,Oceania,Australia,West,Western Australia,Perth,Technology,Accessories,263.46,6,0,105.38
GB-2025-10387,3/5/2025,3/8/2025,Second Class,Corporate,Europe,Germany,South,Bavaria,Munich,Furniture,Tables,2512.08,4,0.1,401.93
GB-2026-10388,4/3/2026,4/8/2026,Standard Class,Corporate,South America,Brazil,Southeast,São Paulo,São Paulo,Office Supplies,Paper,46.62,3,0,18.65
GB-2025-10389,10/7/2025,10/12/2025,Standard Class,Home Office,Europe,Germany,South,Bavaria,Munich,Technology,Phones,1954.26,7,0,390.85
GB-2024-10390,8/8/2024,8/10/2024,First Class,Corporate,Asia,India,East,West Bengal,Kolkata,Office Supplies,Art,47.31,6,0.5,0
GB-2024-10391,9/20/2024,9/25/2024,Standard Class,Corporate,North America,United States,East,Pennsylvania,Philadelphia,Office Supplies,Art,115.34,9,0.1,27.68
GB-2024-10392,3/21/2024,3/26/2024,Standard Class,Corporate,Europe,United Kingdom,South,England,London,Office Supplies,Envelopes,12.38,2,0,4.33
GB-2024-10393,11/17/2024,11/22/2024,Standard Class,Corporate,Asia,Japan,Kansai,Osaka,Osaka,Office Supplies,Envelopes,42.06,7,0.2,9.67
GB-2024-10394,5/8/2024,5/11/2024,Second Class,Home Office,North America,United States,East,New York,New York,Office Supplies,Paper,10.54,2,0.2,2.95
GB-2025-10395,7/15/2025,7/20/2025,Standard Class,Corporate,Oceania,Australia,East,New South Wales,Sydney,Technology,Copiers,2426.83,2,0.2,558.17
GB-2024-10396,11/12/2024,11/17/2024,Standard Class,Home Office,North America,United States,East,New York,New York,Furniture,Chairs,2448.66,6,0,367.3
GB-2025-10397,5/2/2025,5/7/2025,Standard Class,Home Office,South America,Brazil,Southeast,São Paulo,São Paulo,Technology,Machines,6147.6,7,0.1,1475.42
GB-2024-10398,11/13/2024,11/15/2024,First Class,Corporate,Oceania,Australia,West,Western Australia,Perth,Office Supplies,Envelopes,36.7,5,0,12.85
GB-2025-10399,6/19/2025,6/21/2025,First Class,Consumer,Europe,Germany,North,Berlin,Berlin,Office Supplies,Art,18.07,1,0.1,4.34
GB-2025-10400,9/3/2025,9/8/2025,Standard Class,Consumer,Oceania,Australia,West,Western Australia,Perth,Office Supplies,Binders,98.06,3,0.1,38.24
GB-2026-10401,4/28/2026,5/3/2026,Standard Class,Corporate,North America,United States,West,Washington,Seattle,Technology,Accessories,311.08,7,0,124.43
GB-2024-10402,5/19/2024,5/24/2024,Standard Class,Home Office,Europe,Germany,South,Bavaria,Munich,Furniture,Bookcases,72.82,1,0.5,18.2
GB-2024-10403,1/23/2024,1/28/2024,Standard Class,Consumer,North America,United States,West,California,Los Angeles,Furniture,Chairs,463.26,3,0,69.49
GB-2025-10404,3/6/2025,3/11/2025,Standard Class,Corporate,Africa,South Africa,Gauteng,Gauteng,Johannesburg,Furniture,Tables,396.58,1,0,39.66
GB-2025-10405,7/10/2025,7/15/2025,Standard Class,Consumer,South America,Brazil,South,Paraná,Curitiba,Furniture,Tables,4719.19,7,0,471.92
GB-2026-10406,1/25/2026,1/25/2026,Same Day,Consumer,Europe,United Kingdom,South,England,London,Office Supplies,Art,39.58,6,0.1,9.5
GB-2026-10407,2/1/2026,2/3/2026,First Class,Home Office,North America,Canada,West,British Columbia,Vancouver,Office Supplies,Paper,117.32,4,0,46.93
GB-2025-10408,3/20/2025,3/25/2025,Standard Class,Consumer,Asia,India,East,West Bengal,Kolkata,Furniture,Chairs,2852.16,8,0,427.82
GB-2026-10409,2/28/2026,3/5/2026,Standard Class,Consumer,Europe,Germany,North,Berlin,Berlin,Office Supplies,Binders,359.91,9,0,161.96
GB-2024-10410,8/26/2024,8/31/2024,Standard Class,Home Office,Asia,Japan,Kansai,Osaka,Osaka,Furniture,Furnishings,451.2,6,0,112.8
GB-2024-10411,2/10/2024,2/15/2024,Standard Class,Corporate,Oceania,Australia,East,New South Wales,Sydney,Technology,Accessories,691.26,6,0,276.5
GB-2025-10412,9/5/2025,9/7/2025,First Class,Home Office,North America,United States,West,Washington,Seattle,Office Supplies,Art,28.94,8,0.1,6.95
GB-2025-10413,1/23/2025,1/26/2025,Second Class,Consumer,Asia,Japan,Kanto,Tokyo,Tokyo,Technology,Phones,7697.16,9,0,1539.43
GB-2025-10414,11/30/2025,12/5/2025,Standard Class,Home Office,North America,Canada,West,British Columbia,Vancouver,Technology,Accessories,58.52,2,0.1,19.9
GB-2024-10415,2/14/2024,2/16/2024,First Class,Consumer,North America,United States,East,New York,New York,Office Supplies,Binders,6.35,2,0.1,2.48
GB-2025-10416,2/1/2025,2/4/2025,Second Class,Home Office,Asia,Japan,Kanto,Tokyo,Tokyo,Furniture,Chairs,429.06,1,0,64.36
GB-2025-10417,5/18/2025,5/20/2025,First Class,Consumer,Europe,United Kingdom,North,Scotland,Edinburgh,Office Supplies,Paper,82.04,5,0.1,27.89
GB-2024-10418,11/7/2024,11/12/2024,Standard Class,Consumer,Africa,South Africa,Gauteng,Gauteng,Johannesburg,Technology,Machines,2204.75,4,0.1,529.14
GB-2025-10419,8/6/2025,8/9/2025,Second Class,Consumer,Oceania,Australia,East,New South Wales,Sydney,Technology,Machines,9597.77,7,0,1727.6
GB-2024-10420,7/3/2024,7/8/2024,Standard Class,Home Office,Europe,United Kingdom,North,Scotland,Edinburgh,Office Supplies,Art,68.36,6,0.1,16.41
GB-2026-10421,4/25/2026,4/28/2026,Second Class,Home Office,North America,United States,West,Washington,Seattle,Office Supplies,Envelopes,155.2,8,0,54.32
GB-2024-10422,2/5/2024,2/5/2024,Same Day,Home Office,North America,United States,West,California,Los Angeles,Office Supplies,Binders,172.28,4,0,77.53
GB-2026-10423,4/21/2026,4/23/2026,First Class,Corporate,South America,Brazil,Southeast,São Paulo,São Paulo,Office Supplies,Art,20.73,3,0,6.22
GB-2025-10424,8/19/2025,8/24/2025,Standard Class,Corporate,Asia,India,East,West Bengal,Kolkata,Technology,Phones,5005.92,6,0,1001.18
GB-2026-10425,4/25/2026,4/27/2026,First Class,Home Office,Oceania,Australia,West,Western Australia,Perth,Technology,Machines,1258.13,2,0.5,603.9
GB-2024-10426,12/8/2024,12/13/2024,Standard Class,Corporate,Europe,United Kingdom,South,England,London,Technology,Machines,735.26,1,0,132.35
GB-2025-10427,7/6/2025,7/11/2025,Standard Class,Corporate,Oceania,Australia,East,New South Wales,Sydney,Technology,Machines,9824.96,8,0,1768.49
GB-2024-10428,4/2/2024,4/7/2024,Standard Class,Corporate,Asia,India,West,Maharashtra,Mumbai,Furniture,Furnishings,59.33,1,0,14.83
GB-2025-10429,2/12/2025,2/17/2025,Standard Class,Home Office,North America,United States,West,California,Los Angeles,Office Supplies,Envelopes,26.84,4,0.5,1.34
GB-2025-10430,6/20/2025,6/25/2025,Standard Class,Consumer,North America,Canada,West,British Columbia,Vancouver,Furniture,Furnishings,300.09,7,0,75.02
GB-2024-10431,12/18/2024,12/23/2024,Standard Class,Consumer,Asia,India,South,Tamil Nadu,Chennai,Technology,Copiers,4242.11,8,0.2,975.69
GB-2024-10432,7/23/2024,7/26/2024,Second Class,Consumer,Asia,India,North,Delhi,New Delhi,Furniture,Tables,1158.98,5,0.1,185.44
GB-2024-10433,4/23/2024,4/28/2024,Standard Class,Corporate,North America,United States,East,New York,New York,Technology,Accessories,670.6,9,0.1,228
GB-2024-10434,5/24/2024,5/27/2024,Second Class,Home Office,North America,United States,West,California,Los Angeles,Furniture,Bookcases,1212.34,4,0.1,12.12
GB-2024-10435,2/24/2024,2/29/2024,Standard Class,Consumer,North America,Canada,West,British Columbia,Vancouver,Furniture,Bookcases,1185.45,7,0,59.27
GB-2025-10436,12/27/2025,1/1/2026,Standard Class,Corporate,Europe,United Kingdom,South,England,London,Technology,Machines,12770.82,9,0,2298.75
GB-2024-10437,9/10/2024,9/12/2024,First Class,Corporate,Europe,Germany,North,Berlin,Berlin,Office Supplies,Art,102.78,6,0,30.83
GB-2025-10438,5/28/2025,6/2/2025,Standard Class,Consumer,Asia,Japan,Kanto,Tokyo,Tokyo,Furniture,Tables,4014.63,6,0.1,642.34
GB-2024-10439,3/30/2024,4/2/2024,Second Class,Home Office,Africa,South Africa,Western Cape,Western Cape,Cape Town,Technology,Copiers,6855.62,7,0.5,342.78
GB-2024-10440,12/3/2024,12/8/2024,Standard Class,Consumer,North America,United States,East,New York,New York,Office Supplies,Binders,174.26,7,0.5,26.14
GB-2024-10441,5/28/2024,5/31/2024,Second Class,Home Office,South America,Brazil,Southeast,São Paulo,São Paulo,Furniture,Bookcases,858.92,3,0.1,8.59
GB-2025-10442,2/27/2025,2/27/2025,Same Day,Corporate,Europe,Germany,North,Berlin,Berlin,Furniture,Tables,396.62,3,0.5,158.65
GB-2025-10443,9/23/2025,9/28/2025,Standard Class,Home Office,Asia,India,West,Maharashtra,Mumbai,Office Supplies,Paper,53.44,8,0.2,14.96
GB-2025-10444,4/25/2025,4/28/2025,Second Class,Corporate,North America,Canada,West,British Columbia,Vancouver,Furniture,Tables,1497.8,4,0,149.78
GB-2024-10445,1/16/2024,1/18/2024,First Class,Corporate,North America,United States,East,New York,New York,Furniture,Furnishings,460.22,8,0.2,59.83
GB-2024-10446,9/9/2024,9/14/2024,Standard Class,Consumer,Asia,Japan,Kansai,Osaka,Osaka,Technology,Phones,2587.05,9,0,517.41
GB-2024-10447,2/13/2024,2/15/2024,First Class,Consumer,Oceania,Australia,East,New South Wales,Sydney,Technology,Phones,1731.76,4,0,346.35
GB-2024-10448,11/7/2024,11/10/2024,Second Class,Corporate,Europe,Germany,South,Bavaria,Munich,Technology,Copiers,14094.8,8,0,4933.18
GB-2026-10449,1/9/2026,1/14/2026,Standard Class,Consumer,Asia,India,East,West Bengal,Kolkata,Office Supplies,Envelopes,7.68,1,0,2.69
GB-2025-10450,12/30/2025,1/1/2026,First Class,Corporate,North America,Canada,East,Ontario,Toronto,Furniture,Chairs,2721.76,8,0,408.26
GB-2025-10451,12/25/2025,12/30/2025,Standard Class,Home Office,Asia,India,East,West Bengal,Kolkata,Furniture,Tables,3029.51,6,0.1,484.72
GB-2024-10452,6/2/2024,6/7/2024,Standard Class,Consumer,North America,United States,West,Washington,Seattle,Office Supplies,Envelopes,72,5,0,25.2
GB-2024-10453,5/14/2024,5/14/2024,Same Day,Consumer,Asia,Japan,Kanto,Tokyo,Tokyo,Office Supplies,Envelopes,138.59,9,0.1,40.19
GB-2025-10454,5/20/2025,5/25/2025,Standard Class,Home Office,Asia,Japan,Kansai,Osaka,Osaka,Furniture,Chairs,1658.6,4,0,248.79
GB-2025-10455,10/5/2025,10/10/2025,Standard Class,Consumer,North America,United States,East,Pennsylvania,Philadelphia,Furniture,Tables,493.48,1,0.2,108.57
GB-2024-10456,11/1/2024,11/6/2024,Standard Class,Consumer,North America,Canada,East,Ontario,Toronto,Technology,Accessories,387.54,9,0,155.02
GB-2025-10457,8/15/2025,8/20/2025,Standard Class,Consumer,North America,Canada,West,British Columbia,Vancouver,Office Supplies,Paper,182.56,7,0,73.02
GB-2025-10458,4/27/2025,5/2/2025,Standard Class,Home Office,South America,Brazil,South,Paraná,Curitiba,Technology,Copiers,677.72,1,0.1,196.54
GB-2025-10459,10/6/2025,10/11/2025,Standard Class,Consumer,Europe,Germany,South,Bavaria,Munich,Office Supplies,Art,50.7,3,0,15.21
GB-2026-10460,1/16/2026,1/19/2026,Second Class,Corporate,Asia,India,South,Tamil Nadu,Chennai,Furniture,Chairs,260.52,1,0.1,23.45
GB-2026-10461,1/25/2026,1/27/2026,First Class,Home Office,Africa,South Africa,Gauteng,Gauteng,Johannesburg,Office Supplies,Binders,29.48,1,0.1,11.5
GB-2024-10462,9/17/2024,9/20/2024,Second Class,Corporate,Europe,Germany,North,Berlin,Berlin,Technology,Accessories,428.94,6,0,171.58
GB-2024-10463,1/30/2024,2/1/2024,First Class,Consumer,Europe,Germany,South,Bavaria,Munich,Furniture,Tables,2683.68,8,0,268.37
GB-2025-10464,7/3/2025,7/5/2025,First Class,Corporate,Asia,Japan,Kanto,Tokyo,Tokyo,Technology,Accessories,807.03,9,0,322.81
GB-2025-10465,12/2/2025,12/7/2025,Standard Class,Corporate,North America,United States,West,California,Los Angeles,Office Supplies,Envelopes,158.76,9,0,55.57
GB-2025-10466,2/2/2025,2/7/2025,Standard Class,Consumer,South America,Brazil,South,Paraná,Curitiba,Office Supplies,Envelopes,24.92,2,0,8.72
GB-2025-10467,4/7/2025,4/9/2025,First Class,Corporate,North America,Canada,East,Ontario,Toronto,Office Supplies,Paper,111.32,4,0,44.53
GB-2024-10468,1/26/2024,1/29/2024,Second Class,Home Office,North America,Canada,West,British Columbia,Vancouver,Office Supplies,Binders,41.46,2,0.5,6.22
GB-2025-10469,11/23/2025,11/23/2025,Same Day,Consumer,Asia,Japan,Kansai,Osaka,Osaka,Furniture,Bookcases,306.12,1,0,15.31
GB-2024-10470,3/30/2024,4/4/2024,Standard Class,Consumer,North America,Canada,East,Ontario,Toronto,Technology,Copiers,5284.68,6,0,1849.64
GB-2025-10471,6/29/2025,7/4/2025,Standard Class,Corporate,Asia,Japan,Kanto,Tokyo,Tokyo,Office Supplies,Paper,28.96,1,0,11.58
GB-2024-10472,4/14/2024,4/19/2024,Standard Class,Corporate,Oceania,Australia,East,New South Wales,Sydney,Technology,Copiers,1889.3,3,0.1,547.9
GB-2024-10473,12/12/2024,12/17/2024,Standard Class,Consumer,North America,Canada,East,Ontario,Toronto,Office Supplies,Paper,31.32,2,0,12.53
GB-2025-10474,9/2/2025,9/4/2025,First Class,Home Office,Asia,Japan,Kansai,Osaka,Osaka,Office Supplies,Binders,25.96,9,0.5,3.89
GB-2026-10475,2/21/2026,2/26/2026,Standard Class,Consumer,North America,Canada,East,Ontario,Toronto,Office Supplies,Envelopes,67.84,8,0,23.74
GB-2025-10476,9/23/2025,9/28/2025,Standard Class,Corporate,Europe,Germany,South,Bavaria,Munich,Office Supplies,Paper,33.76,2,0,13.5
GB-2025-10477,4/17/2025,4/19/2025,First Class,Corporate,Asia,India,North,Delhi,New Delhi,Technology,Phones,3869.52,6,0,773.9
GB-2024-10478,11/5/2024,11/10/2024,Standard Class,Corporate,Oceania,Australia,East,New South Wales,Sydney,Office Supplies,Envelopes,16.18,2,0.2,3.72
GB-2025-10479,8/28/2025,9/2/2025,Standard Class,Corporate,Oceania,Australia,East,New South Wales,Sydney,Technology,Phones,2331.68,8,0,466.34
GB-2024-10480,11/29/2024,12/4/2024,Standard Class,Corporate,North America,Canada,East,Ontario,Toronto,Technology,Machines,5096.09,6,0.1,1223.06
GB-2024-10481,4/2/2024,4/7/2024,Standard Class,Consumer,South America,Brazil,Southeast,São Paulo,São Paulo,Office Supplies,Art,118.51,7,0,35.55
GB-2024-10482,7/29/2024,8/1/2024,Second Class,Corporate,North America,Canada,West,British Columbia,Vancouver,Furniture,Chairs,2441.34,9,0,366.2
GB-2024-10483,10/28/2024,11/2/2024,Standard Class,Home Office,Africa,South Africa,Western Cape,Western Cape,Cape Town,Office Supplies,Paper,63.16,4,0,25.26
GB-2025-10484,10/2/2025,10/7/2025,Standard Class,Corporate,Europe,Germany,North,Berlin,Berlin,Office Supplies,Binders,91.71,4,0.2,30.26
GB-2025-10485,1/3/2025,1/5/2025,First Class,Consumer,North America,United States,East,New York,New York,Furniture,Chairs,1099.2,3,0,164.88
GB-2025-10486,3/23/2025,3/23/2025,Same Day,Consumer,North America,Canada,West,British Columbia,Vancouver,Technology,Copiers,10505.44,8,0,3676.9
GB-2025-10487,4/5/2025,4/10/2025,Standard Class,Consumer,North America,United States,West,California,Los Angeles,Technology,Accessories,983.15,7,0,393.26
GB-2024-10488,2/4/2024,2/4/2024,Same Day,Home Office,Europe,Germany,North,Berlin,Berlin,Technology,Phones,2352.45,3,0,470.49
GB-2026-10489,2/7/2026,2/10/2026,Second Class,Corporate,Oceania,Australia,East,New South Wales,Sydney,Technology,Phones,7546.32,9,0,1509.26
GB-2024-10490,2/24/2024,2/26/2024,First Class,Home Office,Asia,Japan,Kansai,Osaka,Osaka,Technology,Accessories,230.58,7,0.5,23.06
GB-2024-10491,10/28/2024,11/2/2024,Standard Class,Consumer,Asia,Japan,Kansai,Osaka,Osaka,Technology,Machines,2781.41,3,0.1,667.54
GB-2024-10492,10/25/2024,10/27/2024,First Class,Home Office,North America,Canada,East,Ontario,Toronto,Technology,Phones,1807.38,5,0.1,253.03
GB-2024-10493,10/8/2024,10/10/2024,First Class,Consumer,Asia,India,West,Maharashtra,Mumbai,Office Supplies,Binders,197.8,5,0,89.01
GB-2024-10494,7/4/2024,7/7/2024,Second Class,Consumer,Europe,United Kingdom,South,England,London,Office Supplies,Envelopes,59.99,7,0,21
GB-2025-10495,10/14/2025,10/19/2025,Standard Class,Home Office,Asia,Japan,Kanto,Tokyo,Tokyo,Furniture,Chairs,867.6,3,0,130.14
GB-2025-10496,5/2/2025,5/5/2025,Second Class,Home Office,North America,Canada,West,British Columbia,Vancouver,Furniture,Furnishings,32.39,1,0.1,6.15
GB-2025-10497,1/26/2025,1/29/2025,Second Class,Home Office,Asia,India,North,Delhi,New Delhi,Office Supplies,Art,46.46,6,0.2,8.36
GB-2024-10498,9/18/2024,9/21/2024,Second Class,Corporate,Europe,United Kingdom,South,England,London,Technology,Copiers,7379.96,6,0.1,2140.19
GB-2024-10499,3/10/2024,3/15/2024,Standard Class,Consumer,Oceania,Australia,West,Western Australia,Perth,Technology,Accessories,225.5,5,0,90.2
GB-2024-10500,4/4/2024,4/9/2024,Standard Class,Home Office,Asia,India,North,Delhi,New Delhi,Furniture,Tables,3421.71,7,0.2,752.78
GB-2025-10501,8/2/2025,8/4/2025,First Class,Consumer,South America,Brazil,South,Paraná,Curitiba,Office Supplies,Paper,224.56,8,0,89.82
GB-2025-10502,3/13/2025,3/16/2025,Second Class,Home Office,Asia,Japan,Kansai,Osaka,Osaka,Furniture,Bookcases,214.84,1,0,10.74
GB-2024-10503,3/2/2024,3/7/2024,Standard Class,Corporate,North America,United States,West,California,Los Angeles,Technology,Machines,3330.09,3,0,599.42
GB-2025-10504,7/7/2025,7/10/2025,Second Class,Consumer,Asia,India,East,West Bengal,Kolkata,Furniture,Chairs,308.02,2,0.1,27.72
GB-2026-10505,3/6/2026,3/11/2026,Standard Class,Corporate,North America,United States,East,Pennsylvania,Philadelphia,Office Supplies,Binders,272.52,6,0,122.63
GB-2025-10506,6/11/2025,6/14/2025,Second Class,Corporate,Europe,Germany,North,Berlin,Berlin,Furniture,Furnishings,167.28,8,0,41.82
GB-2025-10507,1/2/2025,1/7/2025,Standard Class,Corporate,Europe,United Kingdom,North,Scotland,Edinburgh,Furniture,Furnishings,341.5,5,0,85.38
GB-2024-10508,2/10/2024,2/10/2024,Same Day,Home Office,North America,Canada,East,Ontario,Toronto,Office Supplies,Paper,187.04,8,0,74.82
GB-2024-10509,7/16/2024,7/21/2024,Standard Class,Home Office,North America,Canada,East,Ontario,Toronto,Office Supplies,Envelopes,5.56,1,0,1.95
GB-2026-10510,3/17/2026,3/20/2026,Second Class,Corporate,North America,Canada,East,Ontario,Toronto,Furniture,Chairs,890.01,3,0,133.5
GB-2025-10511,9/25/2025,9/30/2025,Standard Class,Home Office,Asia,India,West,Maharashtra,Mumbai,Office Supplies,Paper,129.79,8,0.2,36.34
GB-2024-10512,3/6/2024,3/8/2024,First Class,Consumer,North America,United States,East,New York,New York,Office Supplies,Art,37.84,7,0.5,0
GB-2025-10513,8/12/2025,8/17/2025,Standard Class,Corporate,Asia,India,North,Delhi,New Delhi,Office Supplies,Paper,21.33,2,0.1,7.25
GB-2024-10514,6/21/2024,6/24/2024,Second Class,Home Office,North America,United States,East,New York,New York,Furniture,Furnishings,34.23,3,0,8.56
GB-2024-10515,1/7/2024,1/12/2024,Standard Class,Consumer,Asia,Japan,Kansai,Osaka,Osaka,Technology,Copiers,3201.28,4,0,1120.45
GB-2025-10516,4/6/2025,4/11/2025,Standard Class,Consumer,Asia,India,West,Maharashtra,Mumbai,Technology,Phones,2391.4,5,0,478.28
GB-2024-10517,8/29/2024,9/3/2024,Standard Class,Home Office,Africa,South Africa,Gauteng,Gauteng,Johannesburg,Technology,Copiers,3371.5,5,0,1180.02
GB-2024-10518,6/1/2024,6/4/2024,Second Class,Corporate,Europe,United Kingdom,South,England,London,Technology,Accessories,236.25,5,0,94.5
GB-2025-10519,9/23/2025,9/25/2025,First Class,Corporate,North America,United States,East,New York,New York,Furniture,Furnishings,147.24,9,0.2,19.14
GB-2026-10520,1/8/2026,1/13/2026,Standard Class,Home Office,Europe,United Kingdom,North,Scotland,Edinburgh,Furniture,Bookcases,465.91,4,0.1,4.66
GB-2024-10521,7/23/2024,7/28/2024,Standard Class,Consumer,North America,Canada,East,Ontario,Toronto,Furniture,Tables,2783.44,8,0,278.34
GB-2025-10522,4/13/2025,4/16/2025,Second Class,Home Office,Europe,Germany,North,Berlin,Berlin,Furniture,Chairs,234.18,1,0,35.13
GB-2025-10523,4/21/2025,4/26/2025,Standard Class,Consumer,Asia,India,South,Tamil Nadu,Chennai,Technology,Copiers,16173.09,9,0,5660.58
GB-2025-10524,6/18/2025,6/23/2025,Standard Class,Consumer,Oceania,Australia,West,Western Australia,Perth,Technology,Machines,2690.44,4,0,484.28
GB-2024-10525,8/15/2024,8/17/2024,First Class,Home Office,South America,Brazil,South,Paraná,Curitiba,Furniture,Furnishings,117.27,9,0,29.32
GB-2025-10526,5/5/2025,5/7/2025,First Class,Home Office,Asia,Japan,Kansai,Osaka,Osaka,Furniture,Chairs,3044.86,7,0,456.73
GB-2024-10527,10/29/2024,11/3/2024,Standard Class,Consumer,North America,Canada,East,Ontario,Toronto,Technology,Phones,4568.08,8,0,913.62
GB-2025-10528,12/21/2025,12/26/2025,Standard Class,Corporate,Asia,India,North,Delhi,New Delhi,Technology,Accessories,218.25,9,0,87.3
GB-2024-10529,10/3/2024,10/6/2024,Second Class,Home Office,Oceania,Australia,East,New South Wales,Sydney,Technology,Phones,7745.71,9,0.1,1084.4
GB-2024-10530,2/22/2024,2/27/2024,Standard Class,Corporate,Europe,United Kingdom,North,Scotland,Edinburgh,Furniture,Chairs,3265.2,9,0,489.78
GB-2024-10531,12/8/2024,12/13/2024,Standard Class,Consumer,Asia,India,West,Maharashtra,Mumbai,Office Supplies,Art,164.52,9,0,49.36
GB-2024-10532,3/5/2024,3/10/2024,Standard Class,Corporate,Europe,United Kingdom,North,Scotland,Edinburgh,Office Supplies,Art,12.74,2,0.2,2.29
GB-2024-10533,3/30/2024,4/4/2024,Standard Class,Consumer,North America,United States,East,New York,New York,Office Supplies,Paper,41.78,3,0.2,11.7
GB-2025-10534,6/17/2025,6/17/2025,Same Day,Consumer,North America,United States,West,Washington,Seattle,Office Supplies,Envelopes,9.37,1,0,3.28
GB-2026-10535,4/1/2026,4/6/2026,Standard Class,Home Office,Asia,Japan,Kansai,Osaka,Osaka,Office Supplies,Envelopes,76.48,8,0,26.77
GB-2026-10536,3/19/2026,3/24/2026,Standard Class,Corporate,North America,Canada,West,British Columbia,Vancouver,Furniture,Bookcases,1183.9,5,0,59.2
GB-2024-10537,6/13/2024,6/16/2024,Second Class,Corporate,North America,United States,East,New York,New York,Furniture,Chairs,448.13,1,0,67.22
GB-2025-10538,3/27/2025,4/1/2025,Standard Class,Consumer,North America,United States,West,Washington,Seattle,Furniture,Bookcases,2095.68,8,0,104.78
GB-2024-10539,11/4/2024,11/9/2024,Standard Class,Consumer,Europe,Germany,North,Berlin,Berlin,Office Supplies,Binders,48.57,1,0,21.86
GB-2025-10540,6/3/2025,6/8/2025,Standard Class,Home Office,North America,Canada,East,Ontario,Toronto,Office Supplies,Paper,220,8,0,88
GB-2025-10541,7/18/2025,7/23/2025,Standard Class,Consumer,Europe,United Kingdom,North,Scotland,Edinburgh,Furniture,Bookcases,282.45,1,0,14.12
GB-2025-10542,6/23/2025,6/28/2025,Standard Class,Corporate,North America,United States,West,California,Los Angeles,Technology,Machines,3382.24,4,0.1,811.74
GB-2025-10543,6/7/2025,6/9/2025,First Class,Home Office,Europe,United Kingdom,North,Scotland,Edinburgh,Office Supplies,Art,9.98,1,0,2.99
GB-2025-10544,4/1/2025,4/3/2025,First Class,Consumer,North America,Canada,West,British Columbia,Vancouver,Office Supplies,Binders,258.79,7,0,116.46
GB-2025-10545,8/24/2025,8/29/2025,Standard Class,Consumer,North America,Canada,West,British Columbia,Vancouver,Technology,Machines,733.1,2,0.1,175.94
GB-2024-10546,10/6/2024,10/11/2024,Standard Class,Home Office,Europe,United Kingdom,South,England,London,Office Supplies,Art,102.96,9,0.2,18.53
GB-2024-10547,11/5/2024,11/7/2024,First Class,Corporate,Europe,Germany,North,Berlin,Berlin,Furniture,Tables,1867.9,5,0.1,298.86
GB-2025-10548,10/13/2025,10/18/2025,Standard Class,Home Office,Asia,Japan,Kansai,Osaka,Osaka,Office Supplies,Binders,7.73,1,0,3.48
GB-2024-10549,3/9/2024,3/14/2024,Standard Class,Corporate,Oceania,Australia,West,Western Australia,Perth,Technology,Phones,3660.12,6,0,732.02
GB-2024-10550,9/22/2024,9/27/2024,Standard Class,Consumer,North America,Canada,East,Ontario,Toronto,Furniture,Chairs,1162.58,5,0.1,104.63
GB-2024-10551,12/30/2024,1/4/2025,Standard Class,Corporate,Oceania,Australia,East,New South Wales,Sydney,Furniture,Tables,3846.87,9,0,384.69
GB-2025-10552,12/2/2025,12/5/2025,Second Class,Corporate,Asia,Japan,Kanto,Tokyo,Tokyo,Furniture,Chairs,916.35,3,0,137.45
GB-2025-10553,5/11/2025,5/16/2025,Standard Class,Consumer,North America,United States,East,New York,New York,Technology,Phones,3978.73,7,0,795.75
GB-2026-10554,4/18/2026,4/23/2026,Standard Class,Consumer,Europe,Germany,South,Bavaria,Munich,Office Supplies,Art,56.73,3,0,17.02
GB-2026-10555,4/14/2026,4/19/2026,Standard Class,Consumer,South America,Brazil,Southeast,Rio de Janeiro,Rio de Janeiro,Furniture,Tables,2368.83,3,0,236.88
GB-2026-10556,2/20/2026,2/23/2026,Second Class,Consumer,North America,Canada,West,British Columbia,Vancouver,Furniture,Chairs,387.92,1,0,58.19
GB-2024-10557,3/1/2024,3/6/2024,Standard Class,Corporate,North America,Canada,East,Ontario,Toronto,Furniture,Tables,1406.52,4,0,140.65
GB-2024-10558,4/2/2024,4/7/2024,Standard Class,Home Office,South America,Brazil,South,Paraná,Curitiba,Technology,Copiers,12584.97,9,0,4404.74
GB-2025-10559,8/15/2025,8/18/2025,Second Class,Home Office,North America,United States,West,California,Los Angeles,Technology,Phones,939.39,2,0.5,93.94
GB-2025-10560,12/25/2025,12/30/2025,Standard Class,Home Office,Oceania,Australia,East,New South Wales,Sydney,Office Supplies,Envelopes,57.47,7,0,20.11
GB-2024-10561,4/25/2024,4/28/2024,Second Class,Corporate,North America,United States,East,Pennsylvania,Philadelphia,Office Supplies,Art,172.44,9,0,51.73
GB-2025-10562,5/20/2025,5/25/2025,Standard Class,Corporate,Europe,Germany,South,Bavaria,Munich,Technology,Machines,7417.3,5,0,1335.11
GB-2024-10563,3/12/2024,3/14/2024,First Class,Corporate,South America,Brazil,Southeast,São Paulo,São Paulo,Technology,Machines,1672.02,2,0,300.96
GB-2025-10564,11/23/2025,11/28/2025,Standard Class,Consumer,Europe,United Kingdom,South,England,London,Office Supplies,Binders,55.73,6,0.2,18.39
GB-2025-10565,2/17/2025,2/22/2025,Standard Class,Corporate,Asia,Japan,Kansai,Osaka,Osaka,Office Supplies,Envelopes,138.67,7,0,48.53
GB-2024-10566,5/30/2024,6/2/2024,Second Class,Consumer,North America,Canada,West,British Columbia,Vancouver,Technology,Copiers,739.44,1,0,258.8
GB-2024-10567,3/10/2024,3/15/2024,Standard Class,Consumer,Africa,South Africa,Western Cape,Western Cape,Cape Town,Office Supplies,Paper,43.06,2,0,17.22
GB-2025-10568,5/19/2025,5/22/2025,Second Class,Consumer,North America,Canada,West,British Columbia,Vancouver,Technology,Accessories,409.77,9,0.5,40.98
GB-2024-10569,2/2/2024,2/2/2024,Same Day,Consumer,Europe,Germany,South,Bavaria,Munich,Office Supplies,Paper,8.48,1,0.1,2.88
GB-2026-10570,3/9/2026,3/14/2026,Standard Class,Home Office,North America,Canada,East,Ontario,Toronto,Technology,Machines,9923.28,8,0,1786.19
GB-2025-10571,5/17/2025,5/20/2025,Second Class,Home Office,Oceania,Australia,West,Western Australia,Perth,Technology,Phones,2874.97,7,0,574.99
GB-2025-10572,1/21/2025,1/24/2025,Second Class,Corporate,Asia,Japan,Kansai,Osaka,Osaka,Furniture,Chairs,1203.24,3,0,180.49
GB-2026-10573,1/29/2026,2/3/2026,Standard Class,Home Office,Europe,United Kingdom,North,Scotland,Edinburgh,Office Supplies,Envelopes,35.1,6,0,12.29
GB-2024-10574,8/28/2024,8/31/2024,Second Class,Home Office,North America,United States,West,California,Los Angeles,Office Supplies,Binders,27.84,1,0,12.53
GB-2025-10575,11/4/2025,11/6/2025,First Class,Home Office,Oceania,Australia,West,Western Australia,Perth,Technology,Machines,1484.34,1,0,267.18
GB-2025-10576,2/3/2025,2/8/2025,Standard Class,Consumer,Asia,India,West,Maharashtra,Mumbai,Office Supplies,Art,50.73,3,0,15.22
GB-2025-10577,3/22/2025,3/27/2025,Standard Class,Home Office,Asia,India,West,Maharashtra,Mumbai,Office Supplies,Paper,149.55,5,0,59.82
GB-2024-10578,8/19/2024,8/22/2024,Second Class,Consumer,Asia,India,South,Tamil Nadu,Chennai,Furniture,Furnishings,181.94,7,0.1,34.57
GB-2025-10579,10/29/2025,10/31/2025,First Class,Home Office,Asia,Japan,Kansai,Osaka,Osaka,Office Supplies,Envelopes,71.85,5,0,25.15
GB-2026-10580,2/20/2026,2/25/2026,Standard Class,Consumer,Asia,India,East,West Bengal,Kolkata,Technology,Machines,7154.4,5,0,1287.79
GB-2025-10581,9/21/2025,9/23/2025,First Class,Corporate,South America,Brazil,Southeast,Rio de Janeiro,Rio de Janeiro,Office Supplies,Binders,33.19,4,0.1,12.94
GB-2024-10582,11/3/2024,11/5/2024,First Class,Corporate,Europe,United Kingdom,South,England,London,Office Supplies,Art,25.35,3,0.1,6.08
GB-2025-10583,2/19/2025,2/24/2025,Standard Class,Consumer,North America,United States,West,Washington,Seattle,Office Supplies,Envelopes,102.9,7,0,36.02
GB-2024-10584,6/12/2024,6/17/2024,Standard Class,Consumer,North America,Canada,East,Ontario,Toronto,Technology,Machines,368.69,1,0.2,110.61
GB-2024-10585,11/17/2024,11/20/2024,Second Class,Consumer,South America,Brazil,South,Paraná,Curitiba,Office Supplies,Binders,26.53,4,0.1,10.35
GB-2024-10586,5/3/2024,5/8/2024,Standard Class,Home Office,South America,Brazil,South,Paraná,Curitiba,Furniture,Chairs,1492.74,6,0,223.91
GB-2025-10587,2/3/2025,2/5/2025,First Class,Home Office,North America,Canada,East,Ontario,Toronto,Furniture,Tables,3133.84,4,0,313.38
GB-2024-10588,9/17/2024,9/19/2024,First Class,Consumer,Europe,Germany,North,Berlin,Berlin,Technology,Machines,4604.04,8,0.5,2209.94
GB-2026-10589,3/14/2026,3/16/2026,First Class,Corporate,Europe,Germany,South,Bavaria,Munich,Technology,Phones,677.29,1,0.1,94.82
GB-2024-10590,9/2/2024,9/7/2024,Standard Class,Corporate,Europe,Germany,North,Berlin,Berlin,Office Supplies,Envelopes,18.65,1,0,6.53
GB-2024-10591,9/18/2024,9/23/2024,Standard Class,Consumer,North America,United States,West,Washington,Seattle,Technology,Machines,701.44,1,0,126.26
GB-2026-10592,3/9/2026,3/11/2026,First Class,Corporate,Asia,Japan,Kansai,Osaka,Osaka,Furniture,Bookcases,1079.19,9,0,53.96
GB-2026-10593,1/16/2026,1/18/2026,First Class,Home Office,Europe,United Kingdom,South,England,London,Technology,Machines,1210.14,3,0,217.83
GB-2024-10594,11/8/2024,11/13/2024,Standard Class,Consumer,North America,United States,East,Pennsylvania,Philadelphia,Office Supplies,Envelopes,144.8,8,0,50.68
GB-2024-10595,6/26/2024,6/29/2024,Second Class,Corporate,Asia,India,North,Delhi,New Delhi,Office Supplies,Binders,154.25,7,0.5,23.14
GB-2025-10596,8/7/2025,8/12/2025,Standard Class,Consumer,South America,Brazil,Southeast,Rio de Janeiro,Rio de Janeiro,Furniture,Bookcases,310.31,3,0.1,3.1
GB-2025-10597,9/6/2025,9/11/2025,Standard Class,Consumer,Africa,South Africa,Gauteng,Gauteng,Johannesburg,Technology,Machines,10479.84,8,0,1886.37
GB-2024-10598,8/17/2024,8/20/2024,Second Class,Consumer,South America,Brazil,South,Paraná,Curitiba,Office Supplies,Binders,271.53,7,0.1,105.9
GB-2026-10599,4/23/2026,4/28/2026,Standard Class,Home Office,North America,United States,West,California,Los Angeles,Furniture,Bookcases,853.25,5,0,42.66
GB-2024-10600,9/11/2024,9/16/2024,Standard Class,Home Office,Asia,India,North,Delhi,New Delhi,Furniture,Bookcases,1928.18,7,0.1,19.28
GB-2025-10601,12/26/2025,12/31/2025,Standard Class,Home Office,North America,United States,East,New York,New York,Office Supplies,Binders,182.36,8,0.5,27.35
GB-2025-10602,11/17/2025,11/17/2025,Same Day,Home Office,Asia,India,North,Delhi,New Delhi,Technology,Machines,6638.76,5,0.1,1593.3
GB-2024-10603,5/15/2024,5/15/2024,Same Day,Home Office,North America,United States,West,California,Los Angeles,Technology,Machines,8194.14,6,0,1474.95
GB-2024-10604,11/20/2024,11/23/2024,Second Class,Corporate,North America,United States,West,California,Los Angeles,Furniture,Furnishings,193.25,5,0.5,9.66
GB-2024-10605,10/16/2024,10/18/2024,First Class,Corporate,Asia,Japan,Kansai,Osaka,Osaka,Furniture,Bookcases,2632.8,8,0,131.64
GB-2025-10606,11/4/2025,11/7/2025,Second Class,Corporate,North America,United States,East,New York,New York,Furniture,Chairs,1642.1,8,0.1,147.79
GB-2025-10607,3/22/2025,3/27/2025,Standard Class,Corporate,North America,Canada,West,British Columbia,Vancouver,Office Supplies,Paper,24.27,3,0,9.71
GB-2024-10608,10/17/2024,10/22/2024,Standard Class,Consumer,Asia,Japan,Kanto,Tokyo,Tokyo,Technology,Copiers,13220.06,7,0,4627.02
GB-2025-10609,5/25/2025,5/28/2025,Second Class,Corporate,North America,United States,West,Washington,Seattle,Technology,Phones,1938.12,6,0,387.62
GB-2026-10610,4/30/2026,5/3/2026,Second Class,Corporate,Europe,Germany,North,Berlin,Berlin,Furniture,Furnishings,285.81,6,0.5,14.29
GB-2026-10611,3/27/2026,4/1/2026,Standard Class,Consumer,South America,Brazil,South,Paraná,Curitiba,Technology,Phones,8653.68,9,0,1730.74
GB-2025-10612,2/12/2025,2/17/2025,Standard Class,Consumer,Africa,South Africa,Gauteng,Gauteng,Johannesburg,Furniture,Tables,4751.04,7,0,475.1
GB-2026-10613,2/9/2026,2/9/2026,Same Day,Consumer,North America,Canada,West,British Columbia,Vancouver,Technology,Copiers,7352.3,6,0.2,1691.03
GB-2025-10614,6/8/2025,6/13/2025,Standard Class,Corporate,South America,Brazil,South,Paraná,Curitiba,Furniture,Furnishings,391.5,6,0,97.88
GB-2025-10615,3/12/2025,3/17/2025,Standard Class,Home Office,Europe,Germany,North,Berlin,Berlin,Office Supplies,Paper,83.55,5,0,33.42
GB-2026-10616,3/31/2026,4/5/2026,Standard Class,Consumer,Africa,South Africa,Gauteng,Gauteng,Johannesburg,Office Supplies,Paper,62.19,9,0,24.88
GB-2024-10617,4/20/2024,4/25/2024,Standard Class,Corporate,North America,Canada,West,British Columbia,Vancouver,Technology,Phones,1725.38,9,0.1,241.55
GB-2025-10618,4/18/2025,4/23/2025,Standard Class,Consumer,Asia,India,North,Delhi,New Delhi,Technology,Accessories,578.04,6,0,231.22
GB-2025-10619,11/17/2025,11/22/2025,Standard Class,Corporate,Europe,United Kingdom,South,England,London,Furniture,Bookcases,460.28,2,0,23.01
GB-2025-10620,2/8/2025,2/13/2025,Standard Class,Consumer,Asia,Japan,Kansai,Osaka,Osaka,Office Supplies,Art,146.3,7,0,43.89
GB-2024-10621,5/18/2024,5/23/2024,Standard Class,Consumer,Asia,India,North,Delhi,New Delhi,Office Supplies,Binders,82.51,4,0.1,32.18
GB-2026-10622,3/19/2026,3/24/2026,Standard Class,Consumer,Europe,Germany,North,Berlin,Berlin,Office Supplies,Paper,18.3,2,0,7.32
GB-2025-10623,12/20/2025,12/25/2025,Standard Class,Corporate,Europe,Germany,North,Berlin,Berlin,Office Supplies,Envelopes,10.01,1,0,3.5
GB-2025-10624,12/31/2025,1/5/2026,Standard Class,Corporate,Asia,Japan,Kanto,Tokyo,Tokyo,Office Supplies,Envelopes,112.35,9,0.1,32.58
GB-2025-10625,11/25/2025,11/27/2025,First Class,Corporate,North America,United States,East,Pennsylvania,Philadelphia,Technology,Accessories,203.47,9,0.2,56.97
GB-2025-10626,3/3/2025,3/5/2025,First Class,Consumer,Europe,Germany,South,Bavaria,Munich,Furniture,Tables,3247.1,5,0,324.71
GB-2025-10627,3/24/2025,3/29/2025,Standard Class,Consumer,Oceania,Australia,West,Western Australia,Perth,Office Supplies,Envelopes,110.25,7,0.1,31.97
GB-2026-10628,1/22/2026,1/27/2026,Standard Class,Corporate,Asia,India,West,Maharashtra,Mumbai,Technology,Phones,2426.24,8,0,485.25
GB-2025-10629,9/12/2025,9/17/2025,Standard Class,Corporate,South America,Brazil,South,Paraná,Curitiba,Furniture,Chairs,257.64,1,0,38.65
GB-2025-10630,11/24/2025,11/29/2025,Standard Class,Home Office,North America,United States,West,Washington,Seattle,Furniture,Tables,1118.18,2,0,111.82
GB-2024-10631,12/14/2024,12/17/2024,Second Class,Consumer,Asia,Japan,Kanto,Tokyo,Tokyo,Technology,Phones,3356.76,8,0.5,335.68
GB-2026-10632,2/12/2026,2/17/2026,Standard Class,Consumer,Asia,India,North,Delhi,New Delhi,Furniture,Chairs,1693.2,4,0,253.98
GB-2024-10633,10/26/2024,10/29/2024,Second Class,Home Office,Europe,United Kingdom,South,England,London,Office Supplies,Binders,85.46,2,0,38.46
GB-2025-10634,3/1/2025,3/4/2025,Second Class,Consumer,North America,Canada,West,British Columbia,Vancouver,Technology,Copiers,1750.36,2,0.1,507.6
GB-2025-10635,2/28/2025,3/5/2025,Standard Class,Home Office,North America,Canada,East,Ontario,Toronto,Office Supplies,Envelopes,64.64,7,0.5,3.23
GB-2025-10636,6/12/2025,6/15/2025,Second Class,Corporate,South America,Brazil,Southeast,São Paulo,São Paulo,Technology,Phones,941.28,2,0,188.26
GB-2026-10637,3/1/2026,3/6/2026,Standard Class,Consumer,Europe,United Kingdom,South,England,London,Technology,Accessories,455.24,7,0.1,154.78
GB-2025-10638,7/20/2025,7/22/2025,First Class,Home Office,Asia,Japan,Kanto,Tokyo,Tokyo,Technology,Copiers,8572.62,7,0,3000.42
GB-2025-10639,7/11/2025,7/14/2025,Second Class,Home Office,Asia,Japan,Kansai,Osaka,Osaka,Office Supplies,Paper,18.44,1,0,7.38
GB-2026-10640,1/6/2026,1/9/2026,Second Class,Consumer,Oceania,Australia,East,New South Wales,Sydney,Technology,Accessories,520.75,9,0.1,177.06
GB-2024-10641,1/24/2024,1/29/2024,Standard Class,Home Office,Oceania,Australia,West,Western Australia,Perth,Technology,Phones,873.27,1,0,174.65
GB-2025-10642,6/3/2025,6/8/2025,Standard Class,Consumer,Asia,India,East,West Bengal,Kolkata,Technology,Phones,3769.44,8,0,753.89
GB-2026-10643,2/2/2026,2/2/2026,Same Day,Home Office,Asia,India,South,Tamil Nadu,Chennai,Office Supplies,Binders,188.58,7,0,84.86
GB-2024-10644,12/1/2024,12/6/2024,Standard Class,Consumer,Asia,Japan,Kansai,Osaka,Osaka,Furniture,Furnishings,121.66,7,0,30.41
GB-2024-10645,5/13/2024,5/18/2024,Standard Class,Corporate,North America,Canada,West,British Columbia,Vancouver,Technology,Machines,9425.81,7,0.1,2262.19
GB-2025-10646,5/16/2025,5/19/2025,Second Class,Corporate,Asia,India,West,Maharashtra,Mumbai,Technology,Machines,4394.49,3,0,791.01
GB-2025-10647,6/25/2025,6/30/2025,Standard Class,Consumer,Europe,United Kingdom,South,England,London,Furniture,Furnishings,41.76,2,0,10.44
GB-2024-10648,2/11/2024,2/16/2024,Standard Class,Consumer,Europe,Germany,South,Bavaria,Munich,Office Supplies,Paper,25.65,3,0,10.26
GB-2024-10649,2/19/2024,2/21/2024,First Class,Corporate,South America,Brazil,Southeast,Rio de Janeiro,Rio de Janeiro,Furniture,Chairs,1833.05,9,0.2,54.99
GB-2025-10650,3/3/2025,3/8/2025,Standard Class,Corporate,Oceania,Australia,West,Western Australia,Perth,Technology,Copiers,3920.01,3,0,1372
GB-2025-10651,4/5/2025,4/8/2025,Second Class,Consumer,South America,Brazil,Southeast,Rio de Janeiro,Rio de Janeiro,Office Supplies,Binders,127.89,7,0,57.55
GB-2025-10652,11/17/2025,11/19/2025,First Class,Home Office,North America,United States,East,New York,New York,Technology,Accessories,841.35,9,0.1,286.06
GB-2024-10653,3/28/2024,4/2/2024,Standard Class,Home Office,Oceania,Australia,East,New South Wales,Sydney,Technology,Phones,1453.2,2,0,290.64
GB-2024-10654,1/20/2024,1/25/2024,Standard Class,Consumer,North America,Canada,East,Ontario,Toronto,Office Supplies,Paper,212.4,8,0,84.96
GB-2025-10655,3/23/2025,3/28/2025,Standard Class,Consumer,South America,Brazil,South,Paraná,Curitiba,Furniture,Chairs,625.06,2,0,93.76
GB-2024-10656,7/6/2024,7/11/2024,Standard Class,Consumer,North America,Canada,East,Ontario,Toronto,Technology,Accessories,70.59,3,0,28.24
GB-2025-10657,2/3/2025,2/8/2025,Standard Class,Consumer,Europe,Germany,South,Bavaria,Munich,Furniture,Chairs,887.56,4,0,133.13
GB-2024-10658,8/30/2024,9/4/2024,Standard Class,Home Office,Europe,United Kingdom,North,Scotland,Edinburgh,Office Supplies,Envelopes,99.99,9,0,35
GB-2025-10659,2/21/2025,2/24/2025,Second Class,Consumer,North America,United States,East,New York,New York,Office Supplies,Envelopes,45.07,8,0.1,13.07
GB-2024-10660,7/27/2024,7/30/2024,Second Class,Consumer,Europe,United Kingdom,South,England,London,Technology,Machines,401.1,1,0,72.2
GB-2026-10661,4/29/2026,5/2/2026,Second Class,Home Office,Africa,South Africa,Gauteng,Gauteng,Johannesburg,Office Supplies,Art,139.89,7,0.2,25.18
GB-2024-10662,8/5/2024,8/10/2024,Standard Class,Home Office,North America,United States,East,Pennsylvania,Philadelphia,Furniture,Furnishings,152.53,2,0.1,28.98
GB-2024-10663,10/13/2024,10/15/2024,First Class,Consumer,Asia,Japan,Kansai,Osaka,Osaka,Technology,Machines,1676.3,5,0.5,804.62
GB-2024-10664,12/15/2024,12/20/2024,Standard Class,Home Office,Europe,United Kingdom,South,England,London,Furniture,Chairs,657.48,3,0.2,19.72
GB-2025-10665,12/21/2025,12/26/2025,Standard Class,Corporate,Oceania,Australia,East,New South Wales,Sydney,Technology,Phones,5865.78,6,0,1173.16
GB-2025-10666,9/7/2025,9/12/2025,Standard Class,Consumer,Asia,India,North,Delhi,New Delhi,Office Supplies,Binders,17.64,8,0.1,6.88
GB-2026-10667,2/15/2026,2/20/2026,Standard Class,Home Office,Europe,United Kingdom,North,Scotland,Edinburgh,Furniture,Furnishings,79.86,6,0,19.96
GB-2025-10668,12/21/2025,12/24/2025,Second Class,Consumer,North America,Canada,East,Ontario,Toronto,Technology,Machines,2718.79,3,0.1,652.51
GB-2025-10669,8/2/2025,8/5/2025,Second Class,Home Office,Oceania,Australia,East,New South Wales,Sydney,Furniture,Bookcases,1311.48,4,0.1,13.11
GB-2024-10670,10/7/2024,10/12/2024,Standard Class,Home Office,North America,Canada,West,British Columbia,Vancouver,Office Supplies,Paper,47.43,6,0.5,4.74
GB-2024-10671,10/7/2024,10/12/2024,Standard Class,Home Office,Europe,Germany,North,Berlin,Berlin,Furniture,Bookcases,1818.04,7,0,90.9
GB-2025-10672,2/5/2025,2/10/2025,Standard Class,Consumer,South America,Brazil,Southeast,Rio de Janeiro,Rio de Janeiro,Furniture,Tables,1361.84,4,0,136.18
GB-2025-10673,10/3/2025,10/6/2025,Second Class,Consumer,Europe,United Kingdom,North,Scotland,Edinburgh,Furniture,Chairs,1772.08,8,0,265.81
GB-2024-10674,2/25/2024,2/27/2024,First Class,Home Office,Asia,India,East,West Bengal,Kolkata,Technology,Machines,988.18,2,0,177.87
GB-2024-10675,2/4/2024,2/9/2024,Standard Class,Home Office,North America,United States,East,Pennsylvania,Philadelphia,Furniture,Bookcases,754.36,7,0.1,7.54
GB-2025-10676,7/26/2025,7/31/2025,Standard Class,Corporate,Europe,Germany,North,Berlin,Berlin,Office Supplies,Envelopes,108.35,8,0.2,24.92
GB-2025-10677,9/26/2025,10/1/2025,Standard Class,Home Office,South America,Brazil,South,Paraná,Curitiba,Technology,Copiers,1487.54,2,0,520.64
GB-2024-10678,3/10/2024,3/15/2024,Standard Class,Consumer,South America,Brazil,South,Paraná,Curitiba,Office Supplies,Envelopes,62.32,8,0,21.81
GB-2024-10679,2/15/2024,2/20/2024,Standard Class,Corporate,Oceania,Australia,West,Western Australia,Perth,Furniture,Furnishings,321.5,5,0,80.38
GB-2024-10680,1/9/2024,1/14/2024,Standard Class,Home Office,Asia,India,West,Maharashtra,Mumbai,Office Supplies,Art,88.24,4,0.1,21.18
GB-2024-10681,7/25/2024,7/28/2024,Second Class,Corporate,North America,Canada,West,British Columbia,Vancouver,Technology,Accessories,372.15,5,0,148.86
GB-2025-10682,4/10/2025,4/12/2025,First Class,Consumer,Europe,United Kingdom,South,England,London,Office Supplies,Binders,90.29,4,0.1,35.21
GB-2026-10683,4/14/2026,4/19/2026,Standard Class,Home Office,Europe,Germany,North,Berlin,Berlin,Office Supplies,Paper,27.9,2,0,11.16
GB-2024-10684,5/25/2024,5/30/2024,Standard Class,Consumer,Asia,Japan,Kanto,Tokyo,Tokyo,Furniture,Tables,1383.12,5,0.2,304.29
GB-2026-10685,1/6/2026,1/11/2026,Standard Class,Home Office,North America,United States,East,New York,New York,Office Supplies,Paper,25.79,1,0,10.32
GB-2025-10686,11/1/2025,11/4/2025,Second Class,Consumer,Europe,United Kingdom,North,Scotland,Edinburgh,Furniture,Bookcases,894.81,6,0.5,223.7
GB-2026-10687,3/29/2026,3/29/2026,Same Day,Corporate,South America,Brazil,Southeast,São Paulo,São Paulo,Furniture,Tables,1954.48,4,0.1,312.72
GB-2024-10688,11/21/2024,11/26/2024,Standard Class,Home Office,North America,United States,East,Pennsylvania,Philadelphia,Furniture,Bookcases,417.53,4,0.1,4.18
GB-2024-10689,5/9/2024,5/11/2024,First Class,Home Office,South America,Brazil,Southeast,Rio de Janeiro,Rio de Janeiro,Technology,Phones,1638.6,3,0.1,229.4
GB-2025-10690,10/22/2025,10/25/2025,Second Class,Corporate,Europe,Germany,North,Berlin,Berlin,Technology,Accessories,893.35,9,0.1,303.74
GB-2025-10691,5/21/2025,5/26/2025,Standard Class,Home Office,Europe,United Kingdom,South,England,London,Furniture,Furnishings,182.52,4,0,45.63
GB-2025-10692,1/21/2025,1/26/2025,Standard Class,Corporate,North America,United States,East,New York,New York,Office Supplies,Envelopes,92.43,9,0,32.35
GB-2025-10693,4/21/2025,4/26/2025,Standard Class,Corporate,Europe,Germany,South,Bavaria,Munich,Office Supplies,Envelopes,54.6,6,0,19.11
GB-2025-10694,3/28/2025,4/2/2025,Standard Class,Home Office,North America,United States,West,California,Los Angeles,Office Supplies,Binders,15.38,2,0,6.92
GB-2025-10695,7/13/2025,7/18/2025,Standard Class,Consumer,Asia,Japan,Kansai,Osaka,Osaka,Furniture,Tables,6766.29,9,0,676.63
GB-2024-10696,11/2/2024,11/7/2024,Standard Class,Corporate,Asia,Japan,Kansai,Osaka,Osaka,Office Supplies,Binders,81.4,7,0.1,31.75
GB-2024-10697,8/2/2024,8/7/2024,Standard Class,Home Office,Oceania,Australia,West,Western Australia,Perth,Furniture,Bookcases,457.28,4,0.5,114.32
GB-2025-10698,3/3/2025,3/8/2025,Standard Class,Corporate,South America,Brazil,South,Paraná,Curitiba,Technology,Copiers,9603.5,5,0,3361.22
GB-2026-10699,4/9/2026,4/12/2026,Second Class,Corporate,Europe,Germany,South,Bavaria,Munich,Technology,Accessories,577.8,6,0,231.12
GB-2024-10700,2/2/2024,2/4/2024,First Class,Consumer,Africa,South Africa,Western Cape,Western Cape,Cape Town,Furniture,Furnishings,116.2,2,0,29.05
GB-2024-10701,4/21/2024,4/26/2024,Standard Class,Corporate,Asia,Japan,Kanto,Tokyo,Tokyo,Furniture,Tables,634.1,1,0.1,101.46
GB-2024-10702,1/28/2024,2/2/2024,Standard Class,Consumer,South America,Brazil,South,Paraná,Curitiba,Furniture,Bookcases,1088.91,9,0,54.45
GB-2025-10703,6/14/2025,6/19/2025,Standard Class,Corporate,South America,Brazil,South,Paraná,Curitiba,Furniture,Tables,3889.05,9,0.1,622.25
GB-2025-10704,2/2/2025,2/2/2025,Same Day,Consumer,North America,United States,West,Washington,Seattle,Technology,Machines,1596.12,3,0.5,766.14
GB-2025-10705,8/24/2025,8/29/2025,Standard Class,Home Office,Asia,Japan,Kanto,Tokyo,Tokyo,Furniture,Furnishings,151.58,2,0.1,28.8
GB-2024-10706,9/9/2024,9/14/2024,Standard Class,Home Office,South America,Brazil,South,Paraná,Curitiba,Technology,Phones,1792.6,5,0.5,179.26
GB-2024-10707,12/21/2024,12/24/2024,Second Class,Home Office,Asia,Japan,Kanto,Tokyo,Tokyo,Furniture,Tables,1756.34,7,0.5,702.54
GB-2024-10708,7/6/2024,7/9/2024,Second Class,Consumer,Europe,United Kingdom,South,England,London,Office Supplies,Art,33.59,2,0.1,8.06
GB-2024-10709,8/10/2024,8/12/2024,First Class,Corporate,Africa,South Africa,Western Cape,Western Cape,Cape Town,Furniture,Bookcases,1646.96,7,0,82.35
GB-2025-10710,6/2/2025,6/7/2025,Standard Class,Consumer,North America,Canada,West,British Columbia,Vancouver,Technology,Machines,3345.36,4,0,602.16
GB-2024-10711,4/27/2024,4/30/2024,Second Class,Consumer,Europe,Germany,South,Bavaria,Munich,Furniture,Chairs,2811.59,9,0.1,253.04
GB-2025-10712,3/24/2025,3/29/2025,Standard Class,Corporate,Asia,India,North,Delhi,New Delhi,Furniture,Bookcases,520.8,2,0,26.04
GB-2024-10713,3/20/2024,3/23/2024,Second Class,Consumer,Asia,India,East,West Bengal,Kolkata,Furniture,Tables,740.98,1,0,74.1
GB-2025-10714,3/28/2025,3/31/2025,Second Class,Home Office,Asia,India,East,West Bengal,Kolkata,Office Supplies,Paper,6.22,1,0,2.49
GB-2024-10715,7/25/2024,7/27/2024,First Class,Corporate,South America,Brazil,Southeast,São Paulo,São Paulo,Office Supplies,Paper,13.43,1,0,5.37
GB-2025-10716,11/16/2025,11/21/2025,Standard Class,Consumer,Asia,India,West,Maharashtra,Mumbai,Office Supplies,Paper,70.58,6,0.1,24
GB-2025-10717,10/1/2025,10/6/2025,Standard Class,Home Office,Europe,Germany,North,Berlin,Berlin,Furniture,Chairs,1482.06,6,0,222.31
GB-2025-10718,10/31/2025,11/5/2025,Standard Class,Corporate,North America,United States,East,Pennsylvania,Philadelphia,Technology,Accessories,28.75,1,0,11.5
GB-2024-10719,11/4/2024,11/7/2024,Second Class,Corporate,Africa,South Africa,Gauteng,Gauteng,Johannesburg,Furniture,Bookcases,1061.8,7,0.5,265.45
GB-2025-10720,12/11/2025,12/16/2025,Standard Class,Consumer,Asia,Japan,Kansai,Osaka,Osaka,Office Supplies,Paper,104.83,8,0.1,35.64
GB-2024-10721,8/26/2024,8/31/2024,Standard Class,Home Office,Africa,South Africa,Gauteng,Gauteng,Johannesburg,Office Supplies,Binders,241.6,7,0.1,94.22
GB-2024-10722,3/2/2024,3/7/2024,Standard Class,Corporate,North America,United States,West,California,Los Angeles,Technology,Phones,3754.92,4,0,750.98
GB-2025-10723,3/30/2025,4/2/2025,Second Class,Corporate,North America,Canada,East,Ontario,Toronto,Technology,Accessories,44.79,1,0.1,15.23
GB-2024-10724,12/16/2024,12/21/2024,Standard Class,Home Office,North America,United States,East,Pennsylvania,Philadelphia,Technology,Accessories,232.53,3,0,93.01
GB-2025-10725,5/18/2025,5/23/2025,Standard Class,Consumer,North America,United States,East,New York,New York,Furniture,Tables,3182.26,9,0.5,1272.9
GB-2024-10726,8/29/2024,9/3/2024,Standard Class,Corporate,Asia,Japan,Kanto,Tokyo,Tokyo,Furniture,Furnishings,193.59,3,0,48.4
GB-2025-10727,8/13/2025,8/18/2025,Standard Class,Home Office,North America,Canada,East,Ontario,Toronto,Office Supplies,Envelopes,36.18,3,0,12.66
GB-2025-10728,9/16/2025,9/19/2025,Second Class,Consumer,Asia,Japan,Kanto,Tokyo,Tokyo,Office Supplies,Paper,99.4,5,0,39.76
GB-2026-10729,1/14/2026,1/19/2026,Standard Class,Corporate,Europe,Germany,South,Bavaria,Munich,Technology,Machines,1379.81,2,0.1,331.15
GB-2024-10730,7/19/2024,7/24/2024,Standard Class,Consumer,North America,Canada,West,British Columbia,Vancouver,Office Supplies,Envelopes,64.56,6,0,22.6
GB-2025-10731,8/25/2025,8/30/2025,Standard Class,Consumer,Africa,South Africa,Western Cape,Western Cape,Cape Town,Furniture,Furnishings,357.34,5,0.1,67.89
GB-2024-10732,12/22/2024,12/27/2024,Standard Class,Corporate,Asia,Japan,Kanto,Tokyo,Tokyo,Office Supplies,Binders,49.86,4,0.5,7.48
GB-2025-10733,1/5/2025,1/8/2025,Second Class,Home Office,North America,United States,West,Washington,Seattle,Technology,Copiers,4731.9,5,0,1656.16
GB-2025-10734,11/9/2025,11/11/2025,First Class,Consumer,North America,United States,West,Washington,Seattle,Technology,Phones,6681.31,9,0.2,534.5
GB-2024-10735,6/18/2024,6/20/2024,First Class,Corporate,Asia,Japan,Kansai,Osaka,Osaka,Technology,Phones,1276.09,2,0.1,178.65
GB-2024-10736,12/18/2024,12/20/2024,First Class,Corporate,Asia,Japan,Kansai,Osaka,Osaka,Furniture,Furnishings,16.85,1,0.1,3.2
GB-2025-10737,3/3/2025,3/8/2025,Standard Class,Home Office,North America,Canada,East,Ontario,Toronto,Office Supplies,Binders,34.5,3,0,15.53
GB-2024-10738,4/22/2024,4/27/2024,Standard Class,Consumer,North America,United States,East,New York,New York,Office Supplies,Envelopes,103.68,8,0.1,30.07
GB-2025-10739,10/13/2025,10/18/2025,Standard Class,Corporate,North America,United States,West,California,Los Angeles,Office Supplies,Paper,61.02,4,0.1,20.75
GB-2024-10740,4/13/2024,4/18/2024,Standard Class,Corporate,Asia,India,North,Delhi,New Delhi,Furniture,Chairs,1158.15,7,0.5,173.72
GB-2026-10741,2/18/2026,2/23/2026,Standard Class,Corporate,Europe,Germany,South,Bavaria,Munich,Office Supplies,Art,63.45,6,0.5,0
GB-2025-10742,11/12/2025,11/17/2025,Standard Class,Home Office,North America,Canada,West,British Columbia,Vancouver,Furniture,Furnishings,421.51,7,0.2,54.8
GB-2024-10743,5/22/2024,5/27/2024,Standard Class,Consumer,South America,Brazil,Southeast,Rio de Janeiro,Rio de Janeiro,Office Supplies,Envelopes,100.8,9,0,35.28
GB-2025-10744,10/15/2025,10/15/2025,Same Day,Corporate,North America,Canada,East,Ontario,Toronto,Technology,Machines,4269.76,4,0,768.56
GB-2025-10745,9/19/2025,9/22/2025,Second Class,Corporate,Europe,Germany,North,Berlin,Berlin,Office Supplies,Binders,105,3,0.2,34.65
GB-2026-10746,3/14/2026,3/16/2026,First Class,Home Office,North America,Canada,East,Ontario,Toronto,Technology,Machines,2079.07,3,0.5,997.95
GB-2025-10747,5/8/2025,5/11/2025,Second Class,Consumer,North America,United States,East,New York,New York,Office Supplies,Paper,84.69,3,0,33.88
GB-2025-10748,1/27/2025,1/30/2025,Second Class,Consumer,Asia,Japan,Kanto,Tokyo,Tokyo,Technology,Machines,2550.18,2,0,459.03
GB-2024-10749,8/17/2024,8/19/2024,First Class,Home Office,North America,Canada,West,British Columbia,Vancouver,Technology,Machines,2583.64,4,0,465.06
GB-2024-10750,3/30/2024,4/4/2024,Standard Class,Corporate,Asia,India,North,Delhi,New Delhi,Furniture,Bookcases,1911.56,7,0,95.58
GB-2024-10751,3/4/2024,3/9/2024,Standard Class,Consumer,Asia,Japan,Kansai,Osaka,Osaka,Technology,Copiers,13763.16,9,0,4817.11
GB-2024-10752,4/19/2024,4/24/2024,Standard Class,Home Office,South America,Brazil,Southeast,Rio de Janeiro,Rio de Janeiro,Furniture,Furnishings,186.16,8,0,46.54
GB-2026-10753,2/3/2026,2/6/2026,Second Class,Home Office,North America,Canada,West,British Columbia,Vancouver,Office Supplies,Envelopes,44.75,4,0.1,12.98
GB-2025-10754,1/20/2025,1/25/2025,Standard Class,Corporate,North America,United States,East,New York,New York,Furniture,Furnishings,206.75,7,0.2,26.88
GB-2024-10755,6/12/2024,6/12/2024,Same Day,Home Office,Europe,Germany,South,Bavaria,Munich,Office Supplies,Envelopes,25.84,2,0,9.04
GB-2025-10756,12/14/2025,12/16/2025,First Class,Home Office,South America,Brazil,Southeast,São Paulo,São Paulo,Office Supplies,Paper,82.2,5,0,32.88
GB-2024-10757,5/20/2024,5/25/2024,Standard Class,Corporate,North America,United States,East,New York,New York,Technology,Copiers,885.7,1,0.2,203.71
GB-2024-10758,4/14/2024,4/17/2024,Second Class,Consumer,Europe,Germany,North,Berlin,Berlin,Furniture,Bookcases,1231.12,8,0,61.56
GB-2025-10759,6/11/2025,6/14/2025,Second Class,Home Office,Europe,United Kingdom,North,Scotland,Edinburgh,Furniture,Chairs,1075.96,4,0,161.39
GB-2025-10760,9/2/2025,9/2/2025,Same Day,Home Office,Asia,India,East,West Bengal,Kolkata,Office Supplies,Envelopes,31.02,6,0,10.86
GB-2024-10761,5/4/2024,5/9/2024,Standard Class,Home Office,South America,Brazil,Southeast,Rio de Janeiro,Rio de Janeiro,Office Supplies,Paper,21.9,3,0.5,2.19
GB-2025-10762,12/20/2025,12/25/2025,Standard Class,Home Office,North America,Canada,East,Ontario,Toronto,Office Supplies,Paper,132.3,7,0,52.92
GB-2026-10763,4/11/2026,4/16/2026,Standard Class,Consumer,Oceania,Australia,East,New South Wales,Sydney,Furniture,Tables,444.08,1,0.2,97.7
GB-2024-10764,5/5/2024,5/10/2024,Standard Class,Home Office,North America,United States,East,Pennsylvania,Philadelphia,Furniture,Chairs,603.68,2,0,90.55
GB-2025-10765,7/11/2025,7/16/2025,Standard Class,Home Office,North America,Canada,East,Ontario,Toronto,Technology,Machines,2793.91,3,0.1,670.54
GB-2025-10766,6/19/2025,6/21/2025,First Class,Corporate,Asia,India,North,Delhi,New Delhi,Furniture,Chairs,616,4,0.2,18.48
GB-2024-10767,8/8/2024,8/8/2024,Same Day,Home Office,Oceania,Australia,West,Western Australia,Perth,Technology,Machines,2009.66,2,0,361.74
GB-2025-10768,10/27/2025,10/29/2025,First Class,Corporate,Europe,Germany,South,Bavaria,Munich,Technology,Copiers,2962.8,2,0,1036.98
GB-2025-10769,10/10/2025,10/13/2025,Second Class,Consumer,Asia,India,East,West Bengal,Kolkata,Office Supplies,Envelopes,33.96,7,0.1,9.85
GB-2024-10770,3/20/2024,3/25/2024,Standard Class,Home Office,North America,Canada,East,Ontario,Toronto,Technology,Phones,5007.96,6,0.1,701.11
GB-2024-10771,5/29/2024,5/31/2024,First Class,Consumer,North America,United States,West,California,Los Angeles,Office Supplies,Paper,16.9,2,0.1,5.75
GB-2024-10772,11/9/2024,11/14/2024,Standard Class,Corporate,North America,Canada,West,British Columbia,Vancouver,Technology,Phones,168.3,1,0.5,16.83
GB-2025-10773,2/2/2025,2/7/2025,Standard Class,Home Office,Asia,Japan,Kansai,Osaka,Osaka,Office Supplies,Paper,184.92,9,0.1,62.87
GB-2024-10774,5/26/2024,5/31/2024,Standard Class,Home Office,North America,Canada,East,Ontario,Toronto,Technology,Machines,2648.58,3,0,476.74
GB-2025-10775,4/24/2025,4/29/2025,Standard Class,Corporate,Africa,South Africa,Western Cape,Western Cape,Cape Town,Office Supplies,Envelopes,95.47,6,0.1,27.69
GB-2024-10776,3/19/2024,3/22/2024,Second Class,Consumer,North America,United States,East,Pennsylvania,Philadelphia,Technology,Machines,1458.38,1,0,262.51
GB-2025-10777,6/4/2025,6/6/2025,First Class,Consumer,Europe,United Kingdom,North,Scotland,Edinburgh,Technology,Copiers,1439.84,1,0.1,417.55
GB-2026-10778,2/6/2026,2/11/2026,Standard Class,Home Office,Asia,India,East,West Bengal,Kolkata,Technology,Copiers,1692.41,3,0.2,389.25
GB-2025-10779,6/10/2025,6/15/2025,Standard Class,Consumer,Europe,Germany,North,Berlin,Berlin,Furniture,Bookcases,1118.46,4,0.2,78.29
GB-2024-10780,4/30/2024,5/5/2024,Standard Class,Corporate,North America,United States,East,Pennsylvania,Philadelphia,Furniture,Bookcases,3129.48,9,0,156.47
GB-2025-10781,4/19/2025,4/21/2025,First Class,Corporate,North America,United States,West,Washington,Seattle,Office Supplies,Art,6.58,2,0.2,1.18
GB-2024-10782,7/9/2024,7/14/2024,Standard Class,Consumer,North America,Canada,East,Ontario,Toronto,Technology,Copiers,5413.66,7,0,1894.78
GB-2024-10783,6/8/2024,6/11/2024,Second Class,Corporate,North America,Canada,West,British Columbia,Vancouver,Office Supplies,Envelopes,39.15,3,0,13.7
GB-2025-10784,3/25/2025,3/28/2025,Second Class,Corporate,North America,Canada,West,British Columbia,Vancouver,Office Supplies,Binders,22.2,2,0,9.99
GB-2025-10785,2/8/2025,2/13/2025,Standard Class,Corporate,South America,Brazil,Southeast,Rio de Janeiro,Rio de Janeiro,Technology,Accessories,149.48,2,0,59.79
GB-2026-10786,3/30/2026,4/2/2026,Second Class,Consumer,Europe,Germany,South,Bavaria,Munich,Furniture,Chairs,187.84,1,0,28.18
GB-2024-10787,1/14/2024,1/17/2024,Second Class,Consumer,North America,Canada,West,British Columbia,Vancouver,Office Supplies,Envelopes,46.15,5,0,16.15
GB-2025-10788,3/15/2025,3/20/2025,Standard Class,Consumer,Asia,India,West,Maharashtra,Mumbai,Furniture,Bookcases,1199.6,4,0,59.98
GB-2025-10789,4/30/2025,5/3/2025,Second Class,Consumer,Asia,India,West,Maharashtra,Mumbai,Furniture,Chairs,811.14,3,0,121.67
GB-2024-10790,7/15/2024,7/17/2024,First Class,Corporate,North America,United States,East,New York,New York,Office Supplies,Envelopes,77.76,9,0.1,22.55
GB-2024-10791,8/24/2024,8/29/2024,Standard Class,Corporate,Europe,Germany,North,Berlin,Berlin,Furniture,Bookcases,1105.02,6,0,55.25
GB-2025-10792,3/4/2025,3/9/2025,Standard Class,Consumer,North America,United States,East,Pennsylvania,Philadelphia,Furniture,Bookcases,1325.16,8,0.1,13.25
GB-2025-10793,3/17/2025,3/22/2025,Standard Class,Corporate,Europe,Germany,North,Berlin,Berlin,Technology,Phones,7347.33,9,0,1469.47
GB-2025-10794,1/4/2025,1/7/2025,Second Class,Corporate,Asia,Japan,Kanto,Tokyo,Tokyo,Furniture,Furnishings,179.7,2,0,44.92
GB-2026-10795,1/30/2026,2/2/2026,Second Class,Consumer,Oceania,Australia,East,New South Wales,Sydney,Furniture,Chairs,3021.3,9,0,453.19
GB-2025-10796,4/30/2025,4/30/2025,Same Day,Consumer,Oceania,Australia,East,New South Wales,Sydney,Furniture,Furnishings,533.09,9,0.2,69.3
GB-2026-10797,2/16/2026,2/18/2026,First Class,Home Office,Africa,South Africa,Western Cape,Western Cape,Cape Town,Office Supplies,Paper,61.92,8,0.5,6.19
GB-2025-10798,5/30/2025,6/2/2025,Second Class,Consumer,Oceania,Australia,West,Western Australia,Perth,Technology,Phones,3170.28,4,0,634.06
GB-2025-10799,12/2/2025,12/7/2025,Standard Class,Home Office,Africa,South Africa,Western Cape,Western Cape,Cape Town,Technology,Machines,7475.58,7,0,1345.6
GB-2024-10800,1/4/2024,1/9/2024,Standard Class,Consumer,Oceania,Australia,West,Western Australia,Perth,Office Supplies,Binders,180,5,0,81
GB-2024-10801,6/24/2024,6/29/2024,Standard Class,Home Office,North America,United States,East,Pennsylvania,Philadelphia,Furniture,Bookcases,292.72,1,0,14.64
GB-2026-10802,4/23/2026,4/28/2026,Standard Class,Consumer,North America,Canada,West,British Columbia,Vancouver,Furniture,Bookcases,600.75,3,0.1,6.01
GB-2024-10803,11/28/2024,11/28/2024,Same Day,Home Office,Asia,Japan,Kanto,Tokyo,Tokyo,Furniture,Bookcases,130.61,1,0.5,32.65
GB-2026-10804,3/7/2026,3/9/2026,First Class,Home Office,North America,Canada,West,British Columbia,Vancouver,Office Supplies,Binders,89.4,6,0,40.23
GB-2026-10805,4/7/2026,4/9/2026,First Class,Corporate,North America,United States,West,Washington,Seattle,Furniture,Furnishings,109.28,2,0,27.32
GB-2026-10806,4/15/2026,4/17/2026,First Class,Consumer,Oceania,Australia,West,Western Australia,Perth,Office Supplies,Binders,111.35,3,0.1,43.43
GB-2024-10807,7/11/2024,7/16/2024,Standard Class,Consumer,Europe,Germany,South,Bavaria,Munich,Technology,Copiers,1444.61,1,0,505.61
GB-2024-10808,1/22/2024,1/27/2024,Standard Class,Consumer,Asia,India,West,Maharashtra,Mumbai,Furniture,Bookcases,1144.74,3,0,57.24
GB-2026-10809,3/22/2026,3/22/2026,Same Day,Consumer,Oceania,Australia,East,New South Wales,Sydney,Furniture,Furnishings,667.12,8,0,166.78
GB-2025-10810,5/5/2025,5/10/2025,Standard Class,Consumer,Oceania,Australia,East,New South Wales,Sydney,Furniture,Chairs,2151.18,9,0,322.68
GB-2025-10811,3/1/2025,3/6/2025,Standard Class,Consumer,North America,Canada,West,British Columbia,Vancouver,Office Supplies,Art,84.1,4,0.1,20.18
GB-2025-10812,12/4/2025,12/6/2025,First Class,Consumer,Europe,United Kingdom,South,England,London,Office Supplies,Art,33.86,2,0,10.16
GB-2024-10813,3/27/2024,3/29/2024,First Class,Home Office,North America,Canada,West,British Columbia,Vancouver,Technology,Machines,3732.56,3,0.1,895.81
GB-2025-10814,10/1/2025,10/3/2025,First Class,Corporate,South America,Brazil,South,Paraná,Curitiba,Office Supplies,Paper,13.27,1,0.5,1.33
GB-2026-10815,3/7/2026,3/10/2026,Second Class,Corporate,North America,Canada,West,British Columbia,Vancouver,Furniture,Furnishings,115.1,5,0,28.77
GB-2024-10816,5/10/2024,5/15/2024,Standard Class,Corporate,Europe,Germany,South,Bavaria,Munich,Technology,Machines,1656.12,6,0.5,794.94
GB-2024-10817,9/8/2024,9/13/2024,Standard Class,Home Office,Europe,Germany,North,Berlin,Berlin,Furniture,Furnishings,502.28,9,0.1,95.43
GB-2026-10818,2/5/2026,2/10/2026,Standard Class,Consumer,North America,United States,East,New York,New York,Office Supplies,Envelopes,56.43,3,0,19.75
GB-2024-10819,12/23/2024,12/28/2024,Standard Class,Consumer,North America,United States,West,California,Los Angeles,Furniture,Tables,660.85,1,0,66.09
GB-2025-10820,12/13/2025,12/16/2025,Second Class,Corporate,Asia,Japan,Kansai,Osaka,Osaka,Technology,Phones,1162.92,2,0,232.58
GB-2024-10821,6/10/2024,6/15/2024,Standard Class,Corporate,North America,United States,East,New York,New York,Technology,Machines,3725.88,3,0,670.66
GB-2024-10822,5/23/2024,5/26/2024,Second Class,Home Office,South America,Brazil,South,Paraná,Curitiba,Office Supplies,Paper,38.9,5,0,15.56
GB-2025-10823,10/19/2025,10/24/2025,Standard Class,Consumer,Oceania,Australia,West,Western Australia,Perth,Technology,Machines,10642.95,9,0,1915.73
GB-2025-10824,8/8/2025,8/13/2025,Standard Class,Home Office,North America,United States,West,California,Los Angeles,Technology,Machines,3652.35,3,0,657.42
GB-2024-10825,2/27/2024,3/3/2024,Standard Class,Consumer,Asia,India,East,West Bengal,Kolkata,Office Supplies,Envelopes,41.83,7,0.2,9.62
GB-2025-10826,10/24/2025,10/29/2025,Standard Class,Corporate,North America,United States,West,Washington,Seattle,Furniture,Tables,1697.6,5,0,169.76
GB-2024-10827,8/4/2024,8/9/2024,Standard Class,Corporate,North America,United States,East,New York,New York,Office Supplies,Paper,17.18,1,0.1,5.84
GB-2024-10828,2/16/2024,2/21/2024,Standard Class,Consumer,South America,Brazil,South,Paraná,Curitiba,Office Supplies,Binders,205.69,6,0.1,80.22
GB-2024-10829,5/12/2024,5/15/2024,Second Class,Consumer,Europe,United Kingdom,South,England,London,Technology,Machines,6687.94,8,0.2,2006.38
GB-2024-10830,10/24/2024,10/29/2024,Standard Class,Home Office,Europe,United Kingdom,South,England,London,Technology,Copiers,5972.34,3,0,2090.32
GB-2026-10831,1/16/2026,1/19/2026,Second Class,Home Office,South America,Brazil,South,Paraná,Curitiba,Office Supplies,Art,51.27,6,0.5,0
GB-2024-10832,2/10/2024,2/12/2024,First Class,Home Office,Europe,United Kingdom,South,England,London,Technology,Machines,2570.4,2,0,462.67
GB-2024-10833,11/12/2024,11/17/2024,Standard Class,Consumer,Europe,Germany,South,Bavaria,Munich,Office Supplies,Binders,30.9,2,0,13.9
GB-2024-10834,4/1/2024,4/6/2024,Standard Class,Home Office,Asia,Japan,Kansai,Osaka,Osaka,Office Supplies,Binders,97.28,2,0,43.78
GB-2025-10835,1/7/2025,1/9/2025,First Class,Corporate,Europe,United Kingdom,North,Scotland,Edinburgh,Technology,Accessories,185.1,6,0,74.04
GB-2025-10836,4/5/2025,4/10/2025,Standard Class,Home Office,North America,United States,East,New York,New York,Furniture,Chairs,1313.75,5,0,197.06
GB-2024-10837,3/15/2024,3/20/2024,Standard Class,Corporate,Asia,Japan,Kansai,Osaka,Osaka,Technology,Machines,889.92,2,0.1,213.58
GB-2025-10838,2/10/2025,2/13/2025,Second Class,Consumer,Europe,United Kingdom,North,Scotland,Edinburgh,Technology,Machines,4690.08,4,0,844.21
GB-2024-10839,10/12/2024,10/17/2024,Standard Class,Home Office,North America,Canada,East,Ontario,Toronto,Office Supplies,Paper,36.74,7,0.2,10.29
GB-2026-10840,3/19/2026,3/24/2026,Standard Class,Corporate,North America,United States,East,Pennsylvania,Philadelphia,Office Supplies,Art,17.28,3,0,5.18
GB-2025-10841,2/18/2025,2/23/2025,Standard Class,Home Office,Europe,Germany,North,Berlin,Berlin,Furniture,Chairs,836.98,2,0,125.55
GB-2026-10842,2/10/2026,2/15/2026,Standard Class,Consumer,Europe,Germany,South,Bavaria,Munich,Technology,Copiers,6908.39,7,0.1,2003.43
GB-2025-10843,2/2/2025,2/4/2025,First Class,Home Office,Asia,India,North,Delhi,New Delhi,Office Supplies,Art,7.16,1,0,2.15
GB-2024-10844,5/31/2024,6/5/2024,Standard Class,Corporate,North America,Canada,West,British Columbia,Vancouver,Office Supplies,Binders,261.36,8,0,117.61
GB-2024-10845,2/7/2024,2/12/2024,Standard Class,Consumer,Europe,United Kingdom,North,Scotland,Edinburgh,Office Supplies,Binders,194.56,4,0,87.55
GB-2024-10846,1/15/2024,1/20/2024,Standard Class,Corporate,North America,Canada,East,Ontario,Toronto,Technology,Machines,5960.01,7,0,1072.8
GB-2025-10847,7/9/2025,7/14/2025,Standard Class,Corporate,North America,United States,West,Washington,Seattle,Office Supplies,Binders,274.95,9,0,123.73
GB-2025-10848,1/25/2025,1/30/2025,Standard Class,Home Office,Asia,Japan,Kansai,Osaka,Osaka,Furniture,Chairs,620.8,2,0.1,55.87
GB-2025-10849,2/25/2025,3/2/2025,Standard Class,Home Office,Asia,India,East,West Bengal,Kolkata,Technology,Accessories,299.5,7,0.1,101.83
GB-2025-10850,7/18/2025,7/23/2025,Standard Class,Consumer,South America,Brazil,South,Paraná,Curitiba,Office Supplies,Envelopes,17.18,1,0.1,4.98
GB-2025-10851,6/3/2025,6/8/2025,Standard Class,Home Office,North America,Canada,East,Ontario,Toronto,Office Supplies,Paper,5.09,1,0.1,1.73
GB-2026-10852,4/16/2026,4/21/2026,Standard Class,Home Office,Oceania,Australia,East,New South Wales,Sydney,Furniture,Furnishings,261.84,4,0,65.46
GB-2024-10853,2/22/2024,2/24/2024,First Class,Home Office,Europe,Germany,North,Berlin,Berlin,Office Supplies,Binders,82.47,7,0.1,32.16
GB-2024-10854,5/9/2024,5/14/2024,Standard Class,Home Office,Oceania,Australia,West,Western Australia,Perth,Office Supplies,Binders,12.96,2,0,5.83
GB-2025-10855,10/5/2025,10/8/2025,Second Class,Consumer,North America,United States,West,California,Los Angeles,Technology,Copiers,10715.4,8,0.1,3107.47
GB-2024-10856,7/10/2024,7/15/2024,Standard Class,Consumer,North America,United States,West,Washington,Seattle,Technology,Phones,1331.85,5,0,266.37
GB-2024-10857,1/24/2024,1/27/2024,Second Class,Home Office,South America,Brazil,South,Paraná,Curitiba,Furniture,Tables,1970.5,5,0,197.05
GB-2024-10858,3/20/2024,3/25/2024,Standard Class,Corporate,South America,Brazil,South,Paraná,Curitiba,Office Supplies,Paper,23.94,7,0.5,2.39
GB-2024-10859,3/19/2024,3/24/2024,Standard Class,Corporate,Europe,Germany,South,Bavaria,Munich,Furniture,Bookcases,333.98,1,0.1,3.34
GB-2025-10860,10/8/2025,10/11/2025,Second Class,Consumer,North America,Canada,West,British Columbia,Vancouver,Technology,Phones,1852.2,3,0,370.44
GB-2024-10861,5/4/2024,5/9/2024,Standard Class,Consumer,Oceania,Australia,East,New South Wales,Sydney,Furniture,Tables,430.15,1,0,43.02
GB-2026-10862,1/15/2026,1/18/2026,Second Class,Consumer,North America,Canada,East,Ontario,Toronto,Office Supplies,Art,157.2,8,0,47.16
GB-2025-10863,6/8/2025,6/10/2025,First Class,Consumer,North America,United States,West,Washington,Seattle,Furniture,Bookcases,507.35,3,0.5,126.84
GB-2025-10864,5/14/2025,5/19/2025,Standard Class,Corporate,Europe,Germany,South,Bavaria,Munich,Technology,Machines,4337.83,7,0,780.81
GB-2025-10865,10/9/2025,10/11/2025,First Class,Corporate,North America,United States,West,Washington,Seattle,Office Supplies,Art,32.41,7,0,9.72
GB-2024-10866,11/26/2024,12/1/2024,Standard Class,Consumer,Europe,United Kingdom,South,England,London,Office Supplies,Binders,47.22,6,0,21.25
GB-2024-10867,1/12/2024,1/15/2024,Second Class,Consumer,Europe,Germany,North,Berlin,Berlin,Office Supplies,Art,60.28,4,0,18.08
GB-2024-10868,10/11/2024,10/14/2024,Second Class,Home Office,North America,Canada,West,British Columbia,Vancouver,Office Supplies,Binders,17.52,4,0,7.88
GB-2024-10869,2/17/2024,2/17/2024,Same Day,Corporate,North America,Canada,East,Ontario,Toronto,Technology,Machines,4136.24,4,0,744.52
GB-2025-10870,10/21/2025,10/24/2025,Second Class,Home Office,Africa,South Africa,Western Cape,Western Cape,Cape Town,Office Supplies,Paper,251.55,9,0,100.62
GB-2025-10871,10/22/2025,10/27/2025,Standard Class,Corporate,North America,Canada,West,British Columbia,Vancouver,Office Supplies,Art,35.78,7,0.1,8.59
GB-2025-10872,5/20/2025,5/23/2025,Second Class,Corporate,North America,Canada,West,British Columbia,Vancouver,Office Supplies,Paper,8.48,1,0.2,2.37
GB-2024-10873,5/22/2024,5/27/2024,Standard Class,Corporate,South America,Brazil,Southeast,São Paulo,São Paulo,Furniture,Tables,4193.28,6,0,419.33
GB-2024-10874,1/6/2024,1/8/2024,First Class,Consumer,North America,United States,East,New York,New York,Office Supplies,Paper,59.54,5,0.1,20.24
GB-2026-10875,4/11/2026,4/16/2026,Standard Class,Home Office,North America,United States,West,California,Los Angeles,Furniture,Bookcases,782.18,3,0.2,54.75
GB-2025-10876,2/27/2025,3/2/2025,Second Class,Home Office,North America,United States,West,Washington,Seattle,Office Supplies,Art,69.92,8,0,20.98
GB-2024-10877,10/30/2024,11/2/2024,Second Class,Corporate,Oceania,Australia,East,New South Wales,Sydney,Furniture,Furnishings,26.21,1,0.1,4.98
GB-2025-10878,4/24/2025,4/26/2025,First Class,Consumer,Europe,Germany,North,Berlin,Berlin,Office Supplies,Envelopes,53.16,3,0,18.61
GB-2024-10879,5/13/2024,5/18/2024,Standard Class,Corporate,Europe,Germany,North,Berlin,Berlin,Furniture,Chairs,1246.19,5,0.1,112.16
GB-2025-10880,8/14/2025,8/17/2025,Second Class,Consumer,Europe,United Kingdom,South,England,London,Furniture,Furnishings,102.03,3,0,25.51
GB-2025-10881,6/27/2025,7/2/2025,Standard Class,Corporate,North America,United States,West,Washington,Seattle,Furniture,Tables,3683.4,7,0,368.34
GB-2024-10882,2/24/2024,2/29/2024,Standard Class,Corporate,North America,Canada,West,British Columbia,Vancouver,Office Supplies,Binders,73.36,7,0,33.01
GB-2025-10883,9/14/2025,9/19/2025,Standard Class,Corporate,North America,United States,East,New York,New York,Furniture,Chairs,418.52,1,0,62.78
GB-2024-10884,9/1/2024,9/6/2024,Standard Class,Consumer,North America,Canada,West,British Columbia,Vancouver,Furniture,Tables,2611.7,5,0,261.17
GB-2024-10885,7/27/2024,8/1/2024,Standard Class,Corporate,Asia,Japan,Kanto,Tokyo,Tokyo,Furniture,Furnishings,390.29,5,0.1,74.16
GB-2024-10886,6/23/2024,6/28/2024,Standard Class,Consumer,North America,Canada,West,British Columbia,Vancouver,Furniture,Furnishings,280.42,7,0,70.11
GB-2024-10887,9/27/2024,9/29/2024,First Class,Consumer,Asia,India,South,Tamil Nadu,Chennai,Technology,Phones,7188.56,8,0,1437.71
GB-2024-10888,2/16/2024,2/18/2024,First Class,Home Office,Asia,Japan,Kanto,Tokyo,Tokyo,Furniture,Chairs,434.48,2,0.1,39.1
GB-2025-10889,4/8/2025,4/13/2025,Standard Class,Corporate,Africa,South Africa,Western Cape,Western Cape,Cape Town,Office Supplies,Envelopes,17.42,1,0,6.1
GB-2024-10890,12/7/2024,12/9/2024,First Class,Home Office,South America,Brazil,Southeast,Rio de Janeiro,Rio de Janeiro,Technology,Phones,2358.98,3,0.2,188.72
GB-2025-10891,11/6/2025,11/6/2025,Same Day,Corporate,Europe,United Kingdom,North,Scotland,Edinburgh,Furniture,Chairs,1704.76,4,0,255.71
GB-2024-10892,4/20/2024,4/20/2024,Same Day,Home Office,Asia,Japan,Kanto,Tokyo,Tokyo,Technology,Accessories,424.98,6,0,169.99
GB-2024-10893,10/9/2024,10/14/2024,Standard Class,Consumer,Oceania,Australia,East,New South Wales,Sydney,Office Supplies,Art,31.55,5,0,9.46
GB-2025-10894,12/2/2025,12/7/2025,Standard Class,Home Office,North America,Canada,East,Ontario,Toronto,Office Supplies,Art,41.6,2,0,12.48
GB-2024-10895,2/11/2024,2/16/2024,Standard Class,Home Office,North America,Canada,West,British Columbia,Vancouver,Office Supplies,Art,5.05,1,0,1.51
GB-2024-10896,10/17/2024,10/20/2024,Second Class,Home Office,Asia,India,North,Delhi,New Delhi,Furniture,Tables,4003.09,7,0,400.31
GB-2024-10897,8/12/2024,8/17/2024,Standard Class,Corporate,North America,Canada,West,British Columbia,Vancouver,Furniture,Bookcases,1395.55,5,0,69.78
GB-2025-10898,3/22/2025,3/25/2025,Second Class,Corporate,Asia,India,West,Maharashtra,Mumbai,Furniture,Furnishings,251.64,9,0,62.91
GB-2024-10899,10/31/2024,11/5/2024,Standard Class,Home Office,Europe,United Kingdom,North,Scotland,Edinburgh,Furniture,Tables,4437.45,9,0,443.75
GB-2025-10900,12/2/2025,12/5/2025,Second Class,Corporate,Europe,Germany,South,Bavaria,Munich,Office Supplies,Paper,45.85,9,0.1,15.59
GB-2024-10901,3/31/2024,4/3/2024,Second Class,Home Office,South America,Brazil,South,Paraná,Curitiba,Technology,Accessories,118.19,1,0,47.28
GB-2025-10902,2/16/2025,2/19/2025,Second Class,Corporate,Asia,Japan,Kanto,Tokyo,Tokyo,Furniture,Bookcases,400.1,2,0,20.01
GB-2024-10903,10/24/2024,10/29/2024,Standard Class,Home Office,Europe,United Kingdom,South,England,London,Technology,Copiers,6494.66,9,0.1,1883.45
GB-2025-10904,5/22/2025,5/27/2025,Standard Class,Home Office,Asia,India,South,Tamil Nadu,Chennai,Technology,Phones,5591.44,8,0,1118.29
GB-2024-10905,3/9/2024,3/14/2024,Standard Class,Home Office,South America,Brazil,Southeast,São Paulo,São Paulo,Furniture,Furnishings,84.95,1,0,21.24
GB-2024-10906,2/26/2024,2/28/2024,First Class,Corporate,Europe,United Kingdom,South,England,London,Technology,Machines,1576.06,2,0.1,378.25
GB-2024-10907,7/8/2024,7/13/2024,Standard Class,Home Office,Asia,India,West,Maharashtra,Mumbai,Office Supplies,Art,45.05,5,0.5,0
GB-2025-10908,5/19/2025,5/24/2025,Standard Class,Corporate,Europe,United Kingdom,North,Scotland,Edinburgh,Office Supplies,Binders,15.6,1,0,7.02
GB-2025-10909,2/2/2025,2/7/2025,Standard Class,Corporate,North America,Canada,East,Ontario,Toronto,Furniture,Furnishings,139.68,8,0.5,6.98
GB-2025-10910,1/1/2025,1/6/2025,Standard Class,Home Office,North America,Canada,East,Ontario,Toronto,Technology,Copiers,9109.86,6,0,3188.45
GB-2025-10911,4/15/2025,4/18/2025,Second Class,Consumer,North America,Canada,West,British Columbia,Vancouver,Technology,Machines,9190.5,7,0.1,2205.72
GB-2024-10912,7/3/2024,7/8/2024,Standard Class,Home Office,Asia,Japan,Kanto,Tokyo,Tokyo,Technology,Accessories,201.46,7,0,80.58
GB-2026-10913,1/20/2026,1/25/2026,Standard Class,Consumer,Asia,Japan,Kansai,Osaka,Osaka,Furniture,Tables,1489.78,2,0,148.98
GB-2025-10914,1/28/2025,1/31/2025,Second Class,Corporate,South America,Brazil,South,Paraná,Curitiba,Furniture,Chairs,2728.87,8,0.1,245.6
GB-2024-10915,1/31/2024,2/2/2024,First Class,Corporate,North America,Canada,West,British Columbia,Vancouver,Technology,Copiers,3813.96,4,0,1334.89
GB-2024-10916,10/19/2024,10/24/2024,Standard Class,Home Office,North America,United States,East,New York,New York,Technology,Phones,906.36,4,0,181.27
GB-2024-10917,1/6/2024,1/11/2024,Standard Class,Corporate,Oceania,Australia,West,Western Australia,Perth,Technology,Machines,5262.56,4,0,947.26
GB-2025-10918,4/30/2025,5/5/2025,Standard Class,Corporate,Asia,India,North,Delhi,New Delhi,Office Supplies,Envelopes,27.08,2,0,9.48
GB-2025-10919,6/13/2025,6/18/2025,Standard Class,Consumer,Europe,United Kingdom,North,Scotland,Edinburgh,Furniture,Bookcases,1085.65,5,0,54.28
GB-2024-10920,6/10/2024,6/10/2024,Same Day,Consumer,Oceania,Australia,West,Western Australia,Perth,Technology,Phones,6822.09,9,0,1364.42
GB-2025-10921,4/27/2025,4/29/2025,First Class,Corporate,Asia,India,South,Tamil Nadu,Chennai,Office Supplies,Binders,267.78,6,0,120.5
GB-2024-10922,7/28/2024,8/2/2024,Standard Class,Home Office,Europe,United Kingdom,South,England,London,Furniture,Chairs,1332.96,6,0.5,199.94
GB-2025-10923,9/4/2025,9/7/2025,Second Class,Consumer,South America,Brazil,Southeast,Rio de Janeiro,Rio de Janeiro,Technology,Phones,456.96,2,0,91.39
GB-2025-10924,10/27/2025,11/1/2025,Standard Class,Corporate,Europe,United Kingdom,South,England,London,Furniture,Tables,5260.32,9,0,526.03
GB-2025-10925,12/1/2025,12/4/2025,Second Class,Home Office,Europe,Germany,South,Bavaria,Munich,Office Supplies,Envelopes,63.63,9,0,22.27
GB-2025-10926,9/22/2025,9/22/2025,Same Day,Corporate,Europe,Germany,South,Bavaria,Munich,Furniture,Tables,1147.48,2,0,114.75
GB-2026-10927,2/4/2026,2/7/2026,Second Class,Home Office,Oceania,Australia,East,New South Wales,Sydney,Furniture,Chairs,844.71,3,0,126.71
GB-2024-10928,11/17/2024,11/22/2024,Standard Class,Home Office,South America,Brazil,Southeast,Rio de Janeiro,Rio de Janeiro,Office Supplies,Paper,6.91,2,0.5,0.69
GB-2024-10929,7/29/2024,8/3/2024,Standard Class,Home Office,Asia,India,East,West Bengal,Kolkata,Office Supplies,Art,60.24,4,0,18.07
GB-2025-10930,12/15/2025,12/20/2025,Standard Class,Consumer,North America,Canada,West,British Columbia,Vancouver,Furniture,Tables,2138.34,3,0,213.83
GB-2024-10931,11/8/2024,11/11/2024,Second Class,Consumer,North America,United States,East,New York,New York,Technology,Machines,11586.8,8,0,2085.62
GB-2024-10932,2/4/2024,2/9/2024,Standard Class,Home Office,Europe,United Kingdom,South,England,London,Technology,Machines,3365.84,8,0,605.85
GB-2025-10933,3/30/2025,4/4/2025,Standard Class,Consumer,Europe,Germany,North,Berlin,Berlin,Furniture,Bookcases,335.72,1,0.1,3.36
GB-2024-10934,12/10/2024,12/12/2024,First Class,Corporate,Asia,India,North,Delhi,New Delhi,Technology,Machines,4413.05,7,0.5,2118.26
GB-2026-10935,2/9/2026,2/14/2026,Standard Class,Consumer,Oceania,Australia,West,Western Australia,Perth,Technology,Accessories,434.52,3,0,173.81
GB-2024-10936,8/31/2024,9/5/2024,Standard Class,Consumer,North America,Canada,East,Ontario,Toronto,Technology,Accessories,565.44,6,0,226.18
GB-2024-10937,10/7/2024,10/12/2024,Standard Class,Home Office,North America,United States,East,Pennsylvania,Philadelphia,Technology,Accessories,650.95,5,0,260.38
GB-2024-10938,1/18/2024,1/23/2024,Standard Class,Corporate,North America,Canada,West,British Columbia,Vancouver,Office Supplies,Paper,21.44,2,0.1,7.29
GB-2024-10939,11/17/2024,11/17/2024,Same Day,Corporate,North America,Canada,West,British Columbia,Vancouver,Furniture,Tables,893.16,3,0.1,142.91
GB-2024-10940,2/20/2024,2/25/2024,Standard Class,Home Office,North America,Canada,West,British Columbia,Vancouver,Technology,Copiers,966.2,1,0.5,48.31
GB-2024-10941,9/20/2024,9/25/2024,Standard Class,Corporate,Oceania,Australia,East,New South Wales,Sydney,Furniture,Chairs,2548.26,9,0,382.24
GB-2024-10942,8/30/2024,9/4/2024,Standard Class,Home Office,Europe,Germany,North,Berlin,Berlin,Office Supplies,Binders,15.9,1,0.1,6.2
GB-2024-10943,12/9/2024,12/9/2024,Same Day,Home Office,Europe,Germany,North,Berlin,Berlin,Office Supplies,Paper,70.65,5,0.5,7.07
GB-2024-10944,1/27/2024,2/1/2024,Standard Class,Consumer,Asia,Japan,Kanto,Tokyo,Tokyo,Technology,Phones,757.31,3,0.5,75.73
GB-2024-10945,3/21/2024,3/21/2024,Same Day,Consumer,Oceania,Australia,East,New South Wales,Sydney,Technology,Machines,8751.33,9,0,1575.24
GB-2024-10946,7/18/2024,7/20/2024,First Class,Corporate,South America,Brazil,Southeast,Rio de Janeiro,Rio de Janeiro,Furniture,Furnishings,464.04,6,0,116.01
GB-2024-10947,9/3/2024,9/8/2024,Standard Class,Corporate,Europe,Germany,North,Berlin,Berlin,Technology,Machines,3575.44,4,0,643.58
GB-2025-10948,8/6/2025,8/8/2025,First Class,Consumer,South America,Brazil,South,Paraná,Curitiba,Technology,Accessories,322,5,0,128.8
GB-2025-10949,2/22/2025,2/27/2025,Standard Class,Consumer,Oceania,Australia,East,New South Wales,Sydney,Furniture,Tables,864.43,2,0.1,138.31
GB-2025-10950,12/29/2025,12/31/2025,First Class,Home Office,North America,United States,West,California,Los Angeles,Technology,Copiers,1256.53,2,0.2,289
GB-2025-10951,2/1/2025,2/3/2025,First Class,Corporate,North America,United States,West,California,Los Angeles,Office Supplies,Art,49.76,2,0,14.93
GB-2026-10952,1/26/2026,1/28/2026,First Class,Corporate,South America,Brazil,South,Paraná,Curitiba,Office Supplies,Binders,110.22,3,0,49.6
GB-2026-10953,4/19/2026,4/21/2026,First Class,Consumer,North America,United States,West,Washington,Seattle,Office Supplies,Art,55.51,8,0.1,13.32
GB-2024-10954,10/13/2024,10/15/2024,First Class,Consumer,North America,Canada,West,British Columbia,Vancouver,Technology,Machines,3775.4,5,0,679.57
GB-2024-10955,7/1/2024,7/1/2024,Same Day,Consumer,Asia,India,East,West Bengal,Kolkata,Technology,Accessories,130.3,2,0,52.12
GB-2024-10956,10/21/2024,10/26/2024,Standard Class,Corporate,North America,United States,West,Washington,Seattle,Technology,Phones,2932.6,4,0,586.52
GB-2024-10957,7/30/2024,8/4/2024,Standard Class,Home Office,Asia,India,North,Delhi,New Delhi,Furniture,Furnishings,43.26,1,0,10.81
GB-2025-10958,8/7/2025,8/12/2025,Standard Class,Corporate,Oceania,Australia,West,Western Australia,Perth,Technology,Phones,7288.8,8,0,1457.76
GB-2024-10959,3/29/2024,3/31/2024,First Class,Corporate,Asia,India,South,Tamil Nadu,Chennai,Technology,Copiers,2115.92,2,0,740.57
GB-2024-10960,10/9/2024,10/14/2024,Standard Class,Home Office,Oceania,Australia,West,Western Australia,Perth,Office Supplies,Paper,93.17,9,0.2,26.09
GB-2025-10961,11/7/2025,11/9/2025,First Class,Home Office,North America,United States,East,New York,New York,Technology,Machines,4562.72,4,0,821.29
GB-2024-10962,6/4/2024,6/9/2024,Standard Class,Consumer,Asia,Japan,Kanto,Tokyo,Tokyo,Technology,Phones,7174.41,9,0.1,1004.42
GB-2024-10963,1/4/2024,1/9/2024,Standard Class,Corporate,Oceania,Australia,East,New South Wales,Sydney,Office Supplies,Art,120.75,7,0,36.23
GB-2024-10964,12/23/2024,12/28/2024,Standard Class,Home Office,Africa,South Africa,Gauteng,Gauteng,Johannesburg,Technology,Machines,10211.36,8,0,1838.04
GB-2024-10965,12/31/2024,1/5/2025,Standard Class,Corporate,North America,United States,West,Washington,Seattle,Office Supplies,Art,71.64,4,0,21.49
GB-2025-10966,4/20/2025,4/20/2025,Same Day,Home Office,North America,Canada,East,Ontario,Toronto,Office Supplies,Envelopes,21.72,4,0,7.6
GB-2024-10967,8/8/2024,8/10/2024,First Class,Corporate,North America,Canada,West,British Columbia,Vancouver,Office Supplies,Envelopes,91.04,8,0,31.86
GB-2024-10968,2/25/2024,3/1/2024,Standard Class,Home Office,North America,United States,West,Washington,Seattle,Office Supplies,Binders,74.87,3,0.1,29.2
GB-2024-10969,4/22/2024,4/24/2024,First Class,Home Office,Asia,India,North,Delhi,New Delhi,Office Supplies,Paper,150.17,6,0.1,51.06
GB-2025-10970,7/20/2025,7/25/2025,Standard Class,Consumer,Oceania,Australia,East,New South Wales,Sydney,Technology,Machines,2876.84,4,0,517.83
GB-2025-10971,1/17/2025,1/22/2025,Standard Class,Consumer,Oceania,Australia,East,New South Wales,Sydney,Furniture,Chairs,2424.42,9,0,363.66
GB-2024-10972,6/9/2024,6/14/2024,Standard Class,Consumer,North America,United States,East,Pennsylvania,Philadelphia,Technology,Phones,5069.54,7,0,1013.91
GB-2026-10973,1/28/2026,1/30/2026,First Class,Consumer,North America,Canada,East,Ontario,Toronto,Technology,Copiers,2934.4,2,0.1,850.98
GB-2024-10974,7/17/2024,7/19/2024,First Class,Corporate,Asia,Japan,Kanto,Tokyo,Tokyo,Office Supplies,Envelopes,13,4,0.5,0.65
GB-2025-10975,8/13/2025,8/18/2025,Standard Class,Corporate,Europe,United Kingdom,North,Scotland,Edinburgh,Office Supplies,Art,131.76,9,0,39.53
GB-2025-10976,5/23/2025,5/26/2025,Second Class,Corporate,Asia,India,East,West Bengal,Kolkata,Technology,Phones,5718.72,7,0,1143.74
GB-2025-10977,5/3/2025,5/8/2025,Standard Class,Home Office,Europe,United Kingdom,South,England,London,Technology,Copiers,7243.04,4,0,2535.06
GB-2024-10978,9/12/2024,9/17/2024,Standard Class,Corporate,Asia,Japan,Kanto,Tokyo,Tokyo,Office Supplies,Art,73.78,7,0,22.13
GB-2024-10979,6/3/2024,6/8/2024,Standard Class,Home Office,Oceania,Australia,East,New South Wales,Sydney,Technology,Copiers,15413.13,9,0,5394.6
GB-2024-10980,11/16/2024,11/16/2024,Same Day,Consumer,Europe,Germany,North,Berlin,Berlin,Office Supplies,Paper,57.26,7,0,22.9
GB-2025-10981,6/16/2025,6/19/2025,Second Class,Consumer,North America,United States,East,Pennsylvania,Philadelphia,Office Supplies,Binders,205.66,9,0.1,80.21
GB-2025-10982,7/14/2025,7/19/2025,Standard Class,Consumer,North America,Canada,West,British Columbia,Vancouver,Technology,Accessories,559.8,6,0,223.92
GB-2024-10983,10/24/2024,10/29/2024,Standard Class,Consumer,Asia,Japan,Kansai,Osaka,Osaka,Office Supplies,Binders,251.1,6,0.1,97.93
GB-2024-10984,5/18/2024,5/23/2024,Standard Class,Home Office,Asia,India,South,Tamil Nadu,Chennai,Furniture,Tables,1147.52,8,0.5,459.01
GB-2024-10985,11/15/2024,11/18/2024,Second Class,Consumer,Asia,Japan,Kansai,Osaka,Osaka,Furniture,Furnishings,43.23,3,0.1,8.21
GB-2024-10986,8/19/2024,8/24/2024,Standard Class,Consumer,South America,Brazil,South,Paraná,Curitiba,Technology,Accessories,607.14,6,0,242.86
GB-2024-10987,9/17/2024,9/22/2024,Standard Class,Home Office,Asia,India,West,Maharashtra,Mumbai,Technology,Copiers,4248.3,5,0,1486.9
GB-2024-10988,5/9/2024,5/12/2024,Second Class,Home Office,Asia,Japan,Kansai,Osaka,Osaka,Technology,Machines,2105.68,4,0.1,505.36
GB-2024-10989,8/9/2024,8/14/2024,Standard Class,Home Office,North America,United States,West,California,Los Angeles,Office Supplies,Paper,6.74,1,0.2,1.89
GB-2025-10990,3/11/2025,3/14/2025,Second Class,Corporate,Europe,United Kingdom,South,England,London,Office Supplies,Envelopes,66.05,8,0.2,15.19
GB-2024-10991,11/20/2024,11/25/2024,Standard Class,Home Office,Asia,India,South,Tamil Nadu,Chennai,Office Supplies,Envelopes,123.44,8,0,43.2
GB-2024-10992,5/3/2024,5/8/2024,Standard Class,Corporate,Asia,India,North,Delhi,New Delhi,Office Supplies,Art,59.43,7,0,17.83
GB-2024-10993,7/14/2024,7/19/2024,Standard Class,Consumer,South America,Brazil,Southeast,Rio de Janeiro,Rio de Janeiro,Office Supplies,Binders,30.14,1,0,13.56
GB-2025-10994,1/12/2025,1/14/2025,First Class,Home Office,South America,Brazil,Southeast,Rio de Janeiro,Rio de Janeiro,Technology,Machines,2824.35,7,0.1,677.84
GB-2024-10995,9/16/2024,9/21/2024,Standard Class,Consumer,Africa,South Africa,Western Cape,Western Cape,Cape Town,Office Supplies,Binders,273.6,8,0.1,106.7
GB-2025-10996,7/12/2025,7/14/2025,First Class,Consumer,Europe,United Kingdom,South,England,London,Furniture,Furnishings,27.07,2,0.1,5.14
GB-2024-10997,3/4/2024,3/9/2024,Standard Class,Home Office,North America,United States,East,Pennsylvania,Philadelphia,Technology,Accessories,413.22,3,0,165.29
GB-2025-10998,1/10/2025,1/15/2025,Standard Class,Home Office,Europe,United Kingdom,South,England,London,Technology,Copiers,3587.8,5,0,1255.73
GB-2024-10999,10/9/2024,10/12/2024,Second Class,Home Office,Oceania,Australia,East,New South Wales,Sydney,Office Supplies,Art,22.34,2,0,6.7
GB-2025-11000,12/14/2025,12/19/2025,Standard Class,Corporate,North America,United States,East,New York,New York,Furniture,Bookcases,297.02,1,0.1,2.97
GB-2024-11001,8/10/2024,8/13/2024,Second Class,Corporate,North America,United States,West,California,Los Angeles,Technology,Copiers,3036.01,5,0.1,880.44
GB-2024-11002,7/1/2024,7/6/2024,Standard Class,Home Office,Europe,United Kingdom,South,England,London,Furniture,Tables,1963.2,5,0,196.32
GB-2024-11003,4/4/2024,4/9/2024,Standard Class,Home Office,Europe,Germany,North,Berlin,Berlin,Technology,Machines,2975.22,3,0,535.54
GB-2025-11004,12/20/2025,12/25/2025,Standard Class,Home Office,Asia,Japan,Kanto,Tokyo,Tokyo,Technology,Accessories,173.46,2,0,69.38
GB-2024-11005,8/11/2024,8/16/2024,Standard Class,Consumer,South America,Brazil,South,Paraná,Curitiba,Office Supplies,Art,85.54,6,0.1,20.53
GB-2024-11006,2/4/2024,2/9/2024,Standard Class,Consumer,Asia,India,West,Maharashtra,Mumbai,Office Supplies,Art,105.66,6,0,31.7
GB-2025-11007,1/1/2025,1/6/2025,Standard Class,Corporate,Oceania,Australia,West,Western Australia,Perth,Technology,Machines,6446.51,7,0,1160.37
GB-2026-11008,1/10/2026,1/15/2026,Standard Class,Corporate,Europe,Germany,South,Bavaria,Munich,Furniture,Chairs,1944.39,7,0,291.66
GB-2025-11009,8/14/2025,8/19/2025,Standard Class,Consumer,North America,United States,West,California,Los Angeles,Technology,Copiers,4127.68,3,0.1,1197.03
GB-2024-11010,2/25/2024,2/25/2024,Same Day,Corporate,Asia,India,South,Tamil Nadu,Chennai,Office Supplies,Binders,16.32,8,0,7.34
GB-2024-11011,6/25/2024,6/30/2024,Standard Class,Consumer,North America,United States,West,California,Los Angeles,Technology,Copiers,3740.64,3,0.2,860.35
GB-2025-11012,1/18/2025,1/23/2025,Standard Class,Consumer,Europe,Germany,South,Bavaria,Munich,Office Supplies,Envelopes,112.25,8,0.1,32.55
GB-2024-11013,4/8/2024,4/13/2024,Standard Class,Corporate,Asia,India,East,West Bengal,Kolkata,Office Supplies,Envelopes,91.07,7,0,31.87
GB-2025-11014,11/16/2025,11/19/2025,Second Class,Home Office,North America,United States,East,Pennsylvania,Philadelphia,Office Supplies,Art,172.45,9,0.1,41.39
GB-2026-11015,2/8/2026,2/13/2026,Standard Class,Consumer,Asia,India,East,West Bengal,Kolkata,Furniture,Tables,2447.35,5,0,244.74
GB-2025-11016,10/31/2025,11/5/2025,Standard Class,Consumer,North America,Canada,West,British Columbia,Vancouver,Office Supplies,Envelopes,20.12,3,0.1,5.83
GB-2024-11017,4/18/2024,4/23/2024,Standard Class,Consumer,Europe,United Kingdom,North,Scotland,Edinburgh,Furniture,Bookcases,817.2,3,0,40.86
GB-2025-11018,4/10/2025,4/15/2025,Standard Class,Home Office,Africa,South Africa,Western Cape,Western Cape,Cape Town,Office Supplies,Envelopes,80.65,5,0,28.23
GB-2026-11019,4/6/2026,4/8/2026,First Class,Corporate,Oceania,Australia,West,Western Australia,Perth,Furniture,Tables,3797.08,7,0,379.71
GB-2025-11020,11/21/2025,11/26/2025,Standard Class,Consumer,Europe,Germany,North,Berlin,Berlin,Office Supplies,Paper,96.32,8,0,38.53
GB-2025-11021,5/16/2025,5/21/2025,Standard Class,Consumer,South America,Brazil,South,Paraná,Curitiba,Office Supplies,Art,15.4,1,0,4.62
GB-2024-11022,12/31/2024,1/5/2025,Standard Class,Corporate,Europe,United Kingdom,South,England,London,Technology,Phones,7118.46,9,0,1423.69
GB-2024-11023,3/27/2024,4/1/2024,Standard Class,Consumer,Asia,Japan,Kansai,Osaka,Osaka,Office Supplies,Envelopes,37.56,4,0.5,1.88
GB-2026-11024,1/20/2026,1/22/2026,First Class,Home Office,Europe,United Kingdom,North,Scotland,Edinburgh,Furniture,Tables,460.05,2,0.5,184.02
GB-2024-11025,3/21/2024,3/26/2024,Standard Class,Home Office,Asia,Japan,Kansai,Osaka,Osaka,Furniture,Bookcases,702.12,2,0,35.11
GB-2024-11026,4/29/2024,5/2/2024,Second Class,Home Office,North America,Canada,East,Ontario,Toronto,Office Supplies,Envelopes,65.64,4,0,22.97
GB-2026-11027,2/3/2026,2/6/2026,Second Class,Consumer,North America,United States,West,California,Los Angeles,Technology,Accessories,103.3,5,0,41.32
GB-2026-11028,3/11/2026,3/16/2026,Standard Class,Consumer,North America,Canada,West,British Columbia,Vancouver,Furniture,Tables,639.95,1,0,64
GB-2025-11029,9/18/2025,9/23/2025,Standard Class,Home Office,Asia,Japan,Kansai,Osaka,Osaka,Technology,Machines,11382.88,8,0,2048.92
GB-2024-11030,12/14/2024,12/19/2024,Standard Class,Corporate,North America,Canada,East,Ontario,Toronto,Technology,Machines,3794.53,5,0.1,910.69
GB-2025-11031,8/8/2025,8/8/2025,Same Day,Home Office,Europe,Germany,North,Berlin,Berlin,Technology,Accessories,289.7,5,0,115.88
GB-2025-11032,11/21/2025,11/26/2025,Standard Class,Consumer,Asia,India,South,Tamil Nadu,Chennai,Office Supplies,Paper,94.55,5,0,37.82
GB-2024-11033,8/28/2024,9/2/2024,Standard Class,Home Office,North America,United States,East,Pennsylvania,Philadelphia,Furniture,Tables,1127.82,2,0,112.78
GB-2024-11034,6/11/2024,6/14/2024,Second Class,Home Office,Africa,South Africa,Western Cape,Western Cape,Cape Town,Office Supplies,Art,108.97,6,0.1,26.15
GB-2025-11035,11/11/2025,11/13/2025,First Class,Home Office,Asia,Japan,Kansai,Osaka,Osaka,Office Supplies,Envelopes,37.16,8,0.5,1.86
GB-2024-11036,6/9/2024,6/11/2024,First Class,Consumer,Europe,United Kingdom,North,Scotland,Edinburgh,Technology,Copiers,2046.04,2,0.1,593.35
GB-2025-11037,3/4/2025,3/9/2025,Standard Class,Home Office,North America,United States,East,New York,New York,Technology,Machines,757.52,1,0,136.35
GB-2025-11038,8/5/2025,8/8/2025,Second Class,Home Office,North America,Canada,East,Ontario,Toronto,Technology,Copiers,3350.38,3,0.1,971.61
GB-2024-11039,9/2/2024,9/7/2024,Standard Class,Home Office,South America,Brazil,Southeast,Rio de Janeiro,Rio de Janeiro,Furniture,Chairs,1293.12,4,0,193.97
GB-2025-11040,12/1/2025,12/4/2025,Second Class,Consumer,Asia,Japan,Kanto,Tokyo,Tokyo,Furniture,Tables,5177.04,8,0,517.7
GB-2026-11041,2/5/2026,2/10/2026,Standard Class,Home Office,Europe,Germany,South,Bavaria,Munich,Office Supplies,Art,52.97,9,0.1,12.71
GB-2025-11042,10/24/2025,10/24/2025,Same Day,Home Office,North America,Canada,East,Ontario,Toronto,Office Supplies,Paper,44.97,6,0.5,4.5
GB-2025-11043,10/6/2025,10/9/2025,Second Class,Corporate,Asia,India,West,Maharashtra,Mumbai,Technology,Phones,1331.56,3,0.1,186.42
GB-2024-11044,5/25/2024,5/27/2024,First Class,Corporate,North America,United States,West,California,Los Angeles,Office Supplies,Envelopes,65.4,4,0,22.89
GB-2025-11045,12/6/2025,12/11/2025,Standard Class,Corporate,Asia,Japan,Kanto,Tokyo,Tokyo,Furniture,Bookcases,166.31,1,0,8.32
GB-2025-11046,1/6/2025,1/9/2025,Second Class,Corporate,South America,Brazil,South,Paraná,Curitiba,Technology,Machines,2279.56,5,0.2,683.87
GB-2024-11047,5/11/2024,5/16/2024,Standard Class,Corporate,South America,Brazil,Southeast,São Paulo,São Paulo,Furniture,Bookcases,825.81,3,0,41.29
GB-2026-11048,1/8/2026,1/13/2026,Standard Class,Home Office,Europe,United Kingdom,North,Scotland,Edinburgh,Technology,Accessories,494.42,9,0.2,138.44
GB-2025-11049,5/11/2025,5/14/2025,Second Class,Home Office,Europe,Germany,South,Bavaria,Munich,Technology,Phones,2279.16,6,0,455.83
GB-2024-11050,6/2/2024,6/7/2024,Standard Class,Home Office,Asia,India,South,Tamil Nadu,Chennai,Office Supplies,Paper,222.34,9,0.1,75.6
GB-2025-11051,1/7/2025,1/10/2025,Second Class,Corporate,Asia,Japan,Kanto,Tokyo,Tokyo,Technology,Phones,557.31,1,0,111.46
GB-2024-11052,9/7/2024,9/12/2024,Standard Class,Home Office,North America,United States,East,Pennsylvania,Philadelphia,Furniture,Chairs,1577.95,5,0,236.69
GB-2024-11053,7/13/2024,7/16/2024,Second Class,Consumer,South America,Brazil,South,Paraná,Curitiba,Furniture,Tables,2288.48,4,0,228.85
GB-2025-11054,4/20/2025,4/25/2025,Standard Class,Consumer,Europe,United Kingdom,South,England,London,Furniture,Furnishings,105.68,2,0,26.42
GB-2025-11055,8/26/2025,8/31/2025,Standard Class,Corporate,North America,United States,West,California,Los Angeles,Technology,Machines,3772.19,4,0.1,905.33
GB-2026-11056,2/12/2026,2/17/2026,Standard Class,Consumer,North America,Canada,West,British Columbia,Vancouver,Technology,Copiers,7861.26,6,0,2751.44
GB-2025-11057,10/22/2025,10/27/2025,Standard Class,Home Office,North America,Canada,West,British Columbia,Vancouver,Furniture,Tables,1622.91,8,0.2,357.04
GB-2025-11058,6/5/2025,6/10/2025,Standard Class,Consumer,North America,Canada,West,British Columbia,Vancouver,Office Supplies,Art,191.43,9,0,57.43
GB-2024-11059,4/21/2024,4/24/2024,Second Class,Consumer,Europe,Germany,South,Bavaria,Munich,Furniture,Bookcases,1085.2,4,0,54.26
GB-2024-11060,6/9/2024,6/14/2024,Standard Class,Corporate,Asia,India,West,Maharashtra,Mumbai,Technology,Machines,8804.11,7,0,1584.74
GB-2024-11061,9/26/2024,10/1/2024,Standard Class,Corporate,Europe,Germany,South,Bavaria,Munich,Technology,Accessories,480.32,8,0,192.13
GB-2026-11062,2/19/2026,2/24/2026,Standard Class,Corporate,North America,Canada,West,British Columbia,Vancouver,Office Supplies,Art,21.19,1,0,6.36
GB-2025-11063,11/8/2025,11/11/2025,Second Class,Corporate,Asia,India,South,Tamil Nadu,Chennai,Office Supplies,Art,141.84,9,0,42.55
GB-2024-11064,8/8/2024,8/11/2024,Second Class,Corporate,South America,Brazil,Southeast,São Paulo,São Paulo,Furniture,Bookcases,3059.6,8,0,152.98
GB-2024-11065,2/17/2024,2/20/2024,Second Class,Corporate,Asia,Japan,Kanto,Tokyo,Tokyo,Technology,Machines,460.42,1,0.1,110.5
GB-2024-11066,10/9/2024,10/14/2024,Standard Class,Corporate,South America,Brazil,South,Paraná,Curitiba,Technology,Phones,5301.4,6,0.1,742.2
GB-2026-11067,4/24/2026,4/29/2026,Standard Class,Consumer,Oceania,Australia,East,New South Wales,Sydney,Furniture,Bookcases,2959.56,9,0,147.98
GB-2025-11068,6/27/2025,6/29/2025,First Class,Home Office,North America,United States,West,Washington,Seattle,Office Supplies,Binders,52.26,3,0,23.52
GB-2025-11069,1/5/2025,1/10/2025,Standard Class,Home Office,Africa,South Africa,Western Cape,Western Cape,Cape Town,Furniture,Chairs,1557.92,7,0.2,46.74
GB-2026-11070,3/28/2026,4/2/2026,Standard Class,Home Office,North America,Canada,East,Ontario,Toronto,Furniture,Bookcases,2228.4,9,0,111.42
GB-2025-11071,10/11/2025,10/16/2025,Standard Class,Consumer,Oceania,Australia,East,New South Wales,Sydney,Technology,Machines,4417.56,4,0.1,1060.21
GB-2025-11072,3/17/2025,3/19/2025,First Class,Corporate,Europe,United Kingdom,North,Scotland,Edinburgh,Furniture,Bookcases,1859.83,8,0.1,18.6
GB-2026-11073,4/19/2026,4/21/2026,First Class,Consumer,Europe,Germany,North,Berlin,Berlin,Furniture,Chairs,986.88,4,0,148.03
GB-2024-11074,8/16/2024,8/21/2024,Standard Class,Corporate,Oceania,Australia,West,Western Australia,Perth,Furniture,Tables,1678.64,4,0,167.86
GB-2025-11075,6/30/2025,7/3/2025,Second Class,Consumer,Asia,Japan,Kanto,Tokyo,Tokyo,Office Supplies,Binders,46.72,4,0,21.02
GB-2024-11076,10/4/2024,10/9/2024,Standard Class,Consumer,Asia,India,West,Maharashtra,Mumbai,Furniture,Furnishings,44.96,1,0.1,8.54
GB-2026-11077,1/27/2026,2/1/2026,Standard Class,Consumer,Europe,Germany,North,Berlin,Berlin,Office Supplies,Paper,58.46,2,0,23.38
GB-2025-11078,8/15/2025,8/18/2025,Second Class,Consumer,North America,United States,East,Pennsylvania,Philadelphia,Technology,Accessories,443.82,6,0,177.53
GB-2024-11079,4/2/2024,4/5/2024,Second Class,Corporate,Europe,United Kingdom,North,Scotland,Edinburgh,Furniture,Furnishings,257.77,7,0.2,33.51
GB-2024-11080,12/29/2024,1/3/2025,Standard Class,Corporate,Asia,Japan,Kansai,Osaka,Osaka,Technology,Phones,6305.25,7,0,1261.05
GB-2024-11081,10/8/2024,10/11/2024,Second Class,Corporate,North America,United States,East,New York,New York,Furniture,Tables,1707.18,3,0.1,273.15
GB-2024-11082,3/3/2024,3/8/2024,Standard Class,Consumer,South America,Brazil,South,Paraná,Curitiba,Furniture,Furnishings,77.16,3,0,19.29
GB-2024-11083,6/4/2024,6/7/2024,Second Class,Home Office,North America,United States,East,New York,New York,Office Supplies,Binders,106.9,5,0,48.11
GB-2024-11084,9/28/2024,10/1/2024,Second Class,Consumer,Asia,Japan,Kanto,Tokyo,Tokyo,Furniture,Tables,1928.99,7,0,192.9
GB-2025-11085,9/4/2025,9/7/2025,Second Class,Consumer,North America,United States,West,California,Los Angeles,Furniture,Furnishings,40.24,2,0,10.06
GB-2025-11086,3/1/2025,3/3/2025,First Class,Home Office,Europe,United Kingdom,North,Scotland,Edinburgh,Office Supplies,Art,32.34,3,0,9.7
GB-2025-11087,9/20/2025,9/23/2025,Second Class,Consumer,Europe,United Kingdom,South,England,London,Technology,Copiers,2747.31,3,0,961.56
GB-2024-11088,4/7/2024,4/10/2024,Second Class,Corporate,South America,Brazil,Southeast,São Paulo,São Paulo,Office Supplies,Binders,44.42,5,0.5,6.66
GB-2025-11089,11/15/2025,11/20/2025,Standard Class,Home Office,Oceania,Australia,East,New South Wales,Sydney,Office Supplies,Art,24.26,3,0.5,0
GB-2024-11090,2/5/2024,2/8/2024,Second Class,Corporate,Asia,India,West,Maharashtra,Mumbai,Furniture,Chairs,794.28,4,0,119.14
GB-2025-11091,8/8/2025,8/13/2025,Standard Class,Corporate,North America,Canada,West,British Columbia,Vancouver,Office Supplies,Art,107.24,9,0.1,25.74
GB-2025-11092,11/2/2025,11/5/2025,Second Class,Corporate,Europe,United Kingdom,North,Scotland,Edinburgh,Office Supplies,Envelopes,30.04,2,0,10.51
GB-2025-11093,6/15/2025,6/20/2025,Standard Class,Corporate,Europe,United Kingdom,South,England,London,Furniture,Furnishings,37.48,2,0.1,7.12
GB-2024-11094,5/9/2024,5/11/2024,First Class,Corporate,Europe,United Kingdom,South,England,London,Technology,Copiers,5328.06,3,0,1864.82
GB-2024-11095,1/18/2024,1/23/2024,Standard Class,Home Office,Europe,United Kingdom,South,England,London,Technology,Copiers,7501.05,9,0,2625.37
GB-2025-11096,11/27/2025,12/2/2025,Standard Class,Home Office,South America,Brazil,Southeast,Rio de Janeiro,Rio de Janeiro,Furniture,Bookcases,193.86,1,0.5,48.47
GB-2024-11097,10/30/2024,11/4/2024,Standard Class,Home Office,Africa,South Africa,Western Cape,Western Cape,Cape Town,Furniture,Bookcases,110.21,1,0.1,1.1
GB-2025-11098,11/15/2025,11/20/2025,Standard Class,Home Office,Asia,India,North,Delhi,New Delhi,Furniture,Tables,5056.85,8,0.1,809.1
GB-2026-11099,4/6/2026,4/6/2026,Same Day,Consumer,Europe,United Kingdom,North,Scotland,Edinburgh,Technology,Copiers,7072.24,4,0,2475.28
GB-2024-11100,10/9/2024,10/14/2024,Standard Class,Corporate,North America,United States,East,Pennsylvania,Philadelphia,Furniture,Bookcases,619.38,6,0,30.97
GB-2024-11101,11/14/2024,11/19/2024,Standard Class,Home Office,Oceania,Australia,West,Western Australia,Perth,Furniture,Furnishings,24.51,3,0.5,1.23
GB-2026-11102,1/7/2026,1/12/2026,Standard Class,Corporate,South America,Brazil,South,Paraná,Curitiba,Furniture,Furnishings,350.84,7,0.2,45.61
GB-2025-11103,12/9/2025,12/11/2025,First Class,Corporate,Asia,India,North,Delhi,New Delhi,Technology,Accessories,478.87,4,0.1,162.82
GB-2025-11104,12/19/2025,12/19/2025,Same Day,Corporate,North America,United States,West,Washington,Seattle,Office Supplies,Art,126.07,7,0,37.82
GB-2024-11105,12/31/2024,1/5/2025,Standard Class,Consumer,Asia,Japan,Kanto,Tokyo,Tokyo,Furniture,Furnishings,87.12,5,0.1,16.55
GB-2025-11106,12/26/2025,12/31/2025,Standard Class,Home Office,Asia,Japan,Kansai,Osaka,Osaka,Technology,Phones,1321,2,0,264.2
GB-2026-11107,2/21/2026,2/26/2026,Standard Class,Home Office,Asia,Japan,Kansai,Osaka,Osaka,Office Supplies,Envelopes,108.8,8,0,38.08
GB-2025-11108,2/12/2025,2/14/2025,First Class,Home Office,Asia,Japan,Kanto,Tokyo,Tokyo,Technology,Copiers,1482.73,1,0,518.96
GB-2024-11109,10/26/2024,10/28/2024,First Class,Consumer,Asia,Japan,Kansai,Osaka,Osaka,Office Supplies,Binders,117.05,5,0,52.67
GB-2025-11110,4/14/2025,4/17/2025,Second Class,Home Office,North America,United States,East,Pennsylvania,Philadelphia,Technology,Machines,7554.42,6,0,1359.8
GB-2025-11111,5/26/2025,5/28/2025,First Class,Corporate,Europe,United Kingdom,North,Scotland,Edinburgh,Furniture,Chairs,1707.16,7,0,256.07
GB-2024-11112,7/9/2024,7/12/2024,Second Class,Consumer,North America,Canada,West,British Columbia,Vancouver,Office Supplies,Art,72.45,3,0,21.73
GB-2024-11113,4/24/2024,4/29/2024,Standard Class,Corporate,South America,Brazil,Southeast,Rio de Janeiro,Rio de Janeiro,Technology,Phones,988.88,4,0.1,138.44
GB-2025-11114,11/10/2025,11/15/2025,Standard Class,Corporate,North America,Canada,West,British Columbia,Vancouver,Furniture,Furnishings,154.89,2,0.1,29.43
GB-2026-11115,3/28/2026,4/2/2026,Standard Class,Home Office,Africa,South Africa,Gauteng,Gauteng,Johannesburg,Furniture,Tables,1508.67,9,0.5,603.47
GB-2024-11116,1/27/2024,2/1/2024,Standard Class,Home Office,Africa,South Africa,Gauteng,Gauteng,Johannesburg,Technology,Copiers,1852.17,3,0,648.26
GB-2024-11117,1/22/2024,1/24/2024,First Class,Corporate,Asia,Japan,Kanto,Tokyo,Tokyo,Furniture,Furnishings,486.42,7,0.1,92.42
GB-2025-11118,1/7/2025,1/9/2025,First Class,Corporate,Europe,Germany,North,Berlin,Berlin,Technology,Accessories,289.1,2,0,115.64
GB-2026-11119,4/27/2026,4/27/2026,Same Day,Consumer,Asia,India,North,Delhi,New Delhi,Technology,Accessories,224.89,2,0.1,76.46
GB-2026-11120,1/7/2026,1/12/2026,Standard Class,Home Office,Asia,India,East,West Bengal,Kolkata,Technology,Phones,5560.32,8,0,1112.06
GB-2025-11121,3/22/2025,3/27/2025,Standard Class,Consumer,North America,Canada,East,Ontario,Toronto,Office Supplies,Binders,69.48,2,0,31.27
GB-2026-11122,1/6/2026,1/11/2026,Standard Class,Corporate,South America,Brazil,South,Paraná,Curitiba,Technology,Copiers,6309.03,7,0,2208.16
GB-2025-11123,7/5/2025,7/8/2025,Second Class,Corporate,Europe,Germany,North,Berlin,Berlin,Furniture,Chairs,1761.64,6,0.1,158.55
GB-2024-11124,3/13/2024,3/16/2024,Second Class,Home Office,Europe,United Kingdom,South,England,London,Technology,Copiers,961.92,3,0.5,48.1
GB-2026-11125,1/16/2026,1/21/2026,Standard Class,Consumer,North America,Canada,West,British Columbia,Vancouver,Office Supplies,Envelopes,53.13,3,0,18.6
GB-2024-11126,11/14/2024,11/19/2024,Standard Class,Home Office,Europe,Germany,South,Bavaria,Munich,Furniture,Bookcases,1121.26,7,0,56.06
GB-2025-11127,10/24/2025,10/27/2025,Second Class,Corporate,Europe,United Kingdom,North,Scotland,Edinburgh,Technology,Phones,2225.88,9,0,445.18
GB-2024-11128,6/21/2024,6/26/2024,Standard Class,Home Office,North America,Canada,West,British Columbia,Vancouver,Furniture,Bookcases,773.42,2,0,38.67
GB-2025-11129,9/27/2025,10/2/2025,Standard Class,Home Office,North America,Canada,East,Ontario,Toronto,Technology,Accessories,366.9,3,0.1,124.75
GB-2026-11130,3/1/2026,3/6/2026,Standard Class,Consumer,Asia,Japan,Kanto,Tokyo,Tokyo,Technology,Phones,4740.15,5,0,948.03
GB-2025-11131,11/30/2025,12/5/2025,Standard Class,Home Office,North America,United States,West,California,Los Angeles,Technology,Copiers,5738.85,6,0.5,286.94
GB-2025-11132,7/15/2025,7/17/2025,First Class,Corporate,South America,Brazil,South,Paraná,Curitiba,Office Supplies,Binders,192.4,4,0,86.58
GB-2026-11133,3/24/2026,3/29/2026,Standard Class,Corporate,North America,Canada,East,Ontario,Toronto,Technology,Accessories,754.84,9,0.1,256.65
GB-2025-11134,6/18/2025,6/23/2025,Standard Class,Home Office,Asia,Japan,Kansai,Osaka,Osaka,Office Supplies,Binders,236.6,5,0,106.47
GB-2025-11135,3/21/2025,3/26/2025,Standard Class,Corporate,North America,United States,West,Washington,Seattle,Technology,Machines,4263.21,5,0.1,1023.17
GB-2024-11136,10/21/2024,10/24/2024,Second Class,Home Office,North America,United States,East,New York,New York,Office Supplies,Binders,224.88,6,0,101.2
GB-2024-11137,2/18/2024,2/18/2024,Same Day,Corporate,North America,United States,West,California,Los Angeles,Technology,Accessories,138.39,1,0,55.36
GB-2024-11138,7/9/2024,7/11/2024,First Class,Home Office,Europe,United Kingdom,North,Scotland,Edinburgh,Technology,Phones,937.67,1,0,187.53
GB-2025-11139,12/6/2025,12/11/2025,Standard Class,Corporate,North America,United States,West,California,Los Angeles,Office Supplies,Binders,276.24,6,0,124.31
GB-2024-11140,6/8/2024,6/13/2024,Standard Class,Consumer,Asia,Japan,Kansai,Osaka,Osaka,Furniture,Bookcases,2149.56,7,0,107.48
GB-2025-11141,2/27/2025,3/4/2025,Standard Class,Consumer,Asia,Japan,Kansai,Osaka,Osaka,Technology,Machines,1165.6,1,0,209.81
GB-2025-11142,11/9/2025,11/12/2025,Second Class,Consumer,Asia,India,West,Maharashtra,Mumbai,Furniture,Tables,1935.27,9,0.5,774.11
GB-2024-11143,9/19/2024,9/19/2024,Same Day,Home Office,South America,Brazil,South,Paraná,Curitiba,Office Supplies,Art,39.96,2,0,11.99
GB-2024-11144,7/25/2024,7/25/2024,Same Day,Home Office,Asia,India,West,Maharashtra,Mumbai,Office Supplies,Envelopes,13.34,2,0,4.67
GB-2025-11145,2/1/2025,2/6/2025,Standard Class,Home Office,Asia,India,East,West Bengal,Kolkata,Office Supplies,Binders,245.28,8,0,110.38
GB-2025-11146,5/30/2025,6/2/2025,Second Class,Consumer,Asia,Japan,Kanto,Tokyo,Tokyo,Furniture,Bookcases,1882.75,5,0,94.14
GB-2024-11147,7/24/2024,7/26/2024,First Class,Consumer,Europe,United Kingdom,North,Scotland,Edinburgh,Furniture,Tables,1565.06,4,0.1,250.41
GB-2024-11148,1/26/2024,1/28/2024,First Class,Consumer,Asia,Japan,Kanto,Tokyo,Tokyo,Technology,Accessories,34.48,1,0,13.79
GB-2025-11149,6/14/2025,6/19/2025,Standard Class,Home Office,Asia,Japan,Kansai,Osaka,Osaka,Furniture,Chairs,607.08,4,0,91.06
GB-2024-11150,2/29/2024,3/2/2024,First Class,Home Office,North America,United States,East,New York,New York,Furniture,Furnishings,223.15,7,0.1,42.4
GB-2025-11151,4/5/2025,4/7/2025,First Class,Consumer,Asia,Japan,Kansai,Osaka,Osaka,Office Supplies,Binders,222,8,0,99.9
GB-2024-11152,5/27/2024,6/1/2024,Standard Class,Home Office,North America,Canada,West,British Columbia,Vancouver,Office Supplies,Paper,175.98,7,0,70.39
GB-2025-11153,4/15/2025,4/20/2025,Standard Class,Home Office,South America,Brazil,Southeast,Rio de Janeiro,Rio de Janeiro,Furniture,Furnishings,626.71,7,0,156.68
GB-2025-11154,4/8/2025,4/13/2025,Standard Class,Corporate,Europe,Germany,South,Bavaria,Munich,Furniture,Tables,1477.32,4,0,147.73
GB-2024-11155,7/18/2024,7/20/2024,First Class,Home Office,Asia,Japan,Kansai,Osaka,Osaka,Office Supplies,Art,49,4,0,14.7
GB-2025-11156,7/9/2025,7/12/2025,Second Class,Corporate,South America,Brazil,Southeast,São Paulo,São Paulo,Furniture,Bookcases,2972.54,9,0.1,29.73
GB-2025-11157,6/13/2025,6/18/2025,Standard Class,Corporate,North America,United States,West,California,Los Angeles,Office Supplies,Binders,165.76,7,0.2,54.7
GB-2024-11158,6/3/2024,6/8/2024,Standard Class,Corporate,North America,United States,West,Washington,Seattle,Technology,Phones,1659.14,2,0,331.83
GB-2024-11159,1/9/2024,1/11/2024,First Class,Consumer,Europe,United Kingdom,North,Scotland,Edinburgh,Furniture,Tables,1676.64,4,0,167.66
GB-2025-11160,9/30/2025,10/2/2025,First Class,Home Office,South America,Brazil,South,Paraná,Curitiba,Technology,Copiers,4098.16,5,0.2,942.58
GB-2024-11161,6/12/2024,6/14/2024,First Class,Consumer,North America,United States,West,California,Los Angeles,Technology,Machines,2897.4,5,0.5,1390.75
GB-2024-11162,4/26/2024,4/29/2024,Second Class,Consumer,South America,Brazil,Southeast,São Paulo,São Paulo,Office Supplies,Envelopes,76.55,7,0.1,22.2
GB-2025-11163,8/23/2025,8/26/2025,Second Class,Corporate,South America,Brazil,South,Paraná,Curitiba,Office Supplies,Art,118.75,6,0.2,21.38
GB-2024-11164,3/11/2024,3/16/2024,Standard Class,Home Office,Europe,Germany,North,Berlin,Berlin,Technology,Copiers,5450.17,6,0.1,1580.55
GB-2026-11165,3/16/2026,3/21/2026,Standard Class,Home Office,Africa,South Africa,Gauteng,Gauteng,Johannesburg,Furniture,Bookcases,788.05,5,0,39.4
GB-2025-11166,6/16/2025,6/18/2025,First Class,Consumer,Europe,United Kingdom,South,England,London,Technology,Accessories,391.8,5,0,156.72
GB-2024-11167,2/11/2024,2/16/2024,Standard Class,Home Office,Europe,United Kingdom,North,Scotland,Edinburgh,Furniture,Chairs,240.81,1,0,36.12
GB-2025-11168,4/26/2025,5/1/2025,Standard Class,Consumer,Asia,Japan,Kansai,Osaka,Osaka,Office Supplies,Envelopes,109.27,7,0,38.24
GB-2024-11169,12/20/2024,12/23/2024,Second Class,Home Office,North America,Canada,West,British Columbia,Vancouver,Office Supplies,Paper,127.39,6,0.2,35.67
GB-2024-11170,1/24/2024,1/26/2024,First Class,Consumer,North America,United States,West,California,Los Angeles,Furniture,Tables,1450.06,2,0,145.01
GB-2024-11171,1/14/2024,1/17/2024,Second Class,Corporate,South America,Brazil,Southeast,Rio de Janeiro,Rio de Janeiro,Technology,Accessories,199.26,2,0,79.7
GB-2024-11172,5/22/2024,5/27/2024,Standard Class,Home Office,South America,Brazil,Southeast,São Paulo,São Paulo,Furniture,Furnishings,104.11,4,0.1,19.78
GB-2025-11173,1/31/2025,2/5/2025,Standard Class,Home Office,North America,United States,West,California,Los Angeles,Office Supplies,Art,13.29,1,0,3.99
GB-2024-11174,3/22/2024,3/27/2024,Standard Class,Consumer,North America,United States,East,New York,New York,Furniture,Tables,3995.76,6,0,399.58
GB-2025-11175,2/8/2025,2/11/2025,Second Class,Home Office,North America,Canada,West,British Columbia,Vancouver,Office Supplies,Art,116.64,6,0,34.99
GB-2025-11176,11/1/2025,11/3/2025,First Class,Home Office,North America,United States,East,New York,New York,Furniture,Furnishings,547.44,6,0,136.86
GB-2026-11177,2/12/2026,2/14/2026,First Class,Consumer,Asia,Japan,Kanto,Tokyo,Tokyo,Office Supplies,Art,28.71,2,0.1,6.89
GB-2024-11178,11/22/2024,11/27/2024,Standard Class,Home Office,Asia,Japan,Kansai,Osaka,Osaka,Office Supplies,Art,224.82,9,0,67.45
GB-2025-11179,8/24/2025,8/29/2025,Standard Class,Home Office,Europe,Germany,South,Bavaria,Munich,Office Supplies,Envelopes,94.24,8,0,32.98
GB-2026-11180,2/7/2026,2/12/2026,Standard Class,Consumer,South America,Brazil,South,Paraná,Curitiba,Office Supplies,Art,10.5,1,0.2,1.89
GB-2024-11181,6/25/2024,6/30/2024,Standard Class,Consumer,North America,United States,West,Washington,Seattle,Furniture,Bookcases,955.98,6,0,47.8
GB-2024-11182,6/11/2024,6/16/2024,Standard Class,Home Office,North America,United States,West,Washington,Seattle,Office Supplies,Envelopes,33.24,3,0.1,9.64
GB-2024-11183,12/27/2024,12/27/2024,Same Day,Consumer,Africa,South Africa,Western Cape,Western Cape,Cape Town,Furniture,Furnishings,189.88,4,0,47.47
GB-2024-11184,11/11/2024,11/14/2024,Second Class,Corporate,Asia,Japan,Kanto,Tokyo,Tokyo,Technology,Accessories,548.26,6,0.2,153.51
GB-2024-11185,5/11/2024,5/16/2024,Standard Class,Corporate,North America,Canada,West,British Columbia,Vancouver,Furniture,Tables,1885.65,6,0.5,754.26
GB-2024-11186,11/16/2024,11/19/2024,Second Class,Corporate,Asia,Japan,Kansai,Osaka,Osaka,Furniture,Bookcases,1124.75,4,0.1,11.25
GB-2026-11187,4/12/2026,4/14/2026,First Class,Corporate,Oceania,Australia,West,Western Australia,Perth,Office Supplies,Binders,35.4,6,0,15.93
GB-2025-11188,9/9/2025,9/11/2025,First Class,Home Office,North America,Canada,West,British Columbia,Vancouver,Office Supplies,Binders,256.14,6,0,115.26
GB-2024-11189,9/9/2024,9/14/2024,Standard Class,Consumer,Europe,Germany,North,Berlin,Berlin,Office Supplies,Envelopes,84.42,6,0,29.55
GB-2026-11190,4/23/2026,4/25/2026,First Class,Consumer,Africa,South Africa,Western Cape,Western Cape,Cape Town,Technology,Copiers,15465.51,9,0,5412.93
GB-2026-11191,3/20/2026,3/25/2026,Standard Class,Home Office,Asia,India,South,Tamil Nadu,Chennai,Furniture,Tables,1187.6,5,0.1,190.02
GB-2026-11192,2/19/2026,2/24/2026,Standard Class,Corporate,Europe,United Kingdom,North,Scotland,Edinburgh,Technology,Copiers,13294.8,8,0,4653.18
GB-2024-11193,10/7/2024,10/12/2024,Standard Class,Consumer,Asia,Japan,Kansai,Osaka,Osaka,Technology,Copiers,11631.3,6,0,4070.95
GB-2024-11194,11/30/2024,12/5/2024,Standard Class,Corporate,North America,Canada,East,Ontario,Toronto,Technology,Accessories,271.78,7,0.1,92.41
GB-2026-11195,2/17/2026,2/22/2026,Standard Class,Corporate,Europe,United Kingdom,South,England,London,Office Supplies,Paper,17,2,0,6.8
GB-2024-11196,6/16/2024,6/18/2024,First Class,Consumer,North America,Canada,West,British Columbia,Vancouver,Furniture,Furnishings,465.48,6,0,116.37
GB-2025-11197,7/12/2025,7/17/2025,Standard Class,Corporate,Asia,Japan,Kanto,Tokyo,Tokyo,Furniture,Furnishings,30.55,3,0.5,1.53
GB-2024-11198,9/24/2024,9/29/2024,Standard Class,Consumer,Asia,India,North,Delhi,New Delhi,Office Supplies,Paper,10.48,1,0,4.19
GB-2024-11199,6/5/2024,6/5/2024,Same Day,Consumer,Oceania,Australia,West,Western Australia,Perth,Furniture,Bookcases,770.76,8,0.1,7.71
GB-2025-11200,2/28/2025,3/5/2025,Standard Class,Consumer,North America,United States,East,New York,New York,Technology,Machines,784.32,1,0,141.18
GB-2025-11201,1/11/2025,1/16/2025,Standard Class,Consumer,Europe,United Kingdom,South,England,London,Office Supplies,Art,87.55,9,0.2,15.76
GB-2026-11202,2/11/2026,2/14/2026,Second Class,Corporate,North America,Canada,West,British Columbia,Vancouver,Technology,Accessories,171,8,0.1,58.14
GB-2025-11203,10/29/2025,11/1/2025,Second Class,Corporate,North America,United States,East,Pennsylvania,Philadelphia,Furniture,Tables,2404.33,4,0.1,384.69
GB-2024-11204,11/1/2024,11/3/2024,First Class,Home Office,North America,Canada,West,British Columbia,Vancouver,Furniture,Tables,1846.2,5,0,184.62
GB-2024-11205,1/13/2024,1/18/2024,Standard Class,Consumer,South America,Brazil,South,Paraná,Curitiba,Technology,Accessories,1065.24,8,0.1,362.18
GB-2024-11206,6/18/2024,6/20/2024,First Class,Corporate,Oceania,Australia,East,New South Wales,Sydney,Technology,Phones,793.93,1,0.1,111.15
GB-2024-11207,1/12/2024,1/14/2024,First Class,Consumer,Europe,Germany,North,Berlin,Berlin,Furniture,Bookcases,587.46,4,0.5,146.87
GB-2026-11208,1/29/2026,1/31/2026,First Class,Consumer,North America,United States,West,California,Los Angeles,Furniture,Bookcases,268.23,3,0.5,67.06
GB-2026-11209,3/30/2026,4/1/2026,First Class,Consumer,South America,Brazil,South,Paraná,Curitiba,Furniture,Chairs,734.88,2,0,110.23
GB-2025-11210,8/16/2025,8/19/2025,Second Class,Corporate,North America,Canada,East,Ontario,Toronto,Furniture,Chairs,2473.87,7,0,371.08
GB-2025-11211,5/24/2025,5/29/2025,Standard Class,Corporate,Europe,United Kingdom,South,England,London,Office Supplies,Art,66.08,8,0,19.82
GB-2025-11212,11/18/2025,11/23/2025,Standard Class,Consumer,North America,Canada,East,Ontario,Toronto,Technology,Machines,13026.24,9,0,2344.72
GB-2024-11213,8/25/2024,8/28/2024,Second Class,Home Office,North America,Canada,East,Ontario,Toronto,Office Supplies,Envelopes,60.43,9,0.1,17.52
GB-2025-11214,1/15/2025,1/18/2025,Second Class,Home Office,North America,Canada,West,British Columbia,Vancouver,Technology,Machines,5485.38,6,0,987.37
GB-2024-11215,10/26/2024,10/31/2024,Standard Class,Home Office,Asia,Japan,Kansai,Osaka,Osaka,Office Supplies,Paper,135.6,5,0,54.24
GB-2025-11216,1/2/2025,1/5/2025,Second Class,Corporate,Asia,India,North,Delhi,New Delhi,Technology,Copiers,6510.24,6,0.2,1497.36
GB-2024-11217,6/12/2024,6/14/2024,First Class,Home Office,North America,United States,West,California,Los Angeles,Office Supplies,Paper,167.4,9,0,66.96
GB-2025-11218,8/12/2025,8/17/2025,Standard Class,Home Office,Asia,India,West,Maharashtra,Mumbai,Office Supplies,Paper,125.82,6,0.1,42.78
GB-2025-11219,7/15/2025,7/17/2025,First Class,Home Office,Asia,Japan,Kanto,Tokyo,Tokyo,Technology,Machines,1167.12,2,0.1,280.11
GB-2024-11220,6/8/2024,6/10/2024,First Class,Consumer,Asia,India,East,West Bengal,Kolkata,Furniture,Bookcases,1306.96,4,0,65.35
GB-2024-11221,8/2/2024,8/7/2024,Standard Class,Consumer,Africa,South Africa,Gauteng,Gauteng,Johannesburg,Furniture,Bookcases,259.41,2,0.2,18.16
GB-2025-11222,11/27/2025,12/2/2025,Standard Class,Corporate,Europe,United Kingdom,North,Scotland,Edinburgh,Technology,Machines,1167.6,1,0,210.17
GB-2025-11223,2/1/2025,2/6/2025,Standard Class,Corporate,Europe,Germany,North,Berlin,Berlin,Furniture,Furnishings,249.78,6,0,62.45
GB-2025-11224,4/29/2025,5/1/2025,First Class,Corporate,Asia,India,East,West Bengal,Kolkata,Technology,Machines,408.98,1,0.5,196.31
GB-2026-11225,2/16/2026,2/18/2026,First Class,Corporate,North America,United States,East,New York,New York,Technology,Phones,4031.04,8,0,806.21
GB-2025-11226,9/10/2025,9/10/2025,Same Day,Consumer,Europe,Germany,North,Berlin,Berlin,Furniture,Chairs,885.68,3,0.1,79.71
GB-2024-11227,1/29/2024,1/31/2024,First Class,Corporate,North America,United States,West,Washington,Seattle,Technology,Machines,10071.63,9,0,1812.89
GB-2025-11228,8/22/2025,8/27/2025,Standard Class,Home Office,Europe,Germany,South,Bavaria,Munich,Furniture,Bookcases,1231.31,6,0.1,12.31
GB-2024-11229,3/19/2024,3/24/2024,Standard Class,Corporate,North America,Canada,East,Ontario,Toronto,Furniture,Bookcases,400.87,3,0.2,28.06
GB-2025-11230,8/20/2025,8/22/2025,First Class,Consumer,Asia,India,North,Delhi,New Delhi,Furniture,Tables,490.95,1,0,49.09
GB-2025-11231,12/16/2025,12/21/2025,Standard Class,Home Office,Oceania,Australia,East,New South Wales,Sydney,Office Supplies,Paper,71.59,5,0.1,24.34
GB-2024-11232,3/9/2024,3/14/2024,Standard Class,Corporate,South America,Brazil,South,Paraná,Curitiba,Technology,Copiers,2308.26,3,0,807.89
GB-2025-11233,8/7/2025,8/12/2025,Standard Class,Consumer,Europe,Germany,South,Bavaria,Munich,Furniture,Tables,2196.04,7,0,219.6
GB-2024-11234,7/26/2024,7/31/2024,Standard Class,Consumer,Asia,Japan,Kanto,Tokyo,Tokyo,Furniture,Chairs,614.74,2,0,92.21
GB-2025-11235,6/27/2025,7/2/2025,Standard Class,Consumer,Europe,United Kingdom,North,Scotland,Edinburgh,Furniture,Furnishings,424.72,8,0,106.18
GB-2025-11236,2/1/2025,2/6/2025,Standard Class,Home Office,Oceania,Australia,East,New South Wales,Sydney,Technology,Copiers,1268.76,2,0.5,63.44
GB-2024-11237,3/15/2024,3/20/2024,Standard Class,Consumer,Asia,Japan,Kansai,Osaka,Osaka,Office Supplies,Envelopes,16.29,1,0,5.7
GB-2024-11238,11/24/2024,11/27/2024,Second Class,Consumer,North America,Canada,West,British Columbia,Vancouver,Technology,Copiers,1906.66,3,0.5,95.33
GB-2025-11239,6/5/2025,6/7/2025,First Class,Home Office,South America,Brazil,Southeast,Rio de Janeiro,Rio de Janeiro,Office Supplies,Paper,140,7,0,56
GB-2025-11240,7/29/2025,8/3/2025,Standard Class,Consumer,Asia,India,South,Tamil Nadu,Chennai,Office Supplies,Art,70.6,8,0.5,0
GB-2024-11241,12/15/2024,12/20/2024,Standard Class,Home Office,Asia,Japan,Kansai,Osaka,Osaka,Office Supplies,Binders,130.9,8,0.1,51.05
GB-2024-11242,12/16/2024,12/21/2024,Standard Class,Home Office,Asia,Japan,Kansai,Osaka,Osaka,Office Supplies,Binders,278.94,6,0,125.52
GB-2024-11243,9/2/2024,9/7/2024,Standard Class,Corporate,Africa,South Africa,Western Cape,Western Cape,Cape Town,Office Supplies,Art,126.42,7,0,37.93
GB-2025-11244,9/19/2025,9/21/2025,First Class,Consumer,Asia,Japan,Kanto,Tokyo,Tokyo,Technology,Accessories,494.96,4,0,197.98
GB-2024-11245,6/26/2024,7/1/2024,Standard Class,Home Office,South America,Brazil,Southeast,Rio de Janeiro,Rio de Janeiro,Furniture,Furnishings,192.66,6,0,48.16
GB-2024-11246,10/4/2024,10/6/2024,First Class,Corporate,Oceania,Australia,West,Western Australia,Perth,Office Supplies,Paper,88.66,7,0.5,8.87
GB-2024-11247,1/4/2024,1/9/2024,Standard Class,Corporate,South America,Brazil,South,Paraná,Curitiba,Furniture,Bookcases,355.02,1,0.1,3.55
GB-2025-11248,5/16/2025,5/21/2025,Standard Class,Corporate,Europe,Germany,North,Berlin,Berlin,Furniture,Chairs,1134.12,6,0.5,170.12
GB-2024-11249,2/12/2024,2/14/2024,First Class,Corporate,North America,Canada,East,Ontario,Toronto,Technology,Machines,1598.15,4,0.1,383.56
GB-2024-11250,3/2/2024,3/7/2024,Standard Class,Corporate,Africa,South Africa,Western Cape,Western Cape,Cape Town,Furniture,Tables,2360.28,4,0,236.03
GB-2024-11251,9/30/2024,10/2/2024,First Class,Corporate,Asia,India,North,Delhi,New Delhi,Furniture,Tables,2278.9,7,0.1,364.62
GB-2024-11252,6/13/2024,6/18/2024,Standard Class,Home Office,Asia,Japan,Kansai,Osaka,Osaka,Furniture,Tables,2600.78,7,0,260.08
GB-2024-11253,6/18/2024,6/20/2024,First Class,Consumer,North America,United States,East,Pennsylvania,Philadelphia,Office Supplies,Envelopes,65.6,8,0,22.96
GB-2024-11254,3/24/2024,3/29/2024,Standard Class,Corporate,Europe,Germany,South,Bavaria,Munich,Technology,Accessories,538.52,4,0,215.41
GB-2026-11255,3/19/2026,3/21/2026,First Class,Corporate,Europe,Germany,South,Bavaria,Munich,Technology,Copiers,4813.92,6,0,1684.87
GB-2025-11256,12/16/2025,12/19/2025,Second Class,Consumer,Asia,India,West,Maharashtra,Mumbai,Office Supplies,Envelopes,43.65,5,0,15.28
GB-2024-11257,8/24/2024,8/29/2024,Standard Class,Corporate,Africa,South Africa,Gauteng,Gauteng,Johannesburg,Technology,Phones,4601.31,7,0,920.26
GB-2024-11258,1/21/2024,1/26/2024,Standard Class,Home Office,Europe,Germany,North,Berlin,Berlin,Office Supplies,Art,19.3,4,0.5,0
GB-2024-11259,9/23/2024,9/28/2024,Standard Class,Consumer,North America,United States,East,Pennsylvania,Philadelphia,Office Supplies,Paper,14.5,4,0.5,1.45
GB-2024-11260,4/4/2024,4/7/2024,Second Class,Home Office,North America,United States,West,Washington,Seattle,Furniture,Bookcases,1072.65,3,0,53.63
GB-2024-11261,7/9/2024,7/14/2024,Standard Class,Corporate,North America,United States,East,New York,New York,Technology,Phones,1291.77,3,0,258.35
GB-2025-11262,3/9/2025,3/11/2025,First Class,Consumer,North America,United States,East,New York,New York,Furniture,Bookcases,702.51,3,0.1,7.03
GB-2025-11263,7/20/2025,7/23/2025,Second Class,Home Office,North America,United States,East,New York,New York,Office Supplies,Binders,133.2,5,0,59.94
GB-2025-11264,5/31/2025,6/2/2025,First Class,Corporate,North America,United States,West,California,Los Angeles,Furniture,Tables,3393.78,6,0,339.38
GB-2024-11265,9/8/2024,9/13/2024,Standard Class,Home Office,North America,United States,East,New York,New York,Furniture,Furnishings,30.15,3,0,7.54
GB-2026-11266,3/29/2026,4/3/2026,Standard Class,Corporate,Oceania,Australia,West,Western Australia,Perth,Technology,Machines,4879.1,5,0,878.24
GB-2025-11267,5/30/2025,6/1/2025,First Class,Consumer,Asia,India,North,Delhi,New Delhi,Office Supplies,Paper,101.92,7,0,40.77
GB-2024-11268,1/25/2024,1/30/2024,Standard Class,Consumer,Asia,India,East,West Bengal,Kolkata,Office Supplies,Binders,105.15,5,0,47.32
GB-2024-11269,8/20/2024,8/22/2024,First Class,Corporate,Europe,Germany,South,Bavaria,Munich,Furniture,Furnishings,142.26,3,0,35.56
GB-2024-11270,5/29/2024,5/31/2024,First Class,Consumer,North America,United States,West,Washington,Seattle,Office Supplies,Envelopes,27.94,2,0,9.78
GB-2025-11271,6/8/2025,6/13/2025,Standard Class,Consumer,South America,Brazil,Southeast,Rio de Janeiro,Rio de Janeiro,Office Supplies,Binders,231.3,5,0,104.09
GB-2024-11272,4/13/2024,4/18/2024,Standard Class,Home Office,Oceania,Australia,East,New South Wales,Sydney,Technology,Accessories,78.29,1,0,31.32
GB-2025-11273,9/19/2025,9/24/2025,Standard Class,Home Office,Europe,Germany,North,Berlin,Berlin,Office Supplies,Envelopes,115.15,7,0,40.3
GB-2026-11274,3/9/2026,3/14/2026,Standard Class,Home Office,Oceania,Australia,East,New South Wales,Sydney,Office Supplies,Envelopes,32.22,5,0.1,9.34
GB-2024-11275,7/20/2024,7/25/2024,Standard Class,Corporate,North America,United States,East,New York,New York,Office Supplies,Paper,29.58,3,0,11.83
GB-2025-11276,3/3/2025,3/6/2025,Second Class,Consumer,Europe,Germany,North,Berlin,Berlin,Furniture,Tables,396.03,1,0,39.6
GB-2024-11277,3/8/2024,3/13/2024,Standard Class,Consumer,South America,Brazil,Southeast,São Paulo,São Paulo,Technology,Machines,3235.44,6,0.5,1553.01
GB-2025-11278,4/25/2025,4/25/2025,Same Day,Corporate,Oceania,Australia,West,Western Australia,Perth,Technology,Accessories,197.64,4,0,79.06
GB-2025-11279,5/9/2025,5/14/2025,Standard Class,Home Office,Europe,Germany,North,Berlin,Berlin,Office Supplies,Paper,45.31,3,0.2,12.69
GB-2024-11280,8/12/2024,8/14/2024,First Class,Consumer,Europe,United Kingdom,South,England,London,Office Supplies,Envelopes,94.5,7,0,33.07
GB-2024-11281,9/5/2024,9/10/2024,Standard Class,Corporate,South America,Brazil,South,Paraná,Curitiba,Office Supplies,Envelopes,51.17,7,0,17.91
GB-2024-11282,2/1/2024,2/6/2024,Standard Class,Corporate,North America,United States,West,Washington,Seattle,Office Supplies,Binders,158.55,7,0,71.35
GB-2024-11283,9/6/2024,9/9/2024,Second Class,Consumer,Europe,Germany,South,Bavaria,Munich,Furniture,Chairs,777.72,2,0,116.66
GB-2025-11284,7/7/2025,7/12/2025,Standard Class,Consumer,South America,Brazil,Southeast,São Paulo,São Paulo,Office Supplies,Binders,4.21,1,0.5,0.63
GB-2025-11285,1/10/2025,1/13/2025,Second Class,Home Office,Europe,United Kingdom,South,England,London,Office Supplies,Art,9.64,2,0,2.89
GB-2024-11286,2/10/2024,2/13/2024,Second Class,Consumer,Asia,Japan,Kansai,Osaka,Osaka,Office Supplies,Art,44.63,9,0.1,10.71
GB-2024-11287,5/21/2024,5/26/2024,Standard Class,Home Office,South America,Brazil,Southeast,Rio de Janeiro,Rio de Janeiro,Technology,Copiers,2579.4,5,0.2,593.26
GB-2025-11288,11/11/2025,11/16/2025,Standard Class,Corporate,Asia,Japan,Kansai,Osaka,Osaka,Technology,Machines,9013.62,7,0,1622.45
GB-2024-11289,11/12/2024,11/15/2024,Second Class,Consumer,North America,United States,East,New York,New York,Furniture,Chairs,194.3,2,0.5,29.14
GB-2024-11290,5/9/2024,5/14/2024,Standard Class,Consumer,North America,Canada,West,British Columbia,Vancouver,Technology,Machines,2978.05,7,0.5,1429.46
GB-2025-11291,11/15/2025,11/17/2025,First Class,Home Office,Asia,Japan,Kanto,Tokyo,Tokyo,Technology,Phones,1951.32,6,0,390.26
GB-2024-11292,3/8/2024,3/13/2024,Standard Class,Corporate,Europe,Germany,South,Bavaria,Munich,Technology,Accessories,298.24,8,0,119.3
GB-2025-11293,12/25/2025,12/30/2025,Standard Class,Corporate,Africa,South Africa,Gauteng,Gauteng,Johannesburg,Office Supplies,Envelopes,12.3,2,0.5,0.61
GB-2024-11294,5/31/2024,6/5/2024,Standard Class,Consumer,North America,Canada,West,British Columbia,Vancouver,Technology,Copiers,4576.81,7,0,1601.88
GB-2025-11295,1/4/2025,1/7/2025,Second Class,Home Office,Europe,United Kingdom,South,England,London,Technology,Copiers,2904.95,4,0.1,842.44
GB-2026-11296,1/24/2026,1/27/2026,Second Class,Corporate,Oceania,Australia,West,Western Australia,Perth,Office Supplies,Art,224.37,9,0,67.31
GB-2024-11297,10/18/2024,10/23/2024,Standard Class,Corporate,Oceania,Australia,West,Western Australia,Perth,Office Supplies,Binders,252.42,6,0,113.59
GB-2024-11298,9/28/2024,10/3/2024,Standard Class,Home Office,South America,Brazil,South,Paraná,Curitiba,Office Supplies,Paper,96.57,9,0,38.63
GB-2026-11299,4/21/2026,4/26/2026,Standard Class,Corporate,North America,United States,East,Pennsylvania,Philadelphia,Technology,Machines,475.96,1,0.5,228.46
GB-2026-11300,3/24/2026,3/27/2026,Second Class,Corporate,Asia,India,East,West Bengal,Kolkata,Technology,Accessories,131.18,2,0.5,13.12
GB-2025-11301,2/2/2025,2/7/2025,Standard Class,Corporate,North America,United States,East,Pennsylvania,Philadelphia,Furniture,Bookcases,1535.88,4,0,76.79
GB-2024-11302,5/12/2024,5/14/2024,First Class,Home Office,North America,Canada,West,British Columbia,Vancouver,Furniture,Furnishings,302.48,4,0,75.62
GB-2026-11303,2/22/2026,2/24/2026,First Class,Corporate,Africa,South Africa,Gauteng,Gauteng,Johannesburg,Furniture,Chairs,611.24,4,0.1,55.01
GB-2026-11304,2/15/2026,2/17/2026,First Class,Consumer,North America,Canada,West,British Columbia,Vancouver,Technology,Machines,4327.91,9,0.1,1038.7
GB-2024-11305,10/11/2024,10/14/2024,Second Class,Corporate,Asia,Japan,Kanto,Tokyo,Tokyo,Furniture,Bookcases,335.95,1,0.1,3.36
GB-2026-11306,3/23/2026,3/26/2026,Second Class,Consumer,North America,Canada,East,Ontario,Toronto,Office Supplies,Art,11.14,1,0,3.34
GB-2026-11307,2/13/2026,2/18/2026,Standard Class,Home Office,Asia,Japan,Kanto,Tokyo,Tokyo,Furniture,Furnishings,176.13,2,0.1,33.46
GB-2025-11308,11/3/2025,11/5/2025,First Class,Corporate,Oceania,Australia,West,Western Australia,Perth,Technology,Accessories,548,4,0,219.2
GB-2024-11309,7/11/2024,7/16/2024,Standard Class,Corporate,North America,Canada,West,British Columbia,Vancouver,Technology,Phones,5337.66,6,0,1067.53
GB-2024-11310,4/8/2024,4/13/2024,Standard Class,Home Office,Asia,India,East,West Bengal,Kolkata,Technology,Accessories,202.48,2,0,80.99
GB-2025-11311,10/15/2025,10/20/2025,Standard Class,Corporate,Oceania,Australia,West,Western Australia,Perth,Furniture,Chairs,873.62,5,0.5,131.04
GB-2025-11312,12/13/2025,12/18/2025,Standard Class,Corporate,Africa,South Africa,Western Cape,Western Cape,Cape Town,Furniture,Bookcases,449.08,2,0.1,4.49
GB-2025-11313,2/20/2025,2/25/2025,Standard Class,Corporate,Europe,United Kingdom,South,England,London,Office Supplies,Paper,52.87,2,0.1,17.98
GB-2024-11314,11/21/2024,11/23/2024,First Class,Consumer,Oceania,Australia,East,New South Wales,Sydney,Office Supplies,Art,89.33,9,0.5,0
GB-2024-11315,3/22/2024,3/24/2024,First Class,Home Office,South America,Brazil,South,Paraná,Curitiba,Office Supplies,Paper,139.85,5,0,55.94
GB-2025-11316,11/4/2025,11/9/2025,Standard Class,Home Office,North America,United States,East,New York,New York,Furniture,Furnishings,52.23,1,0,13.06
GB-2025-11317,7/8/2025,7/13/2025,Standard Class,Consumer,Oceania,Australia,East,New South Wales,Sydney,Furniture,Tables,1193.92,2,0,119.39
GB-2024-11318,8/11/2024,8/14/2024,Second Class,Consumer,North America,United States,West,California,Los Angeles,Technology,Accessories,336.16,4,0,134.46
GB-2025-11319,3/16/2025,3/21/2025,Standard Class,Home Office,Europe,Germany,South,Bavaria,Munich,Office Supplies,Envelopes,40.68,5,0.1,11.8
GB-2024-11320,5/7/2024,5/10/2024,Second Class,Corporate,Asia,Japan,Kanto,Tokyo,Tokyo,Office Supplies,Binders,175.9,5,0,79.16
GB-2026-11321,4/13/2026,4/16/2026,Second Class,Consumer,Africa,South Africa,Gauteng,Gauteng,Johannesburg,Furniture,Tables,586.97,1,0.1,93.92
GB-2024-11322,5/16/2024,5/16/2024,Same Day,Corporate,Africa,South Africa,Gauteng,Gauteng,Johannesburg,Technology,Phones,1998.92,7,0,399.78
GB-2024-11323,5/27/2024,6/1/2024,Standard Class,Home Office,Asia,Japan,Kansai,Osaka,Osaka,Office Supplies,Art,114.75,8,0.2,20.65
GB-2024-11324,5/29/2024,6/3/2024,Standard Class,Corporate,North America,United States,West,Washington,Seattle,Office Supplies,Envelopes,8.78,1,0,3.07
GB-2024-11325,6/11/2024,6/16/2024,Standard Class,Consumer,Asia,Japan,Kanto,Tokyo,Tokyo,Furniture,Bookcases,555.09,3,0,27.75
GB-2026-11326,2/26/2026,3/3/2026,Standard Class,Home Office,North America,Canada,West,British Columbia,Vancouver,Technology,Copiers,5640.26,8,0.2,1297.26
GB-2025-11327,5/3/2025,5/3/2025,Same Day,Corporate,North America,United States,West,California,Los Angeles,Furniture,Tables,1846.08,8,0.5,738.43
GB-2025-11328,7/18/2025,7/23/2025,Standard Class,Consumer,North America,Canada,West,British Columbia,Vancouver,Office Supplies,Art,31.01,7,0,9.3
GB-2024-11329,4/19/2024,4/24/2024,Standard Class,Corporate,North America,United States,East,Pennsylvania,Philadelphia,Technology,Phones,2900.7,3,0,580.14
GB-2025-11330,12/7/2025,12/10/2025,Second Class,Corporate,Oceania,Australia,West,Western Australia,Perth,Furniture,Chairs,1831.3,5,0,274.69
GB-2025-11331,12/13/2025,12/15/2025,First Class,Home Office,North America,Canada,West,British Columbia,Vancouver,Office Supplies,Envelopes,73.4,4,0,25.69
GB-2024-11332,12/10/2024,12/15/2024,Standard Class,Consumer,Oceania,Australia,East,New South Wales,Sydney,Technology,Phones,452.08,2,0.2,36.17
GB-2024-11333,8/24/2024,8/29/2024,Standard Class,Consumer,North America,Canada,East,Ontario,Toronto,Technology,Machines,1928.43,3,0,347.12
GB-2025-11334,1/14/2025,1/19/2025,Standard Class,Corporate,North America,Canada,East,Ontario,Toronto,Technology,Machines,1005.66,4,0.5,482.72
GB-2025-11335,9/18/2025,9/23/2025,Standard Class,Corporate,Asia,India,North,Delhi,New Delhi,Technology,Accessories,337.85,9,0.1,114.87
GB-2026-11336,1/16/2026,1/21/2026,Standard Class,Corporate,Asia,India,East,West Bengal,Kolkata,Furniture,Chairs,1461.87,9,0.5,219.28
GB-2024-11337,10/11/2024,10/16/2024,Standard Class,Home Office,Europe,Germany,South,Bavaria,Munich,Furniture,Chairs,350.19,1,0,52.53
GB-2026-11338,4/22/2026,4/27/2026,Standard Class,Home Office,North America,United States,East,New York,New York,Furniture,Tables,2265.62,5,0.1,362.5
GB-2024-11339,8/19/2024,8/22/2024,Second Class,Consumer,North America,United States,West,Washington,Seattle,Technology,Machines,2776.1,3,0.2,832.83
GB-2024-11340,6/11/2024,6/16/2024,Standard Class,Consumer,North America,United States,East,Pennsylvania,Philadelphia,Furniture,Chairs,640.62,3,0,96.09
GB-2024-11341,4/21/2024,4/26/2024,Standard Class,Home Office,Asia,Japan,Kansai,Osaka,Osaka,Furniture,Tables,3482.57,8,0.1,557.21
GB-2026-11342,3/24/2026,3/29/2026,Standard Class,Corporate,North America,United States,East,New York,New York,Office Supplies,Art,141.54,7,0,42.46
GB-2024-11343,4/3/2024,4/5/2024,First Class,Consumer,Asia,India,North,Delhi,New Delhi,Technology,Phones,2625.57,9,0.5,262.56
GB-2025-11344,8/17/2025,8/20/2025,Second Class,Consumer,North America,United States,East,New York,New York,Furniture,Chairs,3667.41,9,0,550.11
GB-2024-11345,3/16/2024,3/21/2024,Standard Class,Home Office,North America,United States,West,Washington,Seattle,Office Supplies,Binders,12.33,3,0,5.55
GB-2024-11346,7/29/2024,8/3/2024,Standard Class,Consumer,Asia,India,West,Maharashtra,Mumbai,Furniture,Furnishings,139.4,9,0.1,26.49
GB-2025-11347,4/16/2025,4/21/2025,Standard Class,Corporate,Africa,South Africa,Gauteng,Gauteng,Johannesburg,Furniture,Chairs,367.98,1,0.1,33.12
GB-2024-11348,3/26/2024,3/31/2024,Standard Class,Home Office,Asia,India,North,Delhi,New Delhi,Office Supplies,Paper,196.72,8,0,78.69
GB-2025-11349,1/15/2025,1/20/2025,Standard Class,Home Office,Asia,India,West,Maharashtra,Mumbai,Office Supplies,Envelopes,33.84,2,0,11.84
GB-2024-11350,10/23/2024,10/26/2024,Second Class,Corporate,North America,United States,West,Washington,Seattle,Office Supplies,Paper,25.35,3,0.1,8.62
GB-2025-11351,5/28/2025,5/31/2025,Second Class,Consumer,Europe,Germany,North,Berlin,Berlin,Office Supplies,Paper,19.98,1,0,7.99
GB-2024-11352,9/24/2024,9/26/2024,First Class,Corporate,Europe,Germany,North,Berlin,Berlin,Technology,Accessories,355.41,9,0,142.16
GB-2024-11353,5/5/2024,5/10/2024,Standard Class,Consumer,Asia,India,South,Tamil Nadu,Chennai,Technology,Phones,2688.6,6,0,537.72
GB-2025-11354,8/13/2025,8/18/2025,Standard Class,Consumer,Oceania,Australia,West,Western Australia,Perth,Office Supplies,Binders,69.41,4,0.2,22.91
GB-2025-11355,7/25/2025,7/30/2025,Standard Class,Corporate,Asia,India,West,Maharashtra,Mumbai,Furniture,Chairs,976.5,5,0.5,146.47
GB-2025-11356,2/5/2025,2/10/2025,Standard Class,Home Office,North America,United States,West,Washington,Seattle,Technology,Copiers,17350.38,9,0,6072.63
GB-2024-11357,9/11/2024,9/16/2024,Standard Class,Corporate,Asia,India,North,Delhi,New Delhi,Office Supplies,Binders,102.9,3,0,46.31
GB-2025-11358,2/13/2025,2/16/2025,Second Class,Corporate,Asia,Japan,Kansai,Osaka,Osaka,Furniture,Chairs,1489.79,4,0.1,134.08
GB-2024-11359,5/13/2024,5/18/2024,Standard Class,Home Office,Asia,Japan,Kanto,Tokyo,Tokyo,Office Supplies,Art,27.4,2,0,8.22
GB-2025-11360,2/3/2025,2/8/2025,Standard Class,Home Office,Europe,Germany,South,Bavaria,Munich,Furniture,Tables,4307.69,7,0.1,689.23
GB-2025-11361,1/12/2025,1/17/2025,Standard Class,Home Office,North America,United States,East,New York,New York,Office Supplies,Envelopes,55.85,5,0,19.55
GB-2024-11362,10/24/2024,10/29/2024,Standard Class,Home Office,Oceania,Australia,East,New South Wales,Sydney,Office Supplies,Binders,319.32,9,0,143.69
GB-2026-11363,4/30/2026,4/30/2026,Same Day,Corporate,Asia,India,East,West Bengal,Kolkata,Technology,Accessories,51.89,1,0.1,17.64
GB-2024-11364,10/25/2024,10/30/2024,Standard Class,Consumer,North America,Canada,East,Ontario,Toronto,Technology,Accessories,142.62,2,0,57.05
GB-2024-11365,5/24/2024,5/26/2024,First Class,Consumer,North America,Canada,West,British Columbia,Vancouver,Technology,Phones,1571.52,4,0,314.3
GB-2025-11366,11/26/2025,12/1/2025,Standard Class,Consumer,North America,Canada,East,Ontario,Toronto,Office Supplies,Paper,28.91,2,0.5,2.89
GB-2025-11367,9/18/2025,9/21/2025,Second Class,Corporate,Asia,Japan,Kansai,Osaka,Osaka,Office Supplies,Envelopes,142.2,9,0,49.77
GB-2024-11368,1/9/2024,1/14/2024,Standard Class,Consumer,North America,United States,East,New York,New York,Office Supplies,Envelopes,21.2,2,0.2,4.88
GB-2025-11369,6/20/2025,6/22/2025,First Class,Consumer,Asia,Japan,Kansai,Osaka,Osaka,Office Supplies,Art,24.17,2,0.5,0
GB-2024-11370,1/4/2024,1/6/2024,First Class,Home Office,North America,Canada,West,British Columbia,Vancouver,Furniture,Chairs,1324.44,5,0.2,39.73
GB-2025-11371,6/22/2025,6/25/2025,Second Class,Home Office,North America,Canada,East,Ontario,Toronto,Office Supplies,Envelopes,105.42,6,0,36.9
GB-2026-11372,2/13/2026,2/13/2026,Same Day,Consumer,North America,United States,East,New York,New York,Furniture,Tables,3210.08,8,0,321.01
GB-2024-11373,3/19/2024,3/24/2024,Standard Class,Consumer,Asia,Japan,Kanto,Tokyo,Tokyo,Technology,Phones,3803.65,6,0.1,532.51
GB-2024-11374,12/11/2024,12/16/2024,Standard Class,Corporate,Europe,United Kingdom,South,England,London,Technology,Copiers,11847.01,7,0,4146.45
GB-2024-11375,2/13/2024,2/15/2024,First Class,Consumer,Oceania,Australia,West,Western Australia,Perth,Office Supplies,Paper,13.19,1,0.1,4.48
GB-2024-11376,3/15/2024,3/20/2024,Standard Class,Home Office,North America,United States,East,Pennsylvania,Philadelphia,Office Supplies,Art,21.17,1,0,6.35
GB-2024-11377,7/6/2024,7/11/2024,Standard Class,Consumer,Europe,Germany,South,Bavaria,Munich,Technology,Copiers,15875.55,9,0,5556.44
GB-2024-11378,2/11/2024,2/16/2024,Standard Class,Corporate,South America,Brazil,South,Paraná,Curitiba,Office Supplies,Art,50.44,4,0.1,12.11
GB-2025-11379,7/17/2025,7/20/2025,Second Class,Home Office,North America,United States,East,New York,New York,Technology,Accessories,48.49,2,0.1,16.49
GB-2025-11380,4/7/2025,4/10/2025,Second Class,Consumer,Asia,India,South,Tamil Nadu,Chennai,Office Supplies,Art,63.8,3,0.1,15.31
GB-2025-11381,4/8/2025,4/8/2025,Same Day,Home Office,Asia,Japan,Kansai,Osaka,Osaka,Technology,Accessories,837.78,9,0.1,284.85
GB-2026-11382,2/2/2026,2/5/2026,Second Class,Home Office,Asia,Japan,Kanto,Tokyo,Tokyo,Furniture,Bookcases,2037.21,7,0,101.86
GB-2024-11383,5/30/2024,6/4/2024,Standard Class,Consumer,North America,Canada,East,Ontario,Toronto,Furniture,Chairs,964.22,3,0.2,28.93
GB-2024-11384,8/16/2024,8/21/2024,Standard Class,Consumer,Asia,Japan,Kansai,Osaka,Osaka,Office Supplies,Paper,151.38,9,0,60.55
GB-2024-11385,4/30/2024,5/5/2024,Standard Class,Corporate,Africa,South Africa,Western Cape,Western Cape,Cape Town,Technology,Copiers,3465.8,5,0.5,173.29
GB-2024-11386,8/21/2024,8/26/2024,Standard Class,Consumer,Europe,Germany,North,Berlin,Berlin,Technology,Phones,3449.64,5,0.2,275.97
GB-2025-11387,2/21/2025,2/23/2025,First Class,Consumer,Africa,South Africa,Western Cape,Western Cape,Cape Town,Technology,Copiers,9987.04,7,0,3495.46
GB-2025-11388,11/23/2025,11/28/2025,Standard Class,Home Office,North America,Canada,West,British Columbia,Vancouver,Office Supplies,Paper,21.48,4,0,8.59
GB-2025-11389,3/12/2025,3/17/2025,Standard Class,Home Office,South America,Brazil,South,Paraná,Curitiba,Furniture,Bookcases,1332.68,4,0,66.63
GB-2024-11390,6/1/2024,6/6/2024,Standard Class,Corporate,Asia,Japan,Kanto,Tokyo,Tokyo,Furniture,Furnishings,36.32,4,0.1,6.9
GB-2025-11391,6/10/2025,6/15/2025,Standard Class,Corporate,South America,Brazil,Southeast,São Paulo,São Paulo,Furniture,Furnishings,253.71,9,0,63.43
GB-2024-11392,7/16/2024,7/18/2024,First Class,Corporate,Asia,India,North,Delhi,New Delhi,Office Supplies,Paper,31.5,5,0.1,10.71
GB-2024-11393,3/15/2024,3/17/2024,First Class,Corporate,North America,Canada,East,Ontario,Toronto,Technology,Machines,7627.76,7,0,1373
GB-2025-11394,1/12/2025,1/17/2025,Standard Class,Corporate,North America,Canada,West,British Columbia,Vancouver,Technology,Accessories,258.93,7,0.1,88.04
GB-2025-11395,4/4/2025,4/6/2025,First Class,Home Office,Europe,Germany,North,Berlin,Berlin,Office Supplies,Paper,202.26,9,0.1,68.77
GB-2025-11396,5/18/2025,5/21/2025,Second Class,Corporate,South America,Brazil,Southeast,São Paulo,São Paulo,Office Supplies,Paper,178.98,7,0.1,60.85
GB-2024-11397,9/26/2024,10/1/2024,Standard Class,Consumer,North America,Canada,East,Ontario,Toronto,Furniture,Bookcases,1886.88,6,0,94.34
GB-2024-11398,12/19/2024,12/21/2024,First Class,Corporate,North America,United States,West,California,Los Angeles,Furniture,Tables,586.46,2,0,58.65
GB-2025-11399,1/23/2025,1/28/2025,Standard Class,Corporate,North America,Canada,East,Ontario,Toronto,Office Supplies,Art,45.85,7,0,13.76
GB-2024-11400,3/17/2024,3/19/2024,First Class,Home Office,North America,Canada,East,Ontario,Toronto,Technology,Accessories,38.31,1,0,15.32
GB-2025-11401,6/6/2025,6/11/2025,Standard Class,Consumer,Europe,Germany,North,Berlin,Berlin,Office Supplies,Binders,209.7,5,0,94.36
GB-2025-11402,7/1/2025,7/6/2025,Standard Class,Consumer,South America,Brazil,Southeast,São Paulo,São Paulo,Furniture,Chairs,820.13,3,0.2,24.6
GB-2026-11403,4/20/2026,4/25/2026,Standard Class,Consumer,North America,United States,West,Washington,Seattle,Furniture,Bookcases,2414.3,8,0.1,24.14
GB-2025-11404,3/24/2025,3/29/2025,Standard Class,Corporate,South America,Brazil,Southeast,São Paulo,São Paulo,Technology,Copiers,13987.26,9,0,4895.54
GB-2024-11405,1/30/2024,2/4/2024,Standard Class,Home Office,Asia,India,East,West Bengal,Kolkata,Office Supplies,Paper,135.68,8,0,54.27
GB-2025-11406,5/23/2025,5/28/2025,Standard Class,Corporate,Oceania,Australia,East,New South Wales,Sydney,Furniture,Furnishings,185.73,9,0.1,35.29
GB-2024-11407,6/24/2024,6/29/2024,Standard Class,Home Office,Europe,United Kingdom,South,England,London,Technology,Accessories,121.05,1,0,48.42
GB-2025-11408,4/3/2025,4/5/2025,First Class,Home Office,North America,United States,East,New York,New York,Furniture,Tables,1686.99,6,0.5,674.8
GB-2026-11409,2/12/2026,2/17/2026,Standard Class,Consumer,Oceania,Australia,East,New South Wales,Sydney,Technology,Accessories,597.82,9,0.5,59.78
GB-2024-11410,5/9/2024,5/11/2024,First Class,Consumer,South America,Brazil,Southeast,Rio de Janeiro,Rio de Janeiro,Technology,Accessories,1182.44,9,0.1,402.03
GB-2024-11411,11/1/2024,11/3/2024,First Class,Corporate,Asia,India,North,Delhi,New Delhi,Office Supplies,Envelopes,56.74,9,0.5,2.84
GB-2026-11412,2/8/2026,2/10/2026,First Class,Home Office,Asia,India,South,Tamil Nadu,Chennai,Furniture,Furnishings,361.12,8,0,90.28
GB-2026-11413,2/26/2026,2/26/2026,Same Day,Consumer,North America,Canada,West,British Columbia,Vancouver,Furniture,Chairs,2387.76,8,0,358.16
GB-2025-11414,1/28/2025,2/2/2025,Standard Class,Home Office,Oceania,Australia,West,Western Australia,Perth,Furniture,Bookcases,2457.36,9,0,122.87
GB-2026-11415,2/6/2026,2/11/2026,Standard Class,Home Office,Oceania,Australia,West,Western Australia,Perth,Technology,Copiers,4035.72,6,0,1412.5
GB-2024-11416,1/31/2024,2/3/2024,Second Class,Corporate,Asia,Japan,Kansai,Osaka,Osaka,Technology,Machines,433.7,1,0,78.07
GB-2024-11417,10/13/2024,10/15/2024,First Class,Consumer,Asia,Japan,Kansai,Osaka,Osaka,Office Supplies,Binders,187.83,9,0,84.52
GB-2024-11418,7/19/2024,7/24/2024,Standard Class,Home Office,North America,United States,East,Pennsylvania,Philadelphia,Office Supplies,Binders,56.44,4,0.5,8.47
GB-2025-11419,8/9/2025,8/11/2025,First Class,Corporate,Europe,Germany,North,Berlin,Berlin,Furniture,Bookcases,613.48,8,0.5,153.37
GB-2025-11420,2/2/2025,2/7/2025,Standard Class,Home Office,North America,United States,East,Pennsylvania,Philadelphia,Technology,Accessories,49.06,2,0.5,4.91
GB-2025-11421,5/31/2025,6/5/2025,Standard Class,Home Office,Europe,Germany,North,Berlin,Berlin,Technology,Accessories,1004.15,7,0,401.66
GB-2024-11422,1/17/2024,1/20/2024,Second Class,Corporate,Asia,Japan,Kansai,Osaka,Osaka,Furniture,Tables,2977.35,5,0,297.74
GB-2025-11423,11/22/2025,11/24/2025,First Class,Home Office,North America,United States,West,Washington,Seattle,Furniture,Chairs,1103.26,4,0.1,99.29
GB-2025-11424,8/18/2025,8/23/2025,Standard Class,Consumer,North America,Canada,East,Ontario,Toronto,Office Supplies,Paper,74.04,6,0,29.62
GB-2026-11425,4/27/2026,5/2/2026,Standard Class,Consumer,North America,United States,West,California,Los Angeles,Office Supplies,Envelopes,52.33,9,0.1,15.18
GB-2025-11426,4/3/2025,4/5/2025,First Class,Consumer,North America,Canada,East,Ontario,Toronto,Office Supplies,Paper,24.41,1,0,9.76
GB-2025-11427,1/27/2025,1/30/2025,Second Class,Consumer,Asia,Japan,Kanto,Tokyo,Tokyo,Office Supplies,Paper,70.1,5,0,28.04
GB-2025-11428,6/10/2025,6/15/2025,Standard Class,Corporate,Europe,United Kingdom,North,Scotland,Edinburgh,Office Supplies,Paper,159.6,6,0,63.84
GB-2025-11429,3/1/2025,3/4/2025,Second Class,Corporate,Oceania,Australia,West,Western Australia,Perth,Furniture,Furnishings,167.76,6,0.5,8.39
GB-2025-11430,11/16/2025,11/21/2025,Standard Class,Home Office,Europe,Germany,South,Bavaria,Munich,Technology,Accessories,255.78,3,0,102.31
GB-2025-11431,9/21/2025,9/23/2025,First Class,Consumer,Asia,Japan,Kansai,Osaka,Osaka,Furniture,Chairs,130.29,1,0.2,3.91
GB-2025-11432,1/16/2025,1/19/2025,Second Class,Home Office,Asia,India,North,Delhi,New Delhi,Furniture,Chairs,2463.3,6,0,369.5
GB-2024-11433,1/6/2024,1/11/2024,Standard Class,Corporate,North America,United States,West,California,Los Angeles,Technology,Phones,1770.44,5,0.2,141.64
GB-2025-11434,6/21/2025,6/24/2025,Second Class,Corporate,Oceania,Australia,East,New South Wales,Sydney,Technology,Copiers,7740.24,7,0.1,2244.67
GB-2025-11435,3/27/2025,3/30/2025,Second Class,Corporate,Asia,India,North,Delhi,New Delhi,Office Supplies,Binders,47.46,6,0.5,7.12
GB-2024-11436,3/12/2024,3/17/2024,Standard Class,Consumer,Asia,India,West,Maharashtra,Mumbai,Furniture,Tables,1867.58,4,0.2,410.87
GB-2025-11437,10/22/2025,10/27/2025,Standard Class,Corporate,Asia,India,East,West Bengal,Kolkata,Furniture,Tables,2760.17,7,0,276.02
GB-2026-11438,1/4/2026,1/9/2026,Standard Class,Corporate,North America,United States,West,Washington,Seattle,Technology,Phones,2732.4,8,0,546.48
GB-2024-11439,12/24/2024,12/29/2024,Standard Class,Corporate,North America,Canada,West,British Columbia,Vancouver,Furniture,Furnishings,131.48,3,0.5,6.57
GB-2024-11440,11/29/2024,12/4/2024,Standard Class,Consumer,Oceania,Australia,West,Western Australia,Perth,Technology,Phones,1357.89,7,0.2,108.63
GB-2026-11441,1/5/2026,1/10/2026,Standard Class,Consumer,Asia,India,North,Delhi,New Delhi,Technology,Copiers,4392.22,4,0.1,1273.74
GB-2024-11442,8/10/2024,8/12/2024,First Class,Home Office,Oceania,Australia,East,New South Wales,Sydney,Furniture,Tables,1701.48,3,0,170.15
GB-2025-11443,9/21/2025,9/26/2025,Standard Class,Corporate,South America,Brazil,South,Paraná,Curitiba,Technology,Phones,1945.1,5,0,389.02
GB-2024-11444,8/30/2024,9/1/2024,First Class,Corporate,Asia,India,West,Maharashtra,Mumbai,Technology,Accessories,371.6,5,0,148.64
GB-2025-11445,10/22/2025,10/27/2025,Standard Class,Home Office,South America,Brazil,Southeast,Rio de Janeiro,Rio de Janeiro,Office Supplies,Binders,29.41,1,0,13.23
GB-2024-11446,9/16/2024,9/21/2024,Standard Class,Corporate,Asia,India,West,Maharashtra,Mumbai,Technology,Machines,605.47,1,0,108.98
GB-2024-11447,3/12/2024,3/17/2024,Standard Class,Corporate,North America,Canada,West,British Columbia,Vancouver,Furniture,Furnishings,67.32,6,0.5,3.37
GB-2025-11448,6/15/2025,6/20/2025,Standard Class,Consumer,North America,United States,East,Pennsylvania,Philadelphia,Office Supplies,Paper,87.39,9,0,34.96
GB-2024-11449,2/15/2024,2/20/2024,Standard Class,Home Office,Europe,Germany,South,Bavaria,Munich,Technology,Copiers,9205.74,6,0,3222.01
GB-2024-11450,8/30/2024,9/2/2024,Second Class,Corporate,South America,Brazil,Southeast,São Paulo,São Paulo,Office Supplies,Art,84.13,4,0.1,20.19
GB-2026-11451,4/14/2026,4/19/2026,Standard Class,Home Office,Europe,Germany,North,Berlin,Berlin,Furniture,Tables,525.12,2,0,52.51
GB-2025-11452,8/14/2025,8/19/2025,Standard Class,Home Office,South America,Brazil,Southeast,São Paulo,São Paulo,Office Supplies,Binders,97.92,8,0.2,32.31
GB-2025-11453,6/7/2025,6/12/2025,Standard Class,Home Office,Asia,India,East,West Bengal,Kolkata,Furniture,Tables,1204.44,8,0.5,481.78
GB-2024-11454,5/28/2024,6/2/2024,Standard Class,Home Office,North America,United States,East,New York,New York,Furniture,Chairs,1965.82,8,0.1,176.92
GB-2024-11455,5/22/2024,5/27/2024,Standard Class,Home Office,Asia,India,North,Delhi,New Delhi,Office Supplies,Envelopes,13.88,2,0,4.86
GB-2024-11456,5/3/2024,5/6/2024,Second Class,Consumer,Europe,Germany,South,Bavaria,Munich,Furniture,Tables,411.49,1,0,41.15
GB-2025-11457,1/24/2025,1/29/2025,Standard Class,Home Office,North America,United States,West,Washington,Seattle,Technology,Phones,2434.47,3,0,486.89
GB-2024-11458,4/12/2024,4/17/2024,Standard Class,Consumer,Asia,Japan,Kanto,Tokyo,Tokyo,Furniture,Bookcases,435.12,3,0,21.76
GB-2024-11459,5/11/2024,5/16/2024,Standard Class,Home Office,North America,Canada,West,British Columbia,Vancouver,Furniture,Chairs,1458.8,4,0,218.82
GB-2024-11460,12/19/2024,12/24/2024,Standard Class,Home Office,Oceania,Australia,East,New South Wales,Sydney,Office Supplies,Paper,35.67,3,0,14.27
GB-2025-11461,1/2/2025,1/7/2025,Standard Class,Home Office,Europe,Germany,North,Berlin,Berlin,Furniture,Bookcases,659.57,2,0.1,6.6
GB-2024-11462,1/27/2024,2/1/2024,Standard Class,Corporate,South America,Brazil,Southeast,Rio de Janeiro,Rio de Janeiro,Technology,Copiers,7385.04,8,0,2584.76
GB-2024-11463,3/2/2024,3/7/2024,Standard Class,Home Office,North America,United States,West,Washington,Seattle,Technology,Phones,2677.92,7,0,535.58
GB-2024-11464,10/15/2024,10/20/2024,Standard Class,Consumer,Europe,Germany,North,Berlin,Berlin,Furniture,Bookcases,174.91,1,0,8.75
GB-2025-11465,9/22/2025,9/27/2025,Standard Class,Corporate,Africa,South Africa,Western Cape,Western Cape,Cape Town,Office Supplies,Paper,86.78,6,0.1,29.51
GB-2024-11466,12/22/2024,12/27/2024,Standard Class,Corporate,Asia,India,South,Tamil Nadu,Chennai,Furniture,Tables,2519.8,5,0,251.98
GB-2024-11467,2/15/2024,2/20/2024,Standard Class,Consumer,Asia,India,North,Delhi,New Delhi,Furniture,Furnishings,276.21,9,0,69.05
GB-2024-11468,10/9/2024,10/12/2024,Second Class,Consumer,Europe,Germany,North,Berlin,Berlin,Technology,Phones,3349.26,6,0,669.85
GB-2024-11469,2/1/2024,2/3/2024,First Class,Consumer,Africa,South Africa,Western Cape,Western Cape,Cape Town,Furniture,Chairs,2001.23,7,0,300.18
GB-2025-11470,4/18/2025,4/21/2025,Second Class,Corporate,North America,United States,West,Washington,Seattle,Technology,Accessories,377.79,8,0.2,105.78
GB-2024-11471,6/28/2024,7/3/2024,Standard Class,Consumer,North America,Canada,East,Ontario,Toronto,Technology,Accessories,602.96,8,0,241.18
GB-2024-11472,9/16/2024,9/21/2024,Standard Class,Consumer,North America,United States,West,California,Los Angeles,Technology,Copiers,4587.63,7,0.2,1055.15
GB-2025-11473,3/26/2025,3/28/2025,First Class,Corporate,South America,Brazil,Southeast,São Paulo,São Paulo,Office Supplies,Paper,99.09,9,0,39.64
GB-2025-11474,5/1/2025,5/6/2025,Standard Class,Consumer,Africa,South Africa,Western Cape,Western Cape,Cape Town,Furniture,Bookcases,1728.3,6,0,86.42
GB-2024-11475,3/10/2024,3/13/2024,Second Class,Consumer,Europe,Germany,South,Bavaria,Munich,Office Supplies,Paper,23.73,1,0,9.49
GB-2024-11476,8/29/2024,9/3/2024,Standard Class,Home Office,North America,Canada,East,Ontario,Toronto,Furniture,Chairs,2312.04,6,0,346.81
GB-2025-11477,9/17/2025,9/20/2025,Second Class,Consumer,Asia,Japan,Kansai,Osaka,Osaka,Technology,Machines,4451.32,4,0,801.24
GB-2025-11478,8/27/2025,9/1/2025,Standard Class,Consumer,Asia,Japan,Kansai,Osaka,Osaka,Office Supplies,Envelopes,14.46,2,0,5.06
GB-2024-11479,2/20/2024,2/25/2024,Standard Class,Home Office,North America,United States,East,Pennsylvania,Philadelphia,Office Supplies,Binders,74.74,4,0.5,11.21
GB-2025-11480,11/16/2025,11/21/2025,Standard Class,Corporate,Oceania,Australia,West,Western Australia,Perth,Furniture,Bookcases,876.07,3,0.2,61.32
GB-2025-11481,11/7/2025,11/12/2025,Standard Class,Consumer,Europe,Germany,North,Berlin,Berlin,Furniture,Furnishings,77.12,1,0.1,14.65
GB-2025-11482,11/6/2025,11/11/2025,Standard Class,Home Office,Asia,India,North,Delhi,New Delhi,Office Supplies,Envelopes,55.38,3,0,19.38
GB-2025-11483,3/31/2025,3/31/2025,Same Day,Home Office,Asia,Japan,Kanto,Tokyo,Tokyo,Technology,Machines,3672.65,5,0,661.08
GB-2026-11484,2/15/2026,2/20/2026,Standard Class,Corporate,Oceania,Australia,West,Western Australia,Perth,Office Supplies,Paper,67.03,9,0.2,18.77
GB-2024-11485,9/22/2024,9/27/2024,Standard Class,Corporate,Europe,Germany,North,Berlin,Berlin,Furniture,Furnishings,73.92,2,0,18.48
GB-2026-11486,2/21/2026,2/24/2026,Second Class,Consumer,South America,Brazil,South,Paraná,Curitiba,Technology,Machines,12547.71,9,0,2258.59
GB-2026-11487,1/13/2026,1/16/2026,Second Class,Home Office,South America,Brazil,Southeast,Rio de Janeiro,Rio de Janeiro,Furniture,Bookcases,1256.04,4,0,62.8
GB-2026-11488,3/20/2026,3/25/2026,Standard Class,Home Office,Europe,Germany,South,Bavaria,Munich,Office Supplies,Binders,68.58,3,0.1,26.75
GB-2026-11489,4/7/2026,4/10/2026,Second Class,Home Office,North America,Canada,West,British Columbia,Vancouver,Office Supplies,Envelopes,28.17,3,0,9.86
GB-2025-11490,9/11/2025,9/13/2025,First Class,Home Office,Asia,Japan,Kansai,Osaka,Osaka,Technology,Accessories,163.31,7,0,65.32
GB-2024-11491,11/15/2024,11/20/2024,Standard Class,Corporate,North America,Canada,East,Ontario,Toronto,Furniture,Tables,3414,6,0,341.4
GB-2025-11492,10/7/2025,10/12/2025,Standard Class,Home Office,Oceania,Australia,East,New South Wales,Sydney,Technology,Machines,10497.24,9,0,1889.5
GB-2024-11493,2/12/2024,2/14/2024,First Class,Consumer,Africa,South Africa,Western Cape,Western Cape,Cape Town,Technology,Machines,1561.34,2,0.1,374.72
GB-2024-11494,3/5/2024,3/10/2024,Standard Class,Consumer,North America,United States,East,Pennsylvania,Philadelphia,Technology,Copiers,6402.52,4,0,2240.88
GB-2024-11495,8/6/2024,8/11/2024,Standard Class,Corporate,South America,Brazil,Southeast,São Paulo,São Paulo,Furniture,Bookcases,1601.34,6,0,80.07
GB-2024-11496,12/6/2024,12/9/2024,Second Class,Home Office,North America,United States,West,Washington,Seattle,Office Supplies,Envelopes,24.11,3,0.1,6.99
GB-2025-11497,3/15/2025,3/20/2025,Standard Class,Consumer,South America,Brazil,South,Paraná,Curitiba,Technology,Machines,9307.48,7,0,1675.35
GB-2026-11498,1/28/2026,2/2/2026,Standard Class,Home Office,North America,United States,West,California,Los Angeles,Technology,Phones,3985.66,7,0,797.13
GB-2024-11499,4/9/2024,4/14/2024,Standard Class,Corporate,North America,United States,East,Pennsylvania,Philadelphia,Technology,Copiers,5170.31,7,0.5,258.52
GB-2025-11500,7/13/2025,7/18/2025,Standard Class,Home Office,Oceania,Australia,West,Western Australia,Perth,Office Supplies,Envelopes,61.32,5,0.2,14.1
GB-2024-11501,12/1/2024,12/6/2024,Standard Class,Corporate,Africa,South Africa,Gauteng,Gauteng,Johannesburg,Technology,Copiers,1841.45,3,0.1,534.02
GB-2025-11502,5/4/2025,5/4/2025,Same Day,Consumer,Asia,Japan,Kanto,Tokyo,Tokyo,Furniture,Chairs,1249.78,8,0.1,112.48
GB-2024-11503,3/4/2024,3/9/2024,Standard Class,Home Office,Oceania,Australia,East,New South Wales,Sydney,Office Supplies,Binders,307.69,7,0.1,120
GB-2024-11504,4/12/2024,4/17/2024,Standard Class,Corporate,Europe,United Kingdom,North,Scotland,Edinburgh,Furniture,Chairs,295.42,1,0.1,26.59
GB-2024-11505,11/4/2024,11/6/2024,First Class,Corporate,Oceania,Australia,East,New South Wales,Sydney,Office Supplies,Envelopes,106.68,7,0,37.34
GB-2026-11506,1/28/2026,1/30/2026,First Class,Home Office,Europe,Germany,South,Bavaria,Munich,Office Supplies,Envelopes,29.72,5,0.2,6.84
GB-2024-11507,11/14/2024,11/19/2024,Standard Class,Corporate,Europe,Germany,South,Bavaria,Munich,Technology,Machines,3112.02,5,0.5,1493.77
GB-2024-11508,7/15/2024,7/18/2024,Second Class,Home Office,North America,United States,East,Pennsylvania,Philadelphia,Office Supplies,Envelopes,93.8,7,0.2,21.57
GB-2024-11509,7/7/2024,7/10/2024,Second Class,Corporate,Asia,India,North,Delhi,New Delhi,Technology,Accessories,298.56,6,0,119.42
GB-2025-11510,12/12/2025,12/14/2025,First Class,Corporate,North America,United States,East,New York,New York,Furniture,Bookcases,1050.25,3,0.1,10.5
GB-2025-11511,3/14/2025,3/14/2025,Same Day,Corporate,Asia,Japan,Kansai,Osaka,Osaka,Furniture,Bookcases,434.08,2,0,21.7
GB-2024-11512,6/30/2024,7/5/2024,Standard Class,Consumer,North America,Canada,West,British Columbia,Vancouver,Furniture,Chairs,584.76,2,0,87.71
GB-2025-11513,2/9/2025,2/14/2025,Standard Class,Corporate,Africa,South Africa,Gauteng,Gauteng,Johannesburg,Furniture,Bookcases,2427.01,8,0.2,169.89
GB-2026-11514,4/1/2026,4/6/2026,Standard Class,Consumer,Africa,South Africa,Western Cape,Western Cape,Cape Town,Technology,Machines,1124,2,0,202.32
GB-2024-11515,6/17/2024,6/22/2024,Standard Class,Home Office,North America,Canada,West,British Columbia,Vancouver,Office Supplies,Art,155.33,7,0,46.6
GB-2025-11516,4/17/2025,4/22/2025,Standard Class,Home Office,North America,Canada,East,Ontario,Toronto,Furniture,Chairs,3225.69,9,0,483.85
GB-2024-11517,11/28/2024,11/30/2024,First Class,Corporate,Asia,Japan,Kanto,Tokyo,Tokyo,Technology,Machines,3680.25,5,0,662.44
GB-2025-11518,10/29/2025,11/3/2025,Standard Class,Home Office,North America,United States,East,New York,New York,Furniture,Tables,1146.09,3,0.5,458.44
GB-2024-11519,10/19/2024,10/22/2024,Second Class,Home Office,Asia,Japan,Kanto,Tokyo,Tokyo,Office Supplies,Envelopes,34.56,4,0,12.1
GB-2025-11520,10/18/2025,10/21/2025,Second Class,Consumer,Europe,United Kingdom,South,England,London,Technology,Copiers,3713.66,2,0,1299.78
GB-2024-11521,1/13/2024,1/16/2024,Second Class,Consumer,Asia,India,East,West Bengal,Kolkata,Furniture,Bookcases,1886.58,6,0,94.33
GB-2025-11522,1/30/2025,2/2/2025,Second Class,Consumer,Europe,United Kingdom,North,Scotland,Edinburgh,Office Supplies,Binders,10.28,5,0.2,3.39
GB-2025-11523,12/17/2025,12/20/2025,Second Class,Home Office,North America,United States,West,Washington,Seattle,Office Supplies,Art,165.67,9,0.2,29.82
GB-2024-11524,12/19/2024,12/19/2024,Same Day,Corporate,North America,Canada,West,British Columbia,Vancouver,Office Supplies,Paper,92.34,9,0,36.94
GB-2025-11525,1/5/2025,1/8/2025,Second Class,Corporate,Asia,India,East,West Bengal,Kolkata,Furniture,Bookcases,1172.36,4,0,58.62
GB-2025-11526,7/3/2025,7/8/2025,Standard Class,Home Office,Oceania,Australia,West,Western Australia,Perth,Technology,Copiers,514.25,1,0.5,25.71
GB-2025-11527,5/7/2025,5/12/2025,Standard Class,Consumer,Asia,India,South,Tamil Nadu,Chennai,Technology,Copiers,5637.9,5,0,1973.26
GB-2024-11528,4/1/2024,4/3/2024,First Class,Home Office,Oceania,Australia,West,Western Australia,Perth,Office Supplies,Binders,150.91,4,0.1,58.85
GB-2025-11529,8/29/2025,9/3/2025,Standard Class,Home Office,North America,United States,East,New York,New York,Technology,Machines,664.87,1,0.2,199.46
GB-2025-11530,8/3/2025,8/8/2025,Standard Class,Consumer,Oceania,Australia,East,New South Wales,Sydney,Furniture,Chairs,394.86,1,0,59.23
GB-2024-11531,8/23/2024,8/28/2024,Standard Class,Consumer,North America,Canada,West,British Columbia,Vancouver,Office Supplies,Paper,27.75,1,0,11.1
GB-2025-11532,10/8/2025,10/13/2025,Standard Class,Home Office,South America,Brazil,South,Paraná,Curitiba,Furniture,Chairs,1034.05,5,0,155.11
GB-2024-11533,4/5/2024,4/10/2024,Standard Class,Home Office,North America,Canada,West,British Columbia,Vancouver,Technology,Phones,6513.13,9,0.1,911.84
GB-2024-11534,10/9/2024,10/14/2024,Standard Class,Home Office,Asia,India,South,Tamil Nadu,Chennai,Office Supplies,Art,9.46,2,0,2.84
GB-2026-11535,3/2/2026,3/2/2026,Same Day,Corporate,Asia,Japan,Kanto,Tokyo,Tokyo,Office Supplies,Art,144,6,0,43.2
GB-2025-11536,3/24/2025,3/26/2025,First Class,Corporate,North America,United States,West,Washington,Seattle,Technology,Machines,4868.78,7,0,876.38
GB-2025-11537,10/24/2025,10/29/2025,Standard Class,Corporate,North America,United States,East,New York,New York,Office Supplies,Paper,148.32,8,0,59.33
GB-2025-11538,9/20/2025,9/22/2025,First Class,Home Office,North America,Canada,East,Ontario,Toronto,Office Supplies,Binders,155.05,7,0,69.77
GB-2025-11539,7/21/2025,7/26/2025,Standard Class,Home Office,Asia,Japan,Kanto,Tokyo,Tokyo,Technology,Machines,980.75,1,0,176.53
GB-2025-11540,7/25/2025,7/30/2025,Standard Class,Home Office,Oceania,Australia,West,Western Australia,Perth,Office Supplies,Paper,150.42,6,0,60.17
GB-2025-11541,1/6/2025,1/11/2025,Standard Class,Consumer,Oceania,Australia,East,New South Wales,Sydney,Furniture,Chairs,303.7,2,0.2,9.11
GB-2026-11542,2/21/2026,2/21/2026,Same Day,Corporate,Asia,India,East,West Bengal,Kolkata,Office Supplies,Paper,213.6,9,0.1,72.62
GB-2025-11543,8/8/2025,8/13/2025,Standard Class,Consumer,South America,Brazil,South,Paraná,Curitiba,Technology,Accessories,159.74,2,0,63.9
GB-2025-11544,12/24/2025,12/29/2025,Standard Class,Home Office,North America,Canada,West,British Columbia,Vancouver,Furniture,Chairs,2533.61,9,0.2,76.01
GB-2025-11545,7/18/2025,7/23/2025,Standard Class,Consumer,Asia,Japan,Kanto,Tokyo,Tokyo,Office Supplies,Binders,13.14,3,0.5,1.97
GB-2024-11546,12/8/2024,12/13/2024,Standard Class,Consumer,Europe,Germany,South,Bavaria,Munich,Furniture,Chairs,2285.82,9,0,342.87
GB-2025-11547,5/12/2025,5/14/2025,First Class,Consumer,Europe,United Kingdom,South,England,London,Furniture,Bookcases,2513.88,8,0.1,25.14
GB-2024-11548,1/19/2024,1/21/2024,First Class,Consumer,North America,Canada,East,Ontario,Toronto,Office Supplies,Art,13.65,1,0,4.09
GB-2024-11549,5/19/2024,5/24/2024,Standard Class,Corporate,Africa,South Africa,Western Cape,Western Cape,Cape Town,Furniture,Chairs,532.15,2,0.1,47.89
GB-2026-11550,4/16/2026,4/21/2026,Standard Class,Consumer,Asia,Japan,Kanto,Tokyo,Tokyo,Furniture,Furnishings,45.05,2,0.5,2.25
GB-2026-11551,3/24/2026,3/27/2026,Second Class,Consumer,Europe,United Kingdom,North,Scotland,Edinburgh,Furniture,Chairs,2389.07,6,0.1,215.02
GB-2025-11552,4/19/2025,4/21/2025,First Class,Consumer,Africa,South Africa,Western Cape,Western Cape,Cape Town,Office Supplies,Paper,23.6,1,0,9.44
GB-2026-11553,4/16/2026,4/18/2026,First Class,Corporate,North America,United States,East,New York,New York,Furniture,Furnishings,165.74,2,0,41.44
GB-2025-11554,11/27/2025,12/2/2025,Standard Class,Corporate,North America,United States,West,Washington,Seattle,Technology,Accessories,501.56,4,0,200.62
GB-2025-11555,8/4/2025,8/9/2025,Standard Class,Corporate,Oceania,Australia,West,Western Australia,Perth,Furniture,Bookcases,1741.32,5,0.1,17.41
GB-2025-11556,2/27/2025,3/1/2025,First Class,Consumer,Africa,South Africa,Western Cape,Western Cape,Cape Town,Office Supplies,Paper,99.14,4,0.1,33.71
GB-2024-11557,3/13/2024,3/18/2024,Standard Class,Corporate,North America,Canada,West,British Columbia,Vancouver,Technology,Copiers,2511.16,2,0,878.91
GB-2026-11558,3/13/2026,3/16/2026,Second Class,Corporate,Europe,United Kingdom,North,Scotland,Edinburgh,Office Supplies,Paper,92.92,7,0.5,9.29
GB-2025-11559,3/21/2025,3/26/2025,Standard Class,Corporate,Europe,United Kingdom,North,Scotland,Edinburgh,Technology,Copiers,9225.9,9,0,3229.06
GB-2026-11560,3/30/2026,4/4/2026,Standard Class,Home Office,Africa,South Africa,Western Cape,Western Cape,Cape Town,Technology,Phones,2803.14,6,0,560.63
GB-2025-11561,3/30/2025,4/1/2025,First Class,Home Office,North America,Canada,West,British Columbia,Vancouver,Office Supplies,Paper,174.12,6,0,69.65
GB-2025-11562,8/1/2025,8/6/2025,Standard Class,Consumer,Oceania,Australia,West,Western Australia,Perth,Furniture,Furnishings,340.92,5,0.1,64.77
GB-2025-11563,9/6/2025,9/11/2025,Standard Class,Consumer,North America,United States,East,Pennsylvania,Philadelphia,Technology,Machines,1910.03,2,0.1,458.41
GB-2024-11564,5/25/2024,5/30/2024,Standard Class,Corporate,Asia,Japan,Kansai,Osaka,Osaka,Technology,Copiers,4462.14,3,0,1561.75
GB-2025-11565,9/27/2025,10/2/2025,Standard Class,Consumer,Europe,Germany,North,Berlin,Berlin,Furniture,Chairs,307,3,0.5,46.05
GB-2026-11566,3/14/2026,3/17/2026,Second Class,Home Office,Europe,United Kingdom,South,England,London,Office Supplies,Paper,25.98,2,0,10.39
GB-2026-11567,1/6/2026,1/8/2026,First Class,Corporate,Africa,South Africa,Western Cape,Western Cape,Cape Town,Furniture,Furnishings,55.76,5,0.2,7.25
GB-2024-11568,4/12/2024,4/15/2024,Second Class,Home Office,North America,United States,West,California,Los Angeles,Office Supplies,Art,20.86,1,0.1,5.01
GB-2026-11569,4/29/2026,5/4/2026,Standard Class,Consumer,Africa,South Africa,Gauteng,Gauteng,Johannesburg,Technology,Phones,3008.08,4,0,601.62
GB-2024-11570,1/4/2024,1/9/2024,Standard Class,Consumer,South America,Brazil,South,Paraná,Curitiba,Technology,Accessories,58.72,2,0,23.49
GB-2025-11571,9/20/2025,9/22/2025,First Class,Consumer,Africa,South Africa,Gauteng,Gauteng,Johannesburg,Office Supplies,Binders,209.58,6,0,94.31
GB-2024-11572,2/16/2024,2/21/2024,Standard Class,Consumer,North America,Canada,West,British Columbia,Vancouver,Technology,Phones,2299.33,7,0.5,229.93
GB-2026-11573,4/24/2026,4/29/2026,Standard Class,Consumer,Oceania,Australia,West,Western Australia,Perth,Furniture,Tables,3783.74,8,0.1,605.4
GB-2024-11574,5/8/2024,5/11/2024,Second Class,Consumer,Asia,Japan,Kansai,Osaka,Osaka,Furniture,Chairs,267.79,1,0,40.17
GB-2026-11575,2/15/2026,2/17/2026,First Class,Consumer,Europe,United Kingdom,South,England,London,Technology,Accessories,29.47,1,0,11.79
GB-2025-11576,1/23/2025,1/28/2025,Standard Class,Consumer,South America,Brazil,South,Paraná,Curitiba,Office Supplies,Art,43.79,3,0.1,10.51
GB-2025-11577,11/8/2025,11/10/2025,First Class,Home Office,Asia,India,West,Maharashtra,Mumbai,Office Supplies,Paper,9.68,2,0.1,3.29
GB-2025-11578,8/8/2025,8/13/2025,Standard Class,Corporate,Asia,India,South,Tamil Nadu,Chennai,Furniture,Furnishings,295.11,9,0,73.78
GB-2024-11579,4/29/2024,5/4/2024,Standard Class,Corporate,Europe,United Kingdom,South,England,London,Technology,Accessories,405.95,8,0.2,113.67
GB-2025-11580,7/30/2025,8/4/2025,Standard Class,Home Office,Europe,United Kingdom,South,England,London,Technology,Machines,2921.2,5,0,525.82
GB-2024-11581,9/3/2024,9/8/2024,Standard Class,Consumer,Asia,India,East,West Bengal,Kolkata,Office Supplies,Binders,14.28,2,0.5,2.14
GB-2024-11582,1/26/2024,1/29/2024,Second Class,Consumer,North America,Canada,East,Ontario,Toronto,Office Supplies,Binders,145.04,4,0,65.27
GB-2024-11583,7/4/2024,7/9/2024,Standard Class,Home Office,Africa,South Africa,Gauteng,Gauteng,Johannesburg,Office Supplies,Paper,173.88,9,0,69.55
GB-2024-11584,1/5/2024,1/8/2024,Second Class,Home Office,North America,United States,East,Pennsylvania,Philadelphia,Furniture,Bookcases,1590.42,6,0,79.52
GB-2025-11585,8/25/2025,8/27/2025,First Class,Home Office,Asia,Japan,Kanto,Tokyo,Tokyo,Office Supplies,Paper,21.38,1,0.1,7.27
GB-2024-11586,8/30/2024,9/4/2024,Standard Class,Home Office,Asia,India,North,Delhi,New Delhi,Technology,Copiers,16848.54,9,0,5896.99
GB-2024-11587,6/25/2024,6/27/2024,First Class,Corporate,Europe,Germany,North,Berlin,Berlin,Technology,Copiers,4834.02,3,0,1691.91
GB-2024-11588,1/2/2024,1/7/2024,Standard Class,Home Office,North America,Canada,East,Ontario,Toronto,Furniture,Tables,388.58,1,0,38.86
GB-2025-11589,5/13/2025,5/13/2025,Same Day,Home Office,North America,United States,East,New York,New York,Office Supplies,Art,67.39,4,0.1,16.17
GB-2026-11590,1/23/2026,1/26/2026,Second Class,Consumer,North America,United States,East,Pennsylvania,Philadelphia,Technology,Copiers,7173.32,4,0,2510.66
GB-2025-11591,3/25/2025,3/30/2025,Standard Class,Consumer,Asia,India,West,Maharashtra,Mumbai,Technology,Copiers,1672.13,1,0.1,484.92
GB-2025-11592,5/30/2025,6/4/2025,Standard Class,Corporate,South America,Brazil,South,Paraná,Curitiba,Furniture,Chairs,228,1,0.1,20.52
GB-2024-11593,8/24/2024,8/26/2024,First Class,Corporate,Europe,Germany,South,Bavaria,Munich,Technology,Copiers,4522.69,3,0.1,1311.58
GB-2025-11594,10/29/2025,11/3/2025,Standard Class,Home Office,North America,United States,West,Washington,Seattle,Office Supplies,Paper,29.33,3,0.5,2.93
GB-2024-11595,8/11/2024,8/16/2024,Standard Class,Consumer,North America,Canada,East,Ontario,Toronto,Office Supplies,Binders,70.18,3,0.2,23.16
GB-2024-11596,7/26/2024,7/28/2024,First Class,Corporate,Europe,United Kingdom,North,Scotland,Edinburgh,Technology,Accessories,452.86,7,0.5,45.29
GB-2025-11597,4/16/2025,4/16/2025,Same Day,Consumer,Europe,Germany,North,Berlin,Berlin,Technology,Machines,4787.04,6,0,861.67
GB-2024-11598,10/20/2024,10/23/2024,Second Class,Corporate,Europe,United Kingdom,North,Scotland,Edinburgh,Office Supplies,Binders,155.1,5,0,69.8
GB-2024-11599,8/18/2024,8/23/2024,Standard Class,Corporate,North America,Canada,East,Ontario,Toronto,Furniture,Tables,1385.82,3,0,138.58
GB-2024-11600,4/30/2024,5/5/2024,Standard Class,Consumer,North America,Canada,East,Ontario,Toronto,Technology,Accessories,537.8,5,0,215.12
GB-2025-11601,6/11/2025,6/13/2025,First Class,Home Office,South America,Brazil,South,Paraná,Curitiba,Technology,Machines,2979.23,3,0.1,715.02
GB-2026-11602,4/20/2026,4/23/2026,Second Class,Home Office,Asia,Japan,Kansai,Osaka,Osaka,Furniture,Bookcases,1318.36,4,0.1,13.18
GB-2024-11603,10/15/2024,10/17/2024,First Class,Consumer,South America,Brazil,South,Paraná,Curitiba,Furniture,Tables,1930.2,5,0.5,772.08
GB-2024-11604,2/5/2024,2/7/2024,First Class,Consumer,North America,Canada,West,British Columbia,Vancouver,Furniture,Bookcases,1054.7,5,0,52.74
GB-2026-11605,1/15/2026,1/20/2026,Standard Class,Home Office,Oceania,Australia,West,Western Australia,Perth,Office Supplies,Envelopes,39.58,5,0.5,1.98
GB-2025-11606,10/12/2025,10/17/2025,Standard Class,Consumer,Europe,United Kingdom,North,Scotland,Edinburgh,Technology,Machines,2080.83,5,0.5,998.8
GB-2025-11607,8/31/2025,9/3/2025,Second Class,Corporate,Africa,South Africa,Western Cape,Western Cape,Cape Town,Office Supplies,Binders,21,2,0,9.45
GB-2024-11608,1/23/2024,1/28/2024,Standard Class,Consumer,Oceania,Australia,East,New South Wales,Sydney,Furniture,Furnishings,58.62,3,0.5,2.93
GB-2025-11609,8/12/2025,8/17/2025,Standard Class,Corporate,Asia,India,North,Delhi,New Delhi,Furniture,Furnishings,111.5,5,0,27.88
GB-2026-11610,1/4/2026,1/9/2026,Standard Class,Consumer,North America,Canada,East,Ontario,Toronto,Furniture,Bookcases,2475.54,9,0,123.78
GB-2024-11611,6/10/2024,6/12/2024,First Class,Consumer,Europe,Germany,South,Bavaria,Munich,Technology,Phones,5226.08,8,0,1045.22
GB-2026-11612,2/27/2026,3/4/2026,Standard Class,Consumer,Africa,South Africa,Gauteng,Gauteng,Johannesburg,Office Supplies,Art,20.94,3,0,6.28
GB-2025-11613,1/12/2025,1/15/2025,Second Class,Corporate,North America,Canada,West,British Columbia,Vancouver,Furniture,Bookcases,1608.7,5,0,80.44
GB-2025-11614,6/1/2025,6/4/2025,Second Class,Corporate,North America,Canada,East,Ontario,Toronto,Office Supplies,Binders,65.62,3,0.5,9.84
GB-2025-11615,11/23/2025,11/28/2025,Standard Class,Home Office,Europe,Germany,North,Berlin,Berlin,Office Supplies,Envelopes,55.84,8,0,19.54
GB-2025-11616,11/29/2025,12/4/2025,Standard Class,Consumer,North America,United States,East,Pennsylvania,Philadelphia,Furniture,Chairs,1894.03,6,0.2,56.82
GB-2025-11617,7/3/2025,7/8/2025,Standard Class,Corporate,Europe,United Kingdom,South,England,London,Furniture,Furnishings,226.95,3,0,56.74
GB-2024-11618,7/9/2024,7/14/2024,Standard Class,Home Office,Asia,India,North,Delhi,New Delhi,Furniture,Bookcases,1405.08,4,0.1,14.05
GB-2024-11619,5/6/2024,5/9/2024,Second Class,Consumer,Asia,India,East,West Bengal,Kolkata,Furniture,Tables,646.13,2,0.1,103.38
GB-2024-11620,12/25/2024,12/28/2024,Second Class,Home Office,Asia,India,North,Delhi,New Delhi,Technology,Machines,2802.13,4,0.1,672.51
GB-2025-11621,9/22/2025,9/27/2025,Standard Class,Home Office,Asia,India,West,Maharashtra,Mumbai,Furniture,Furnishings,291.76,4,0,72.94
GB-2025-11622,6/18/2025,6/21/2025,Second Class,Consumer,North America,Canada,West,British Columbia,Vancouver,Office Supplies,Binders,38.64,3,0,17.39
GB-2025-11623,6/3/2025,6/8/2025,Standard Class,Consumer,Europe,United Kingdom,South,England,London,Furniture,Tables,3678.7,7,0.1,588.59
GB-2024-11624,5/3/2024,5/6/2024,Second Class,Consumer,Asia,India,East,West Bengal,Kolkata,Furniture,Chairs,1499.2,8,0,224.88
GB-2024-11625,12/28/2024,12/31/2024,Second Class,Home Office,North America,United States,East,Pennsylvania,Philadelphia,Technology,Machines,4937.75,5,0,888.79
GB-2025-11626,2/16/2025,2/21/2025,Standard Class,Corporate,Europe,Germany,North,Berlin,Berlin,Furniture,Tables,983.7,3,0,98.37
GB-2025-11627,12/30/2025,1/4/2026,Standard Class,Home Office,North America,Canada,West,British Columbia,Vancouver,Office Supplies,Binders,15.86,3,0.5,2.38
GB-2025-11628,2/18/2025,2/23/2025,Standard Class,Consumer,Asia,Japan,Kanto,Tokyo,Tokyo,Technology,Phones,2205.22,7,0.2,176.42
GB-2026-11629,3/20/2026,3/23/2026,Second Class,Consumer,North America,United States,East,Pennsylvania,Philadelphia,Office Supplies,Envelopes,32.85,5,0,11.5
GB-2025-11630,5/12/2025,5/15/2025,Second Class,Consumer,South America,Brazil,Southeast,Rio de Janeiro,Rio de Janeiro,Furniture,Chairs,431.86,2,0,64.78
GB-2025-11631,2/14/2025,2/17/2025,Second Class,Home Office,Asia,Japan,Kanto,Tokyo,Tokyo,Technology,Accessories,177.79,7,0.1,60.45
GB-2026-11632,3/20/2026,3/25/2026,Standard Class,Corporate,Europe,United Kingdom,South,England,London,Office Supplies,Paper,206.01,7,0,82.4
GB-2024-11633,3/20/2024,3/25/2024,Standard Class,Home Office,Europe,Germany,South,Bavaria,Munich,Technology,Phones,4717.58,7,0,943.52
GB-2024-11634,11/24/2024,11/29/2024,Standard Class,Corporate,Europe,United Kingdom,South,England,London,Furniture,Tables,389.49,1,0,38.95
GB-2024-11635,6/11/2024,6/14/2024,Second Class,Consumer,Asia,Japan,Kanto,Tokyo,Tokyo,Technology,Phones,668.97,3,0.5,66.9
GB-2025-11636,8/8/2025,8/13/2025,Standard Class,Home Office,Europe,Germany,South,Bavaria,Munich,Office Supplies,Paper,151.74,9,0,60.7
GB-2025-11637,3/12/2025,3/17/2025,Standard Class,Corporate,North America,United States,East,Pennsylvania,Philadelphia,Technology,Machines,906.42,1,0,163.16
GB-2025-11638,8/13/2025,8/13/2025,Same Day,Home Office,Asia,Japan,Kansai,Osaka,Osaka,Technology,Copiers,3978.99,5,0.1,1153.91
GB-2025-11639,10/7/2025,10/10/2025,Second Class,Corporate,Europe,United Kingdom,North,Scotland,Edinburgh,Furniture,Chairs,491.1,3,0,73.67
GB-2024-11640,3/11/2024,3/16/2024,Standard Class,Consumer,Asia,Japan,Kansai,Osaka,Osaka,Office Supplies,Envelopes,54.9,5,0.1,15.92
GB-2024-11641,1/2/2024,1/7/2024,Standard Class,Home Office,Europe,Germany,South,Bavaria,Munich,Office Supplies,Envelopes,67.95,5,0,23.78
GB-2024-11642,11/12/2024,11/14/2024,First Class,Consumer,Europe,United Kingdom,North,Scotland,Edinburgh,Office Supplies,Paper,132.25,5,0,52.9
GB-2025-11643,2/20/2025,2/25/2025,Standard Class,Corporate,Asia,Japan,Kanto,Tokyo,Tokyo,Technology,Machines,4596.98,5,0.1,1103.28
GB-2025-11644,4/20/2025,4/25/2025,Standard Class,Consumer,South America,Brazil,Southeast,Rio de Janeiro,Rio de Janeiro,Furniture,Bookcases,459.44,4,0,22.97
GB-2025-11645,4/22/2025,4/25/2025,Second Class,Consumer,Europe,United Kingdom,South,England,London,Office Supplies,Envelopes,45.6,4,0,15.96
GB-2024-11646,3/21/2024,3/23/2024,First Class,Home Office,North America,Canada,West,British Columbia,Vancouver,Office Supplies,Envelopes,30.52,7,0.5,1.53
GB-2026-11647,2/10/2026,2/15/2026,Standard Class,Corporate,Asia,Japan,Kansai,Osaka,Osaka,Office Supplies,Paper,121.15,7,0.1,41.19
GB-2024-11648,9/7/2024,9/10/2024,Second Class,Consumer,Asia,Japan,Kansai,Osaka,Osaka,Office Supplies,Binders,220.5,5,0,99.23
GB-2025-11649,6/22/2025,6/25/2025,Second Class,Home Office,Asia,India,West,Maharashtra,Mumbai,Furniture,Bookcases,1830.92,9,0.1,18.31
GB-2025-11650,5/3/2025,5/6/2025,Second Class,Consumer,Africa,South Africa,Gauteng,Gauteng,Johannesburg,Furniture,Chairs,404.38,1,0.1,36.39
GB-2025-11651,4/1/2025,4/6/2025,Standard Class,Home Office,North America,Canada,East,Ontario,Toronto,Office Supplies,Art,101.7,9,0,30.51
GB-2025-11652,12/27/2025,12/30/2025,Second Class,Corporate,Europe,United Kingdom,South,England,London,Furniture,Chairs,240.53,1,0,36.08
GB-2024-11653,11/7/2024,11/12/2024,Standard Class,Consumer,North America,United States,East,New York,New York,Furniture,Bookcases,281.82,2,0,14.09
GB-2026-11654,1/21/2026,1/23/2026,First Class,Corporate,South America,Brazil,South,Paraná,Curitiba,Office Supplies,Art,193.92,8,0,58.18
GB-2025-11655,3/16/2025,3/16/2025,Same Day,Consumer,South America,Brazil,Southeast,Rio de Janeiro,Rio de Janeiro,Technology,Accessories,529.02,9,0,211.61
GB-2024-11656,12/1/2024,12/6/2024,Standard Class,Consumer,North America,United States,West,California,Los Angeles,Furniture,Bookcases,471.45,3,0,23.57
GB-2025-11657,11/17/2025,11/20/2025,Second Class,Consumer,South America,Brazil,South,Paraná,Curitiba,Office Supplies,Binders,96.84,5,0.1,37.77
GB-2024-11658,1/20/2024,1/25/2024,Standard Class,Home Office,Europe,Germany,South,Bavaria,Munich,Furniture,Bookcases,812.16,3,0,40.61
GB-2026-11659,2/10/2026,2/15/2026,Standard Class,Consumer,North America,United States,West,Washington,Seattle,Office Supplies,Paper,46.36,8,0.5,4.64
GB-2024-11660,11/5/2024,11/10/2024,Standard Class,Corporate,North America,United States,West,California,Los Angeles,Furniture,Tables,5267.07,9,0,526.71
GB-2025-11661,2/4/2025,2/9/2025,Standard Class,Corporate,Asia,India,West,Maharashtra,Mumbai,Furniture,Tables,1020.52,4,0,102.05
GB-2024-11662,12/4/2024,12/9/2024,Standard Class,Consumer,North America,United States,East,New York,New York,Furniture,Tables,2372.8,5,0,237.28
GB-2026-11663,1/21/2026,1/24/2026,Second Class,Home Office,South America,Brazil,South,Paraná,Curitiba,Office Supplies,Envelopes,44.93,3,0.1,13.03
GB-2024-11664,12/21/2024,12/24/2024,Second Class,Corporate,North America,United States,East,Pennsylvania,Philadelphia,Technology,Accessories,54.58,4,0.5,5.46
GB-2024-11665,6/26/2024,6/28/2024,First Class,Home Office,Oceania,Australia,West,Western Australia,Perth,Furniture,Chairs,462.52,4,0.5,69.38
GB-2026-11666,3/22/2026,3/27/2026,Standard Class,Consumer,Oceania,Australia,East,New South Wales,Sydney,Furniture,Furnishings,259.71,3,0.1,49.34
GB-2024-11667,5/15/2024,5/20/2024,Standard Class,Corporate,North America,Canada,West,British Columbia,Vancouver,Technology,Phones,5139,8,0.1,719.46
GB-2024-11668,11/24/2024,11/26/2024,First Class,Corporate,North America,United States,West,California,Los Angeles,Office Supplies,Art,63.22,9,0.2,11.38
GB-2025-11669,3/27/2025,4/1/2025,Standard Class,Home Office,Europe,United Kingdom,North,Scotland,Edinburgh,Furniture,Tables,2780.83,6,0.2,611.78
GB-2025-11670,8/21/2025,8/24/2025,Second Class,Corporate,Europe,Germany,South,Bavaria,Munich,Furniture,Furnishings,265.8,4,0,66.45
GB-2026-11671,2/26/2026,2/28/2026,First Class,Consumer,North America,United States,East,New York,New York,Furniture,Furnishings,111.62,9,0.1,21.21
GB-2025-11672,12/5/2025,12/10/2025,Standard Class,Home Office,Asia,India,East,West Bengal,Kolkata,Office Supplies,Art,10.38,1,0.5,0
GB-2025-11673,9/4/2025,9/9/2025,Standard Class,Consumer,Oceania,Australia,West,Western Australia,Perth,Technology,Accessories,168.44,2,0,67.38
GB-2024-11674,5/25/2024,5/27/2024,First Class,Corporate,Asia,India,West,Maharashtra,Mumbai,Furniture,Tables,448.39,1,0,44.84
GB-2024-11675,5/27/2024,6/1/2024,Standard Class,Consumer,Europe,Germany,South,Bavaria,Munich,Furniture,Tables,504.64,1,0.2,111.02
GB-2024-11676,7/26/2024,7/26/2024,Same Day,Corporate,Europe,United Kingdom,North,Scotland,Edinburgh,Technology,Accessories,55.23,1,0,22.09
GB-2024-11677,6/19/2024,6/24/2024,Standard Class,Corporate,Asia,Japan,Kansai,Osaka,Osaka,Technology,Accessories,489.76,4,0,195.9
GB-2024-11678,9/20/2024,9/23/2024,Second Class,Consumer,Europe,United Kingdom,South,England,London,Office Supplies,Binders,27.2,5,0.5,4.08
GB-2025-11679,4/30/2025,5/5/2025,Standard Class,Consumer,North America,Canada,East,Ontario,Toronto,Office Supplies,Paper,96.11,7,0,38.44
GB-2026-11680,4/8/2026,4/11/2026,Second Class,Consumer,Asia,India,West,Maharashtra,Mumbai,Furniture,Chairs,1281.66,6,0.5,192.25
GB-2026-11681,2/26/2026,3/3/2026,Standard Class,Consumer,North America,Canada,West,British Columbia,Vancouver,Furniture,Furnishings,186.08,4,0.1,35.36
GB-2024-11682,6/6/2024,6/9/2024,Second Class,Consumer,Asia,Japan,Kanto,Tokyo,Tokyo,Office Supplies,Envelopes,20.06,2,0,7.02
GB-2025-11683,6/10/2025,6/15/2025,Standard Class,Home Office,Oceania,Australia,East,New South Wales,Sydney,Technology,Phones,2605.54,4,0.1,364.78
GB-2024-11684,2/11/2024,2/16/2024,Standard Class,Home Office,Oceania,Australia,East,New South Wales,Sydney,Technology,Phones,2641.2,3,0,528.24
GB-2026-11685,4/28/2026,5/3/2026,Standard Class,Consumer,Europe,Germany,North,Berlin,Berlin,Technology,Copiers,9525.74,7,0,3334.01
GB-2025-11686,2/15/2025,2/20/2025,Standard Class,Consumer,North America,United States,West,Washington,Seattle,Technology,Phones,3132.08,7,0,626.42
GB-2024-11687,5/16/2024,5/18/2024,First Class,Home Office,North America,Canada,East,Ontario,Toronto,Office Supplies,Envelopes,69.92,4,0,24.47
GB-2026-11688,3/5/2026,3/8/2026,Second Class,Corporate,Asia,Japan,Kansai,Osaka,Osaka,Technology,Phones,5455.66,7,0,1091.13
GB-2025-11689,11/5/2025,11/10/2025,Standard Class,Home Office,North America,Canada,East,Ontario,Toronto,Furniture,Tables,700.41,3,0.1,112.07
GB-2024-11690,2/16/2024,2/21/2024,Standard Class,Home Office,North America,United States,East,Pennsylvania,Philadelphia,Technology,Machines,12678.66,9,0,2282.16
GB-2025-11691,12/17/2025,12/19/2025,First Class,Consumer,Europe,Germany,North,Berlin,Berlin,Technology,Accessories,292.95,9,0,117.18
GB-2025-11692,12/16/2025,12/21/2025,Standard Class,Home Office,Oceania,Australia,East,New South Wales,Sydney,Office Supplies,Envelopes,14.45,1,0.1,4.19
GB-2025-11693,12/24/2025,12/29/2025,Standard Class,Consumer,Europe,United Kingdom,South,England,London,Furniture,Furnishings,354.28,4,0,88.57
GB-2025-11694,10/8/2025,10/13/2025,Standard Class,Consumer,North America,United States,East,Pennsylvania,Philadelphia,Technology,Copiers,11210.41,7,0.1,3251.02
GB-2025-11695,11/6/2025,11/9/2025,Second Class,Home Office,North America,Canada,West,British Columbia,Vancouver,Furniture,Furnishings,526.51,7,0.2,68.45
GB-2024-11696,6/30/2024,7/2/2024,First Class,Consumer,South America,Brazil,Southeast,São Paulo,São Paulo,Office Supplies,Envelopes,22.64,2,0.1,6.57
GB-2025-11697,10/8/2025,10/8/2025,Same Day,Corporate,North America,Canada,East,Ontario,Toronto,Office Supplies,Art,8.04,2,0,2.41
GB-2024-11698,6/7/2024,6/10/2024,Second Class,Consumer,North America,United States,East,New York,New York,Technology,Copiers,11140.8,6,0,3899.28
GB-2025-11699,9/6/2025,9/9/2025,Second Class,Consumer,Oceania,Australia,East,New South Wales,Sydney,Office Supplies,Envelopes,44.94,7,0,15.73
GB-2026-11700,2/12/2026,2/15/2026,Second Class,Corporate,Asia,India,North,Delhi,New Delhi,Technology,Accessories,432.5,4,0.1,147.05
GB-2025-11701,4/23/2025,4/26/2025,Second Class,Corporate,North America,United States,West,Washington,Seattle,Technology,Copiers,14129.01,9,0,4945.15
GB-2025-11702,5/24/2025,5/29/2025,Standard Class,Home Office,North America,United States,West,Washington,Seattle,Office Supplies,Envelopes,96.93,9,0,33.93
GB-2024-11703,12/28/2024,1/2/2025,Standard Class,Consumer,North America,Canada,East,Ontario,Toronto,Technology,Copiers,5705.69,6,0.1,1654.65
GB-2025-11704,11/18/2025,11/23/2025,Standard Class,Home Office,North America,Canada,West,British Columbia,Vancouver,Technology,Phones,3315.92,8,0,663.18
GB-2026-11705,2/22/2026,2/25/2026,Second Class,Corporate,Oceania,Australia,East,New South Wales,Sydney,Technology,Machines,3390,8,0,610.2
GB-2026-11706,3/11/2026,3/16/2026,Standard Class,Corporate,Asia,Japan,Kansai,Osaka,Osaka,Technology,Accessories,195.47,7,0.5,19.55
GB-2024-11707,7/17/2024,7/19/2024,First Class,Home Office,Asia,India,East,West Bengal,Kolkata,Furniture,Bookcases,1841.04,8,0.1,18.41
GB-2024-11708,7/30/2024,8/4/2024,Standard Class,Home Office,Oceania,Australia,West,Western Australia,Perth,Technology,Phones,2160.05,5,0,432.01
GB-2025-11709,9/11/2025,9/16/2025,Standard Class,Home Office,Oceania,Australia,East,New South Wales,Sydney,Furniture,Chairs,199.21,1,0,29.88
GB-2025-11710,4/14/2025,4/19/2025,Standard Class,Corporate,North America,United States,East,New York,New York,Office Supplies,Art,80.57,6,0.1,19.34
GB-2024-11711,1/1/2024,1/6/2024,Standard Class,Home Office,Oceania,Australia,East,New South Wales,Sydney,Office Supplies,Art,126.12,9,0.1,30.27
GB-2026-11712,1/24/2026,1/29/2026,Standard Class,Home Office,Africa,South Africa,Western Cape,Western Cape,Cape Town,Furniture,Tables,2734.28,8,0.5,1093.71
GB-2024-11713,2/18/2024,2/23/2024,Standard Class,Consumer,Asia,Japan,Kansai,Osaka,Osaka,Technology,Accessories,44.5,4,0.5,4.45
GB-2025-11714,1/1/2025,1/6/2025,Standard Class,Consumer,Oceania,Australia,West,Western Australia,Perth,Office Supplies,Envelopes,12.54,1,0,4.39
GB-2026-11715,1/8/2026,1/10/2026,First Class,Home Office,North America,Canada,East,Ontario,Toronto,Technology,Phones,261.36,1,0.1,36.59
GB-2025-11716,3/13/2025,3/18/2025,Standard Class,Home Office,North America,United States,West,Washington,Seattle,Office Supplies,Art,24.95,3,0.5,0
GB-2025-11717,2/6/2025,2/11/2025,Standard Class,Home Office,Europe,Germany,South,Bavaria,Munich,Furniture,Bookcases,192.01,1,0.1,1.92
GB-2024-11718,5/9/2024,5/14/2024,Standard Class,Corporate,Asia,Japan,Kansai,Osaka,Osaka,Office Supplies,Envelopes,18.62,3,0.2,4.28
GB-2024-11719,5/7/2024,5/10/2024,Second Class,Corporate,North America,Canada,West,British Columbia,Vancouver,Office Supplies,Envelopes,61.05,5,0,21.37
GB-2025-11720,7/8/2025,7/13/2025,Standard Class,Corporate,Europe,United Kingdom,North,Scotland,Edinburgh,Furniture,Chairs,1241.24,4,0,186.19
GB-2025-11721,5/15/2025,5/17/2025,First Class,Consumer,North America,Canada,East,Ontario,Toronto,Furniture,Chairs,372.31,1,0,55.85
GB-2025-11722,11/5/2025,11/10/2025,Standard Class,Consumer,South America,Brazil,South,Paraná,Curitiba,Technology,Copiers,10340.08,8,0,3619.03
GB-2024-11723,10/4/2024,10/9/2024,Standard Class,Home Office,Asia,Japan,Kansai,Osaka,Osaka,Technology,Accessories,117.5,3,0.1,39.95
GB-2024-11724,6/23/2024,6/26/2024,Second Class,Corporate,North America,Canada,East,Ontario,Toronto,Furniture,Bookcases,1683.76,8,0,84.19
GB-2024-11725,3/9/2024,3/14/2024,Standard Class,Consumer,Oceania,Australia,West,Western Australia,Perth,Technology,Phones,2792.95,5,0,558.59
GB-2025-11726,4/27/2025,5/2/2025,Standard Class,Corporate,Asia,Japan,Kanto,Tokyo,Tokyo,Office Supplies,Art,34.4,2,0.2,6.19
GB-2024-11727,5/1/2024,5/6/2024,Standard Class,Corporate,Asia,Japan,Kanto,Tokyo,Tokyo,Office Supplies,Binders,18,1,0,8.1
GB-2025-11728,7/1/2025,7/6/2025,Standard Class,Consumer,North America,United States,West,California,Los Angeles,Furniture,Tables,2816.08,4,0,281.61
GB-2025-11729,9/7/2025,9/7/2025,Same Day,Corporate,South America,Brazil,Southeast,São Paulo,São Paulo,Office Supplies,Binders,224.64,8,0,101.09
GB-2024-11730,10/19/2024,10/21/2024,First Class,Corporate,North America,United States,West,California,Los Angeles,Furniture,Furnishings,187.08,5,0.2,24.32
GB-2024-11731,8/5/2024,8/7/2024,First Class,Home Office,North America,United States,East,New York,New York,Office Supplies,Envelopes,62.56,8,0,21.9
GB-2025-11732,1/25/2025,1/30/2025,Standard Class,Home Office,Europe,Germany,North,Berlin,Berlin,Technology,Phones,1518.36,5,0.2,121.47
GB-2024-11733,5/19/2024,5/24/2024,Standard Class,Home Office,North America,Canada,West,British Columbia,Vancouver,Office Supplies,Paper,22.24,1,0,8.9
GB-2025-11734,6/29/2025,7/4/2025,Standard Class,Corporate,Europe,United Kingdom,South,England,London,Furniture,Chairs,624.18,2,0,93.63
GB-2025-11735,6/18/2025,6/23/2025,Standard Class,Corporate,North America,Canada,West,British Columbia,Vancouver,Technology,Accessories,766.16,8,0,306.46
GB-2025-11736,7/28/2025,7/30/2025,First Class,Corporate,Asia,Japan,Kansai,Osaka,Osaka,Technology,Copiers,11798.35,9,0.2,2713.62
GB-2024-11737,2/22/2024,2/27/2024,Standard Class,Consumer,Europe,Germany,North,Berlin,Berlin,Office Supplies,Binders,361.12,8,0,162.5
GB-2024-11738,12/2/2024,12/5/2024,Second Class,Home Office,North America,Canada,West,British Columbia,Vancouver,Office Supplies,Binders,144.59,7,0.2,47.71
GB-2025-11739,6/19/2025,6/19/2025,Same Day,Home Office,North America,United States,East,New York,New York,Furniture,Bookcases,2482.76,7,0,124.14
GB-2024-11740,3/24/2024,3/29/2024,Standard Class,Home Office,Africa,South Africa,Gauteng,Gauteng,Johannesburg,Office Supplies,Paper,21.11,1,0.1,7.18
GB-2026-11741,1/7/2026,1/12/2026,Standard Class,Consumer,Asia,Japan,Kansai,Osaka,Osaka,Office Supplies,Art,47.31,3,0,14.19
GB-2025-11742,3/9/2025,3/14/2025,Standard Class,Consumer,Asia,Japan,Kanto,Tokyo,Tokyo,Technology,Phones,7751.6,8,0,1550.32
GB-2025-11743,11/15/2025,11/20/2025,Standard Class,Consumer,Asia,India,North,Delhi,New Delhi,Technology,Copiers,614.61,2,0.5,30.73
GB-2025-11744,6/29/2025,7/4/2025,Standard Class,Home Office,Africa,South Africa,Gauteng,Gauteng,Johannesburg,Office Supplies,Paper,92.36,4,0,36.94
GB-2024-11745,3/1/2024,3/4/2024,Second Class,Corporate,Asia,India,North,Delhi,New Delhi,Office Supplies,Art,22.47,1,0,6.74
GB-2026-11746,1/1/2026,1/6/2026,Standard Class,Corporate,North America,Canada,West,British Columbia,Vancouver,Office Supplies,Envelopes,56.19,3,0,19.67
GB-2025-11747,12/7/2025,12/12/2025,Standard Class,Home Office,Oceania,Australia,East,New South Wales,Sydney,Furniture,Chairs,337.99,1,0,50.7
GB-2026-11748,2/8/2026,2/10/2026,First Class,Corporate,North America,Canada,West,British Columbia,Vancouver,Furniture,Bookcases,2422.84,7,0,121.14
GB-2025-11749,5/14/2025,5/19/2025,Standard Class,Corporate,Europe,United Kingdom,South,England,London,Office Supplies,Binders,301.83,7,0.1,117.71
GB-2025-11750,11/6/2025,11/11/2025,Standard Class,Home Office,South America,Brazil,South,Paraná,Curitiba,Office Supplies,Paper,55.86,3,0,22.34
GB-2026-11751,2/23/2026,2/26/2026,Second Class,Corporate,North America,United States,West,California,Los Angeles,Technology,Phones,5920.53,7,0,1184.11
GB-2026-11752,4/16/2026,4/19/2026,Second Class,Corporate,North America,United States,West,Washington,Seattle,Technology,Copiers,6477.98,6,0.2,1489.94
GB-2024-11753,11/2/2024,11/7/2024,Standard Class,Corporate,North America,Canada,East,Ontario,Toronto,Furniture,Chairs,891.36,3,0,133.7
GB-2024-11754,9/27/2024,10/2/2024,Standard Class,Corporate,North America,United States,East,Pennsylvania,Philadelphia,Technology,Accessories,394.65,5,0,157.86
GB-2025-11755,8/15/2025,8/20/2025,Standard Class,Corporate,Asia,India,East,West Bengal,Kolkata,Office Supplies,Envelopes,56.07,7,0.1,16.26
GB-2025-11756,11/6/2025,11/8/2025,First Class,Home Office,Africa,South Africa,Gauteng,Gauteng,Johannesburg,Technology,Accessories,711.54,9,0,284.62
GB-2024-11757,11/23/2024,11/26/2024,Second Class,Corporate,North America,United States,West,Washington,Seattle,Furniture,Furnishings,81.31,2,0.2,10.57
GB-2024-11758,1/22/2024,1/25/2024,Second Class,Corporate,Asia,India,North,Delhi,New Delhi,Office Supplies,Paper,50.52,4,0,20.21
GB-2025-11759,5/30/2025,6/2/2025,Second Class,Consumer,Oceania,Australia,West,Western Australia,Perth,Technology,Accessories,440.28,9,0,176.11
GB-2025-11760,2/18/2025,2/23/2025,Standard Class,Corporate,Europe,Germany,North,Berlin,Berlin,Technology,Phones,698.15,1,0,139.63
GB-2024-11761,12/23/2024,12/28/2024,Standard Class,Home Office,South America,Brazil,Southeast,São Paulo,São Paulo,Office Supplies,Binders,88.2,6,0,39.69
GB-2024-11762,2/10/2024,2/12/2024,First Class,Consumer,Asia,India,West,Maharashtra,Mumbai,Technology,Phones,3361.02,6,0,672.2
GB-2024-11763,10/1/2024,10/4/2024,Second Class,Consumer,North America,Canada,West,British Columbia,Vancouver,Technology,Copiers,1468.51,3,0.5,73.43
GB-2024-11764,9/2/2024,9/4/2024,First Class,Home Office,North America,Canada,West,British Columbia,Vancouver,Technology,Copiers,4952.73,3,0,1733.46
GB-2025-11765,4/21/2025,4/26/2025,Standard Class,Home Office,Asia,Japan,Kanto,Tokyo,Tokyo,Office Supplies,Envelopes,31,4,0,10.85
GB-2025-11766,5/22/2025,5/24/2025,First Class,Consumer,North America,United States,West,California,Los Angeles,Furniture,Furnishings,31.54,2,0.2,4.1
GB-2024-11767,2/22/2024,2/27/2024,Standard Class,Corporate,Europe,Germany,North,Berlin,Berlin,Furniture,Chairs,1228.8,8,0,184.32
GB-2025-11768,4/4/2025,4/7/2025,Second Class,Consumer,North America,United States,East,New York,New York,Technology,Accessories,226.62,4,0.2,63.45
GB-2026-11769,1/8/2026,1/13/2026,Standard Class,Home Office,Europe,Germany,North,Berlin,Berlin,Office Supplies,Envelopes,112.56,8,0,39.4
GB-2024-11770,4/8/2024,4/13/2024,Standard Class,Consumer,Europe,United Kingdom,South,England,London,Furniture,Furnishings,48.71,2,0.1,9.25
GB-2025-11771,11/1/2025,11/6/2025,Standard Class,Consumer,North America,United States,West,California,Los Angeles,Technology,Machines,2241.18,2,0,403.41
GB-2024-11772,7/9/2024,7/14/2024,Standard Class,Corporate,Europe,Germany,South,Bavaria,Munich,Office Supplies,Paper,28.02,3,0.5,2.8
GB-2024-11773,3/11/2024,3/16/2024,Standard Class,Consumer,Europe,Germany,North,Berlin,Berlin,Furniture,Tables,2671.08,4,0,267.11
GB-2026-11774,3/16/2026,3/18/2026,First Class,Consumer,North America,United States,East,Pennsylvania,Philadelphia,Furniture,Tables,1048.8,6,0.5,419.52
GB-2024-11775,10/3/2024,10/6/2024,Second Class,Consumer,Africa,South Africa,Western Cape,Western Cape,Cape Town,Technology,Machines,10973.04,8,0,1975.15
GB-2024-11776,1/24/2024,1/29/2024,Standard Class,Consumer,Europe,Germany,South,Bavaria,Munich,Furniture,Tables,3419.57,8,0.1,547.13
GB-2025-11777,9/9/2025,9/11/2025,First Class,Home Office,Oceania,Australia,West,Western Australia,Perth,Technology,Accessories,590.4,9,0,236.16
GB-2024-11778,5/14/2024,5/19/2024,Standard Class,Home Office,Asia,Japan,Kanto,Tokyo,Tokyo,Office Supplies,Envelopes,63.96,5,0.2,14.71
GB-2025-11779,2/27/2025,3/4/2025,Standard Class,Home Office,Europe,Germany,North,Berlin,Berlin,Office Supplies,Envelopes,18.62,1,0,6.52
GB-2024-11780,10/2/2024,10/7/2024,Standard Class,Corporate,North America,United States,West,California,Los Angeles,Technology,Phones,533.3,1,0.1,74.66
GB-2025-11781,8/3/2025,8/8/2025,Standard Class,Corporate,Europe,United Kingdom,North,Scotland,Edinburgh,Office Supplies,Binders,79.4,4,0.5,11.91
GB-2024-11782,10/12/2024,10/17/2024,Standard Class,Home Office,Europe,Germany,North,Berlin,Berlin,Furniture,Tables,4280.58,9,0,428.06
GB-2024-11783,7/10/2024,7/15/2024,Standard Class,Consumer,North America,United States,East,Pennsylvania,Philadelphia,Technology,Copiers,1102.99,1,0,386.05
GB-2024-11784,8/1/2024,8/4/2024,Second Class,Consumer,North America,United States,West,California,Los Angeles,Office Supplies,Envelopes,68.72,8,0,24.05
GB-2024-11785,1/5/2024,1/10/2024,Standard Class,Home Office,Oceania,Australia,East,New South Wales,Sydney,Furniture,Furnishings,6.04,1,0.5,0.3
GB-2024-11786,4/4/2024,4/9/2024,Standard Class,Home Office,Asia,India,West,Maharashtra,Mumbai,Furniture,Furnishings,855.54,9,0,213.88
GB-2025-11787,4/15/2025,4/18/2025,Second Class,Home Office,North America,United States,West,Washington,Seattle,Technology,Phones,2430.95,9,0.5,243.09
GB-2025-11788,2/1/2025,2/6/2025,Standard Class,Consumer,North America,Canada,East,Ontario,Toronto,Office Supplies,Paper,46.16,2,0,18.46
GB-2025-11789,4/1/2025,4/6/2025,Standard Class,Consumer,Oceania,Australia,West,Western Australia,Perth,Technology,Accessories,314.3,5,0,125.72
GB-2025-11790,8/10/2025,8/10/2025,Same Day,Corporate,North America,United States,East,Pennsylvania,Philadelphia,Technology,Phones,980.84,2,0,196.17
GB-2024-11791,9/1/2024,9/6/2024,Standard Class,Corporate,North America,Canada,West,British Columbia,Vancouver,Office Supplies,Art,91.49,7,0,27.45
GB-2024-11792,2/24/2024,2/29/2024,Standard Class,Home Office,North America,United States,East,New York,New York,Technology,Copiers,4541.01,3,0,1589.35
GB-2025-11793,9/2/2025,9/4/2025,First Class,Corporate,Africa,South Africa,Western Cape,Western Cape,Cape Town,Furniture,Bookcases,3295.53,9,0,164.78
GB-2025-11794,12/6/2025,12/11/2025,Standard Class,Consumer,Europe,Germany,North,Berlin,Berlin,Office Supplies,Binders,74.12,4,0,33.35
GB-2024-11795,1/9/2024,1/14/2024,Standard Class,Consumer,Asia,India,South,Tamil Nadu,Chennai,Technology,Phones,5988.84,7,0.1,838.44
GB-2026-11796,3/16/2026,3/19/2026,Second Class,Corporate,Europe,United Kingdom,North,Scotland,Edinburgh,Furniture,Chairs,289.39,1,0,43.41
GB-2024-11797,2/26/2024,3/2/2024,Standard Class,Corporate,North America,United States,East,New York,New York,Technology,Copiers,5770.64,8,0,2019.72
GB-2026-11798,2/2/2026,2/4/2026,First Class,Consumer,Africa,South Africa,Western Cape,Western Cape,Cape Town,Office Supplies,Paper,8.6,3,0.5,0.86
GB-2025-11799,6/29/2025,7/2/2025,Second Class,Consumer,Europe,Germany,South,Bavaria,Munich,Furniture,Bookcases,1072.75,5,0,53.64
GB-2024-11800,11/8/2024,11/11/2024,Second Class,Consumer,Africa,South Africa,Gauteng,Gauteng,Johannesburg,Office Supplies,Paper,41.1,2,0,16.44
GB-2024-11801,1/8/2024,1/13/2024,Standard Class,Home Office,Asia,India,South,Tamil Nadu,Chennai,Furniture,Bookcases,409.84,4,0.5,102.46
GB-2024-11802,3/26/2024,3/31/2024,Standard Class,Corporate,Oceania,Australia,West,Western Australia,Perth,Technology,Copiers,12283.6,8,0,4299.26
GB-2025-11803,4/8/2025,4/8/2025,Same Day,Home Office,Europe,Germany,South,Bavaria,Munich,Technology,Machines,4024.56,3,0,724.42
GB-2024-11804,3/19/2024,3/19/2024,Same Day,Home Office,South America,Brazil,South,Paraná,Curitiba,Technology,Accessories,645.76,8,0,258.3
GB-2024-11805,6/12/2024,6/17/2024,Standard Class,Home Office,North America,United States,East,Pennsylvania,Philadelphia,Furniture,Bookcases,1213.61,9,0.5,303.4
GB-2024-11806,5/29/2024,6/3/2024,Standard Class,Corporate,South America,Brazil,South,Paraná,Curitiba,Office Supplies,Envelopes,46.27,7,0.5,2.31
GB-2024-11807,6/3/2024,6/8/2024,Standard Class,Home Office,Europe,Germany,South,Bavaria,Munich,Office Supplies,Art,13.08,3,0,3.92
GB-2025-11808,12/8/2025,12/13/2025,Standard Class,Corporate,Asia,India,North,Delhi,New Delhi,Technology,Machines,4005.48,4,0,720.99
GB-2024-11809,5/30/2024,6/4/2024,Standard Class,Consumer,South America,Brazil,Southeast,Rio de Janeiro,Rio de Janeiro,Furniture,Bookcases,1000.52,5,0.2,70.04
GB-2026-11810,4/5/2026,4/10/2026,Standard Class,Consumer,Oceania,Australia,West,Western Australia,Perth,Office Supplies,Envelopes,89.95,5,0,31.48
GB-2024-11811,4/10/2024,4/12/2024,First Class,Consumer,North America,United States,West,Washington,Seattle,Furniture,Bookcases,681.28,2,0,34.06
GB-2024-11812,1/31/2024,2/5/2024,Standard Class,Corporate,North America,Canada,East,Ontario,Toronto,Office Supplies,Binders,65.25,2,0.1,25.45
GB-2025-11813,6/1/2025,6/6/2025,Standard Class,Consumer,North America,United States,East,New York,New York,Technology,Machines,10618.13,9,0.1,2548.35
GB-2024-11814,2/20/2024,2/25/2024,Standard Class,Corporate,North America,United States,East,Pennsylvania,Philadelphia,Office Supplies,Paper,27.61,4,0.1,9.39
GB-2026-11815,2/4/2026,2/9/2026,Standard Class,Corporate,Asia,Japan,Kanto,Tokyo,Tokyo,Technology,Machines,1854.93,3,0.5,890.37
GB-2025-11816,12/1/2025,12/4/2025,Second Class,Consumer,Asia,Japan,Kanto,Tokyo,Tokyo,Technology,Machines,6853.68,9,0,1233.66
GB-2024-11817,1/10/2024,1/13/2024,Second Class,Consumer,North America,Canada,West,British Columbia,Vancouver,Office Supplies,Binders,3.09,2,0.5,0.46
GB-2025-11818,7/25/2025,7/30/2025,Standard Class,Corporate,Oceania,Australia,West,Western Australia,Perth,Office Supplies,Paper,33.4,4,0.5,3.34
GB-2024-11819,4/18/2024,4/23/2024,Standard Class,Home Office,Asia,India,East,West Bengal,Kolkata,Furniture,Tables,2717.54,7,0,271.75
GB-2024-11820,5/3/2024,5/8/2024,Standard Class,Corporate,Europe,United Kingdom,South,England,London,Office Supplies,Paper,9.55,1,0,3.82
GB-2024-11821,1/16/2024,1/19/2024,Second Class,Home Office,Oceania,Australia,West,Western Australia,Perth,Furniture,Tables,3090.1,5,0,309.01
GB-2026-11822,3/28/2026,3/31/2026,Second Class,Consumer,South America,Brazil,Southeast,São Paulo,São Paulo,Office Supplies,Paper,126.38,7,0.1,42.97
GB-2025-11823,7/18/2025,7/23/2025,Standard Class,Corporate,North America,Canada,East,Ontario,Toronto,Office Supplies,Art,23.72,2,0.1,5.69
GB-2024-11824,9/8/2024,9/13/2024,Standard Class,Corporate,Asia,India,North,Delhi,New Delhi,Furniture,Chairs,2342.98,7,0.2,70.29
GB-2025-11825,2/1/2025,2/6/2025,Standard Class,Corporate,South America,Brazil,Southeast,Rio de Janeiro,Rio de Janeiro,Furniture,Bookcases,553.86,3,0,27.69
GB-2026-11826,2/5/2026,2/8/2026,Second Class,Home Office,Oceania,Australia,East,New South Wales,Sydney,Technology,Accessories,257.13,9,0,102.85
GB-2024-11827,11/4/2024,11/6/2024,First Class,Home Office,Europe,United Kingdom,South,England,London,Furniture,Chairs,270.42,3,0.5,40.56
GB-2025-11828,1/21/2025,1/26/2025,Standard Class,Corporate,Asia,Japan,Kansai,Osaka,Osaka,Technology,Copiers,3069.7,4,0.5,153.48
GB-2024-11829,12/3/2024,12/8/2024,Standard Class,Home Office,North America,United States,West,California,Los Angeles,Furniture,Bookcases,1628.5,8,0.1,16.28
GB-2024-11830,6/8/2024,6/13/2024,Standard Class,Home Office,Asia,India,South,Tamil Nadu,Chennai,Furniture,Bookcases,970.02,6,0.5,242.5
GB-2024-11831,4/23/2024,4/28/2024,Standard Class,Consumer,South America,Brazil,South,Paraná,Curitiba,Furniture,Tables,4024.74,6,0,402.47
GB-2024-11832,4/10/2024,4/15/2024,Standard Class,Corporate,North America,United States,West,California,Los Angeles,Furniture,Furnishings,21.44,1,0.1,4.07
GB-2025-11833,3/21/2025,3/24/2025,Second Class,Corporate,Asia,Japan,Kansai,Osaka,Osaka,Furniture,Chairs,1016.4,6,0,152.46
GB-2025-11834,4/16/2025,4/21/2025,Standard Class,Home Office,Europe,Germany,South,Bavaria,Munich,Technology,Machines,12104.64,9,0.1,2905.11
GB-2025-11835,5/7/2025,5/10/2025,Second Class,Consumer,North America,Canada,West,British Columbia,Vancouver,Furniture,Chairs,1249.8,3,0,187.47
GB-2024-11836,3/15/2024,3/17/2024,First Class,Home Office,Asia,Japan,Kanto,Tokyo,Tokyo,Furniture,Tables,1168.51,3,0.1,186.96
GB-2025-11837,2/7/2025,2/10/2025,Second Class,Corporate,Africa,South Africa,Gauteng,Gauteng,Johannesburg,Furniture,Furnishings,339.99,7,0,85
GB-2025-11838,4/1/2025,4/4/2025,Second Class,Corporate,Asia,India,East,West Bengal,Kolkata,Technology,Copiers,5349.24,6,0,1872.23
GB-2025-11839,2/14/2025,2/19/2025,Standard Class,Home Office,North America,United States,East,Pennsylvania,Philadelphia,Technology,Machines,762.37,1,0.1,182.97
GB-2024-11840,1/31/2024,2/3/2024,Second Class,Home Office,South America,Brazil,Southeast,São Paulo,São Paulo,Furniture,Bookcases,1999.38,6,0,99.97
GB-2024-11841,12/21/2024,12/24/2024,Second Class,Home Office,Oceania,Australia,West,Western Australia,Perth,Technology,Machines,2905.38,2,0,522.97
GB-2025-11842,4/5/2025,4/10/2025,Standard Class,Corporate,Asia,Japan,Kanto,Tokyo,Tokyo,Office Supplies,Envelopes,16.05,1,0,5.62
GB-2025-11843,4/19/2025,4/24/2025,Standard Class,Corporate,Europe,United Kingdom,North,Scotland,Edinburgh,Technology,Phones,3459.76,4,0,691.95
GB-2024-11844,5/30/2024,6/1/2024,First Class,Corporate,North America,Canada,East,Ontario,Toronto,Technology,Copiers,2050.47,3,0,717.66
GB-2025-11845,10/20/2025,10/25/2025,Standard Class,Consumer,North America,United States,West,Washington,Seattle,Technology,Machines,3735.97,7,0.5,1793.27
GB-2024-11846,4/19/2024,4/24/2024,Standard Class,Consumer,Asia,India,South,Tamil Nadu,Chennai,Office Supplies,Art,112.41,9,0,33.72
GB-2024-11847,2/3/2024,2/8/2024,Standard Class,Consumer,Asia,India,West,Maharashtra,Mumbai,Furniture,Chairs,561.09,3,0.5,84.16
GB-2025-11848,8/5/2025,8/8/2025,Second Class,Consumer,North America,Canada,East,Ontario,Toronto,Office Supplies,Envelopes,11.82,2,0,4.14
GB-2024-11849,3/14/2024,3/19/2024,Standard Class,Consumer,South America,Brazil,South,Paraná,Curitiba,Office Supplies,Paper,66.39,6,0.5,6.64
GB-2024-11850,10/25/2024,10/30/2024,Standard Class,Consumer,North America,Canada,East,Ontario,Toronto,Office Supplies,Envelopes,56.93,4,0.2,13.09
GB-2025-11851,3/27/2025,4/1/2025,Standard Class,Corporate,Asia,Japan,Kanto,Tokyo,Tokyo,Technology,Copiers,1474.21,1,0.1,427.52
GB-2024-11852,11/28/2024,12/3/2024,Standard Class,Consumer,South America,Brazil,Southeast,São Paulo,São Paulo,Technology,Copiers,3740.46,3,0,1309.16
GB-2026-11853,2/15/2026,2/20/2026,Standard Class,Home Office,South America,Brazil,Southeast,Rio de Janeiro,Rio de Janeiro,Furniture,Bookcases,170.59,1,0.1,1.71
GB-2026-11854,4/16/2026,4/21/2026,Standard Class,Consumer,Asia,Japan,Kansai,Osaka,Osaka,Technology,Accessories,236.91,3,0,94.76
GB-2025-11855,10/21/2025,10/26/2025,Standard Class,Consumer,Oceania,Australia,West,Western Australia,Perth,Office Supplies,Paper,238.32,9,0,95.33
GB-2026-11856,4/15/2026,4/20/2026,Standard Class,Home Office,Europe,Germany,South,Bavaria,Munich,Furniture,Chairs,1239.87,9,0.1,111.59
GB-2024-11857,4/15/2024,4/20/2024,Standard Class,Consumer,Oceania,Australia,East,New South Wales,Sydney,Office Supplies,Art,68.04,4,0,20.41
GB-2025-11858,7/9/2025,7/14/2025,Standard Class,Consumer,Oceania,Australia,East,New South Wales,Sydney,Furniture,Tables,690.64,4,0.5,276.26
GB-2024-11859,9/7/2024,9/12/2024,Standard Class,Consumer,North America,Canada,West,British Columbia,Vancouver,Furniture,Chairs,1787.16,4,0,268.07
GB-2026-11860,3/26/2026,3/29/2026,Second Class,Consumer,North America,Canada,West,British Columbia,Vancouver,Technology,Copiers,3479.4,4,0,1217.79
GB-2024-11861,9/9/2024,9/14/2024,Standard Class,Consumer,Oceania,Australia,East,New South Wales,Sydney,Office Supplies,Binders,8.06,2,0.5,1.21
GB-2024-11862,10/2/2024,10/5/2024,Second Class,Consumer,North America,United States,West,Washington,Seattle,Technology,Machines,7551.58,6,0.1,1812.38
GB-2025-11863,9/21/2025,9/26/2025,Standard Class,Consumer,North America,United States,West,Washington,Seattle,Furniture,Chairs,2303.52,8,0,345.53
GB-2024-11864,10/11/2024,10/16/2024,Standard Class,Consumer,Europe,Germany,North,Berlin,Berlin,Office Supplies,Art,32.62,2,0,9.79
GB-2025-11865,4/2/2025,4/7/2025,Standard Class,Consumer,North America,Canada,East,Ontario,Toronto,Furniture,Furnishings,263.05,5,0,65.76
GB-2025-11866,6/4/2025,6/7/2025,Second Class,Corporate,North America,United States,East,New York,New York,Technology,Machines,1608.17,2,0.1,385.96
GB-2024-11867,1/28/2024,2/2/2024,Standard Class,Home Office,North America,Canada,West,British Columbia,Vancouver,Office Supplies,Paper,36.64,4,0,14.66
GB-2024-11868,12/28/2024,12/31/2024,Second Class,Corporate,Europe,Germany,North,Berlin,Berlin,Furniture,Tables,1140.08,2,0,114.01
GB-2024-11869,8/31/2024,9/3/2024,Second Class,Consumer,Oceania,Australia,West,Western Australia,Perth,Technology,Copiers,3131.47,5,0.5,156.57
GB-2025-11870,1/18/2025,1/21/2025,Second Class,Corporate,South America,Brazil,Southeast,São Paulo,São Paulo,Technology,Accessories,666.3,6,0,266.52
GB-2024-11871,4/22/2024,4/27/2024,Standard Class,Home Office,South America,Brazil,South,Paraná,Curitiba,Office Supplies,Paper,121.24,7,0,48.5
GB-2025-11872,8/11/2025,8/16/2025,Standard Class,Consumer,South America,Brazil,South,Paraná,Curitiba,Furniture,Bookcases,149.78,1,0,7.49
GB-2025-11873,7/9/2025,7/12/2025,Second Class,Corporate,North America,Canada,West,British Columbia,Vancouver,Technology,Copiers,8528,6,0.1,2473.12
GB-2025-11874,5/4/2025,5/9/2025,Standard Class,Consumer,North America,Canada,West,British Columbia,Vancouver,Furniture,Tables,2506.98,6,0,250.7
GB-2026-11875,3/9/2026,3/12/2026,Second Class,Corporate,Asia,India,East,West Bengal,Kolkata,Technology,Copiers,2570.97,3,0,899.84
GB-2026-11876,2/12/2026,2/17/2026,Standard Class,Consumer,Europe,Germany,North,Berlin,Berlin,Office Supplies,Binders,195.66,9,0,88.05
GB-2024-11877,9/14/2024,9/16/2024,First Class,Home Office,North America,United States,East,New York,New York,Office Supplies,Paper,96.2,5,0,38.48
GB-2024-11878,1/12/2024,1/15/2024,Second Class,Home Office,Asia,Japan,Kansai,Osaka,Osaka,Technology,Machines,547.82,1,0,98.61
GB-2024-11879,9/25/2024,9/27/2024,First Class,Corporate,Asia,India,South,Tamil Nadu,Chennai,Furniture,Tables,1024.94,2,0,102.49
GB-2024-11880,2/10/2024,2/15/2024,Standard Class,Consumer,Asia,India,North,Delhi,New Delhi,Furniture,Bookcases,1046.48,4,0,52.32
GB-2024-11881,6/13/2024,6/18/2024,Standard Class,Corporate,North America,United States,West,California,Los Angeles,Technology,Phones,3402.25,7,0.5,340.22
GB-2024-11882,5/27/2024,6/1/2024,Standard Class,Home Office,North America,Canada,West,British Columbia,Vancouver,Furniture,Furnishings,52.66,1,0,13.16
GB-2024-11883,5/12/2024,5/17/2024,Standard Class,Consumer,Asia,Japan,Kanto,Tokyo,Tokyo,Technology,Accessories,320.76,4,0,128.3
GB-2025-11884,3/9/2025,3/14/2025,Standard Class,Corporate,Asia,India,North,Delhi,New Delhi,Furniture,Furnishings,11.12,2,0.5,0.56
GB-2025-11885,9/24/2025,9/29/2025,Standard Class,Home Office,North America,Canada,West,British Columbia,Vancouver,Furniture,Chairs,1426.26,7,0.2,42.79
GB-2024-11886,10/21/2024,10/26/2024,Standard Class,Home Office,North America,United States,West,Washington,Seattle,Technology,Machines,3591.95,9,0.5,1724.14
GB-2026-11887,2/9/2026,2/14/2026,Standard Class,Home Office,North America,Canada,West,British Columbia,Vancouver,Technology,Phones,3616,5,0.2,289.28
GB-2025-11888,4/29/2025,5/4/2025,Standard Class,Corporate,North America,Canada,East,Ontario,Toronto,Office Supplies,Binders,49.17,3,0,22.13
GB-2024-11889,6/21/2024,6/26/2024,Standard Class,Consumer,Europe,Germany,South,Bavaria,Munich,Office Supplies,Binders,59.6,4,0,26.82
GB-2024-11890,12/9/2024,12/12/2024,Second Class,Home Office,Asia,Japan,Kansai,Osaka,Osaka,Furniture,Bookcases,1659.05,5,0,82.95
GB-2024-11891,8/18/2024,8/23/2024,Standard Class,Consumer,Europe,United Kingdom,North,Scotland,Edinburgh,Furniture,Tables,3957.9,9,0.1,633.26
GB-2024-11892,3/5/2024,3/8/2024,Second Class,Consumer,Oceania,Australia,West,Western Australia,Perth,Office Supplies,Art,15.98,3,0.1,3.84
GB-2024-11893,8/28/2024,9/2/2024,Standard Class,Home Office,Asia,India,West,Maharashtra,Mumbai,Technology,Phones,3687.85,5,0,737.57
GB-2025-11894,5/15/2025,5/17/2025,First Class,Home Office,Europe,United Kingdom,North,Scotland,Edinburgh,Office Supplies,Art,42.3,5,0,12.69
GB-2026-11895,1/15/2026,1/20/2026,Standard Class,Home Office,Asia,Japan,Kansai,Osaka,Osaka,Office Supplies,Envelopes,45.57,3,0,15.95
GB-2024-11896,8/27/2024,9/1/2024,Standard Class,Consumer,Europe,Germany,North,Berlin,Berlin,Technology,Phones,319.32,1,0,63.86
GB-2025-11897,12/13/2025,12/18/2025,Standard Class,Consumer,North America,Canada,West,British Columbia,Vancouver,Technology,Machines,7412.04,9,0,1334.17
GB-2024-11898,8/29/2024,9/3/2024,Standard Class,Corporate,North America,United States,East,New York,New York,Office Supplies,Art,115.01,7,0,34.5
GB-2024-11899,1/28/2024,2/2/2024,Standard Class,Home Office,Europe,United Kingdom,South,England,London,Office Supplies,Paper,254.97,9,0,101.99
GB-2024-11900,7/6/2024,7/11/2024,Standard Class,Corporate,South America,Brazil,Southeast,São Paulo,São Paulo,Technology,Machines,10005.75,9,0,1801.03
GB-2024-11901,8/11/2024,8/16/2024,Standard Class,Corporate,Asia,India,East,West Bengal,Kolkata,Furniture,Furnishings,119.74,4,0.2,15.57
GB-2025-11902,12/14/2025,12/19/2025,Standard Class,Home Office,South America,Brazil,South,Paraná,Curitiba,Technology,Accessories,625.25,6,0.2,175.07
GB-2025-11903,10/14/2025,10/19/2025,Standard Class,Consumer,North America,United States,West,California,Los Angeles,Office Supplies,Envelopes,26.36,2,0,9.23
GB-2026-11904,1/10/2026,1/15/2026,Standard Class,Corporate,Europe,United Kingdom,South,England,London,Office Supplies,Binders,12.39,1,0.5,1.86
GB-2025-11905,8/17/2025,8/22/2025,Standard Class,Home Office,Asia,India,West,Maharashtra,Mumbai,Furniture,Tables,2227.19,7,0.5,890.88
GB-2026-11906,2/26/2026,3/3/2026,Standard Class,Consumer,Europe,Germany,North,Berlin,Berlin,Office Supplies,Art,37.53,3,0,11.26
GB-2024-11907,1/31/2024,2/5/2024,Standard Class,Home Office,Oceania,Australia,East,New South Wales,Sydney,Office Supplies,Art,6.37,1,0,1.91
GB-2025-11908,8/2/2025,8/5/2025,Second Class,Corporate,Europe,Germany,North,Berlin,Berlin,Technology,Accessories,693.81,9,0,277.52
GB-2024-11909,9/21/2024,9/21/2024,Same Day,Home Office,North America,Canada,East,Ontario,Toronto,Technology,Copiers,1418.69,1,0.1,411.42
GB-2025-11910,12/11/2025,12/14/2025,Second Class,Home Office,North America,United States,West,Washington,Seattle,Technology,Phones,2475.24,7,0.5,247.52
GB-2024-11911,10/4/2024,10/7/2024,Second Class,Home Office,North America,United States,East,Pennsylvania,Philadelphia,Technology,Accessories,370.33,3,0.1,125.91
GB-2024-11912,4/5/2024,4/10/2024,Standard Class,Consumer,South America,Brazil,Southeast,Rio de Janeiro,Rio de Janeiro,Furniture,Tables,4178.65,7,0,417.87
GB-2024-11913,2/19/2024,2/24/2024,Standard Class,Home Office,Asia,India,North,Delhi,New Delhi,Furniture,Furnishings,155.47,3,0.1,29.54
GB-2025-11914,2/28/2025,3/5/2025,Standard Class,Home Office,South America,Brazil,South,Paraná,Curitiba,Furniture,Chairs,1553.52,8,0,233.03
GB-2025-11915,8/16/2025,8/16/2025,Same Day,Home Office,North America,Canada,West,British Columbia,Vancouver,Furniture,Furnishings,45.9,9,0.5,2.29
GB-2025-11916,12/2/2025,12/7/2025,Standard Class,Home Office,South America,Brazil,Southeast,São Paulo,São Paulo,Office Supplies,Envelopes,48.93,7,0,17.13
GB-2025-11917,6/27/2025,7/2/2025,Standard Class,Consumer,North America,United States,West,California,Los Angeles,Technology,Copiers,3053.64,7,0.5,152.68
GB-2024-11918,9/27/2024,10/2/2024,Standard Class,Consumer,Europe,Germany,North,Berlin,Berlin,Office Supplies,Envelopes,6.22,1,0,2.18
GB-2026-11919,2/3/2026,2/8/2026,Standard Class,Home Office,South America,Brazil,South,Paraná,Curitiba,Technology,Accessories,292.08,4,0,116.83
GB-2024-11920,4/2/2024,4/4/2024,First Class,Consumer,Africa,South Africa,Western Cape,Western Cape,Cape Town,Furniture,Tables,6751.89,9,0,675.19
GB-2025-11921,2/18/2025,2/20/2025,First Class,Home Office,North America,Canada,West,British Columbia,Vancouver,Furniture,Bookcases,850.52,4,0,42.53
GB-2026-11922,2/22/2026,2/24/2026,First Class,Corporate,North America,Canada,East,Ontario,Toronto,Office Supplies,Paper,205.58,9,0.1,69.9
GB-2026-11923,3/8/2026,3/10/2026,First Class,Home Office,North America,United States,West,Washington,Seattle,Technology,Copiers,1967.74,2,0.1,570.64
GB-2025-11924,4/7/2025,4/7/2025,Same Day,Consumer,Oceania,Australia,West,Western Australia,Perth,Furniture,Tables,1130.85,3,0,113.08
GB-2025-11925,2/16/2025,2/18/2025,First Class,Home Office,Asia,Japan,Kansai,Osaka,Osaka,Furniture,Bookcases,1350.4,5,0,67.52
GB-2025-11926,11/13/2025,11/15/2025,First Class,Consumer,Asia,Japan,Kanto,Tokyo,Tokyo,Furniture,Tables,3920.14,7,0,392.01
GB-2025-11927,1/28/2025,2/2/2025,Standard Class,Consumer,Africa,South Africa,Gauteng,Gauteng,Johannesburg,Office Supplies,Envelopes,37.31,3,0.1,10.82
GB-2026-11928,3/21/2026,3/21/2026,Same Day,Home Office,North America,Canada,West,British Columbia,Vancouver,Technology,Machines,7168.24,8,0,1290.28
GB-2026-11929,3/10/2026,3/15/2026,Standard Class,Corporate,North America,Canada,East,Ontario,Toronto,Technology,Accessories,129.72,4,0,51.89
GB-2025-11930,6/24/2025,6/27/2025,Second Class,Home Office,North America,United States,West,California,Los Angeles,Furniture,Chairs,473.76,2,0,71.06
GB-2025-11931,11/5/2025,11/8/2025,Second Class,Corporate,North America,United States,West,California,Los Angeles,Furniture,Bookcases,330.64,2,0,16.53
GB-2024-11932,7/28/2024,8/2/2024,Standard Class,Home Office,Europe,United Kingdom,North,Scotland,Edinburgh,Furniture,Furnishings,509.7,6,0,127.42
GB-2024-11933,6/12/2024,6/15/2024,Second Class,Home Office,South America,Brazil,South,Paraná,Curitiba,Office Supplies,Binders,26.89,1,0,12.1
GB-2024-11934,8/25/2024,8/30/2024,Standard Class,Corporate,Africa,South Africa,Gauteng,Gauteng,Johannesburg,Technology,Machines,4220.73,3,0,759.73
GB-2026-11935,4/27/2026,4/30/2026,Second Class,Consumer,Asia,Japan,Kansai,Osaka,Osaka,Furniture,Chairs,2781.28,8,0,417.19
GB-2024-11936,1/3/2024,1/8/2024,Standard Class,Corporate,Europe,Germany,South,Bavaria,Munich,Furniture,Bookcases,173.6,1,0.1,1.74
GB-2024-11937,11/10/2024,11/15/2024,Standard Class,Consumer,Asia,Japan,Kanto,Tokyo,Tokyo,Technology,Copiers,12197.36,8,0,4269.08
GB-2025-11938,2/18/2025,2/23/2025,Standard Class,Consumer,Europe,Germany,North,Berlin,Berlin,Furniture,Furnishings,93.54,6,0,23.39
GB-2026-11939,2/14/2026,2/19/2026,Standard Class,Home Office,North America,United States,East,Pennsylvania,Philadelphia,Technology,Phones,2450.04,4,0,490.01
GB-2025-11940,4/15/2025,4/20/2025,Standard Class,Corporate,Asia,Japan,Kansai,Osaka,Osaka,Office Supplies,Art,136,9,0.1,32.64
GB-2025-11941,5/20/2025,5/25/2025,Standard Class,Corporate,Asia,Japan,Kanto,Tokyo,Tokyo,Office Supplies,Paper,22.3,1,0,8.92
GB-2024-11942,11/25/2024,11/30/2024,Standard Class,Home Office,North America,Canada,East,Ontario,Toronto,Furniture,Furnishings,385.96,4,0,96.49
GB-2025-11943,7/5/2025,7/10/2025,Standard Class,Consumer,North America,Canada,East,Ontario,Toronto,Furniture,Chairs,3495.96,9,0,524.39
GB-2024-11944,12/18/2024,12/23/2024,Standard Class,Home Office,North America,United States,West,Washington,Seattle,Office Supplies,Art,126.35,7,0,37.9
GB-2025-11945,11/13/2025,11/18/2025,Standard Class,Corporate,North America,Canada,West,British Columbia,Vancouver,Furniture,Bookcases,221.08,1,0.2,15.48
GB-2026-11946,3/31/2026,4/5/2026,Standard Class,Corporate,Europe,Germany,North,Berlin,Berlin,Furniture,Tables,2990.61,9,0,299.06
GB-2025-11947,7/6/2025,7/11/2025,Standard Class,Consumer,Oceania,Australia,East,New South Wales,Sydney,Furniture,Bookcases,2157.84,9,0.1,21.58
GB-2024-11948,10/12/2024,10/15/2024,Second Class,Home Office,Asia,Japan,Kanto,Tokyo,Tokyo,Office Supplies,Art,50.31,3,0,15.09
GB-2025-11949,1/26/2025,1/31/2025,Standard Class,Corporate,Asia,India,West,Maharashtra,Mumbai,Office Supplies,Envelopes,12,3,0.5,0.6
GB-2025-11950,9/11/2025,9/11/2025,Same Day,Corporate,North America,United States,East,Pennsylvania,Philadelphia,Office Supplies,Paper,186.3,9,0.1,63.34
GB-2025-11951,5/9/2025,5/9/2025,Same Day,Consumer,Oceania,Australia,East,New South Wales,Sydney,Technology,Accessories,121,4,0,48.4
GB-2024-11952,5/28/2024,5/30/2024,First Class,Corporate,North America,Canada,West,British Columbia,Vancouver,Technology,Phones,1982.46,6,0,396.49
GB-2024-11953,7/9/2024,7/12/2024,Second Class,Consumer,Oceania,Australia,East,New South Wales,Sydney,Office Supplies,Binders,8.61,3,0,3.87
GB-2025-11954,4/26/2025,4/29/2025,Second Class,Corporate,Europe,Germany,South,Bavaria,Munich,Office Supplies,Envelopes,16.16,1,0.1,4.69
GB-2025-11955,11/26/2025,11/29/2025,Second Class,Home Office,South America,Brazil,South,Paraná,Curitiba,Office Supplies,Envelopes,34.68,2,0,12.14
GB-2026-11956,1/16/2026,1/21/2026,Standard Class,Corporate,Europe,Germany,South,Bavaria,Munich,Furniture,Furnishings,87.32,3,0.1,16.59
GB-2025-11957,8/13/2025,8/18/2025,Standard Class,Consumer,Europe,United Kingdom,South,England,London,Furniture,Bookcases,138.92,1,0,6.95
GB-2025-11958,7/22/2025,7/24/2025,First Class,Consumer,North America,Canada,West,British Columbia,Vancouver,Office Supplies,Paper,76.37,7,0,30.55
GB-2024-11959,9/1/2024,9/6/2024,Standard Class,Consumer,Europe,United Kingdom,South,England,London,Office Supplies,Paper,177.21,9,0,70.88
GB-2024-11960,8/9/2024,8/14/2024,Standard Class,Home Office,North America,United States,East,New York,New York,Technology,Phones,1475.61,3,0,295.12
GB-2024-11961,9/25/2024,9/30/2024,Standard Class,Home Office,North America,Canada,West,British Columbia,Vancouver,Technology,Accessories,525.88,4,0,210.35
GB-2026-11962,4/24/2026,4/29/2026,Standard Class,Corporate,North America,Canada,East,Ontario,Toronto,Office Supplies,Art,170.06,8,0.1,40.81
GB-2024-11963,9/20/2024,9/22/2024,First Class,Home Office,Oceania,Australia,East,New South Wales,Sydney,Office Supplies,Art,117.2,5,0,35.16
GB-2024-11964,4/2/2024,4/7/2024,Standard Class,Consumer,Asia,India,East,West Bengal,Kolkata,Technology,Accessories,341.86,9,0.2,95.72
GB-2024-11965,10/16/2024,10/19/2024,Second Class,Corporate,Africa,South Africa,Gauteng,Gauteng,Johannesburg,Furniture,Chairs,2679.68,8,0,401.95
GB-2025-11966,12/17/2025,12/22/2025,Standard Class,Consumer,North America,Canada,East,Ontario,Toronto,Furniture,Bookcases,2042.28,9,0,102.11
GB-2024-11967,10/30/2024,11/4/2024,Standard Class,Home Office,North America,Canada,West,British Columbia,Vancouver,Furniture,Tables,4139.28,6,0,413.93
GB-2025-11968,5/31/2025,6/5/2025,Standard Class,Consumer,Europe,United Kingdom,South,England,London,Office Supplies,Binders,35.7,2,0.2,11.78
GB-2024-11969,11/19/2024,11/24/2024,Standard Class,Corporate,Oceania,Australia,West,Western Australia,Perth,Furniture,Bookcases,612.6,5,0,30.63
GB-2024-11970,11/30/2024,12/5/2024,Standard Class,Home Office,North America,Canada,West,British Columbia,Vancouver,Furniture,Chairs,1074.96,6,0.5,161.24
GB-2025-11971,4/23/2025,4/28/2025,Standard Class,Corporate,Asia,India,North,Delhi,New Delhi,Office Supplies,Art,113.4,7,0,34.02
GB-2025-11972,2/1/2025,2/3/2025,First Class,Home Office,North America,Canada,West,British Columbia,Vancouver,Technology,Machines,7011.41,7,0,1262.05
GB-2025-11973,12/4/2025,12/9/2025,Standard Class,Consumer,Africa,South Africa,Western Cape,Western Cape,Cape Town,Technology,Accessories,419.9,4,0.2,117.57
GB-2024-11974,4/12/2024,4/17/2024,Standard Class,Consumer,North America,Canada,West,British Columbia,Vancouver,Furniture,Tables,2870.68,4,0,287.07
GB-2025-11975,12/24/2025,12/27/2025,Second Class,Corporate,North America,United States,East,Pennsylvania,Philadelphia,Office Supplies,Art,7.91,1,0,2.37
GB-2024-11976,5/16/2024,5/21/2024,Standard Class,Consumer,Asia,Japan,Kansai,Osaka,Osaka,Office Supplies,Binders,197.76,8,0,88.99
GB-2025-11977,12/27/2025,1/1/2026,Standard Class,Home Office,Oceania,Australia,East,New South Wales,Sydney,Furniture,Tables,785.79,3,0,78.58
GB-2025-11978,12/6/2025,12/6/2025,Same Day,Consumer,Europe,United Kingdom,South,England,London,Technology,Accessories,94.95,5,0.5,9.5
GB-2025-11979,5/21/2025,5/24/2025,Second Class,Home Office,Oceania,Australia,East,New South Wales,Sydney,Office Supplies,Art,21.78,2,0,6.53
GB-2024-11980,12/16/2024,12/21/2024,Standard Class,Corporate,North America,Canada,West,British Columbia,Vancouver,Technology,Phones,2563.56,4,0,512.71
GB-2024-11981,1/31/2024,2/5/2024,Standard Class,Corporate,Asia,India,West,Maharashtra,Mumbai,Furniture,Furnishings,276.66,3,0,69.17
GB-2025-11982,4/23/2025,4/28/2025,Standard Class,Consumer,South America,Brazil,Southeast,Rio de Janeiro,Rio de Janeiro,Office Supplies,Art,29.38,8,0.2,5.29
GB-2024-11983,1/4/2024,1/9/2024,Standard Class,Corporate,North America,Canada,East,Ontario,Toronto,Technology,Accessories,273,3,0.1,92.82
GB-2024-11984,5/18/2024,5/21/2024,Second Class,Consumer,Asia,India,East,West Bengal,Kolkata,Technology,Phones,2754.75,3,0,550.95
GB-2025-11985,11/22/2025,11/25/2025,Second Class,Corporate,Europe,Germany,North,Berlin,Berlin,Office Supplies,Envelopes,15.86,3,0.5,0.79
GB-2025-11986,3/16/2025,3/18/2025,First Class,Consumer,Asia,India,East,West Bengal,Kolkata,Technology,Accessories,849.18,7,0.1,288.72
GB-2025-11987,2/25/2025,2/28/2025,Second Class,Corporate,Oceania,Australia,West,Western Australia,Perth,Technology,Copiers,2663.62,2,0,932.27
GB-2025-11988,8/24/2025,8/27/2025,Second Class,Home Office,Asia,Japan,Kanto,Tokyo,Tokyo,Technology,Machines,943.39,1,0.1,226.41
GB-2024-11989,11/18/2024,11/20/2024,First Class,Consumer,South America,Brazil,Southeast,Rio de Janeiro,Rio de Janeiro,Office Supplies,Art,24.05,4,0.1,5.77
GB-2025-11990,8/27/2025,9/1/2025,Standard Class,Corporate,North America,United States,East,New York,New York,Technology,Phones,4156.38,6,0,831.28
GB-2024-11991,12/13/2024,12/18/2024,Standard Class,Consumer,North America,United States,East,Pennsylvania,Philadelphia,Office Supplies,Binders,109.58,3,0.2,36.16
GB-2025-11992,6/27/2025,6/30/2025,Second Class,Corporate,South America,Brazil,Southeast,São Paulo,São Paulo,Office Supplies,Envelopes,116.64,8,0.1,33.83
GB-2024-11993,3/6/2024,3/8/2024,First Class,Home Office,Oceania,Australia,East,New South Wales,Sydney,Technology,Machines,762.81,1,0,137.31
GB-2024-11994,10/24/2024,10/29/2024,Standard Class,Home Office,North America,United States,East,Pennsylvania,Philadelphia,Technology,Accessories,376.55,7,0.1,128.03
GB-2025-11995,8/11/2025,8/16/2025,Standard Class,Corporate,Europe,Germany,South,Bavaria,Munich,Technology,Accessories,283.88,7,0.1,96.52
GB-2024-11996,9/4/2024,9/4/2024,Same Day,Home Office,South America,Brazil,Southeast,São Paulo,São Paulo,Office Supplies,Paper,25.99,1,0,10.4
GB-2024-11997,5/24/2024,5/29/2024,Standard Class,Corporate,Europe,United Kingdom,South,England,London,Office Supplies,Art,104.65,6,0.1,25.12
GB-2025-11998,2/20/2025,2/20/2025,Same Day,Corporate,Europe,Germany,South,Bavaria,Munich,Office Supplies,Envelopes,19.5,6,0.5,0.97
GB-2024-11999,9/17/2024,9/22/2024,Standard Class,Corporate,North America,United States,West,Washington,Seattle,Office Supplies,Envelopes,160.56,9,0,56.2
GB-2024-12000,2/28/2024,3/4/2024,Standard Class,Corporate,Europe,Germany,South,Bavaria,Munich,Furniture,Tables,3619.35,5,0,361.94
GB-2026-12001,2/27/2026,3/4/2026,Standard Class,Home Office,Europe,Germany,North,Berlin,Berlin,Furniture,Tables,4262.31,9,0,426.23
GB-2025-12002,3/12/2025,3/17/2025,Standard Class,Consumer,Asia,Japan,Kanto,Tokyo,Tokyo,Office Supplies,Paper,60.84,4,0,24.34
GB-2025-12003,9/29/2025,10/4/2025,Standard Class,Corporate,North America,United States,West,California,Los Angeles,Furniture,Chairs,2216.4,6,0,332.46
GB-2026-12004,1/23/2026,1/28/2026,Standard Class,Consumer,Africa,South Africa,Gauteng,Gauteng,Johannesburg,Office Supplies,Paper,117.32,7,0.2,32.85
GB-2025-12005,5/2/2025,5/7/2025,Standard Class,Home Office,South America,Brazil,South,Paraná,Curitiba,Furniture,Bookcases,325.84,2,0,16.29
GB-2024-12006,10/3/2024,10/8/2024,Standard Class,Corporate,Europe,United Kingdom,North,Scotland,Edinburgh,Office Supplies,Envelopes,75.92,8,0,26.57
GB-2024-12007,1/15/2024,1/20/2024,Standard Class,Corporate,Asia,India,South,Tamil Nadu,Chennai,Office Supplies,Paper,64.35,3,0,25.74
GB-2024-12008,6/21/2024,6/24/2024,Second Class,Corporate,North America,United States,East,New York,New York,Office Supplies,Binders,145.75,6,0.1,56.84
GB-2024-12009,1/18/2024,1/23/2024,Standard Class,Corporate,North America,United States,East,Pennsylvania,Philadelphia,Technology,Machines,5714.16,8,0,1028.55
GB-2025-12010,1/6/2025,1/9/2025,Second Class,Consumer,Asia,India,East,West Bengal,Kolkata,Technology,Copiers,2420.68,4,0,847.24
GB-2026-12011,1/11/2026,1/16/2026,Standard Class,Home Office,Europe,Germany,South,Bavaria,Munich,Technology,Machines,1806.73,3,0.1,433.62
GB-2024-12012,6/21/2024,6/21/2024,Same Day,Corporate,North America,Canada,West,British Columbia,Vancouver,Furniture,Furnishings,598.36,7,0,149.59
GB-2025-12013,6/12/2025,6/17/2025,Standard Class,Corporate,North America,United States,West,Washington,Seattle,Furniture,Tables,454.34,2,0.5,181.74
GB-2025-12014,6/26/2025,6/28/2025,First Class,Consumer,Europe,United Kingdom,North,Scotland,Edinburgh,Office Supplies,Art,94.98,6,0,28.49
GB-2025-12015,7/15/2025,7/20/2025,Standard Class,Consumer,South America,Brazil,Southeast,São Paulo,São Paulo,Office Supplies,Binders,133.52,4,0,60.08
GB-2025-12016,10/1/2025,10/6/2025,Standard Class,Home Office,North America,United States,East,New York,New York,Office Supplies,Paper,20.44,1,0.1,6.95
GB-2025-12017,3/14/2025,3/19/2025,Standard Class,Corporate,South America,Brazil,Southeast,Rio de Janeiro,Rio de Janeiro,Office Supplies,Envelopes,93.3,6,0,32.65
GB-2026-12018,3/21/2026,3/26/2026,Standard Class,Corporate,Europe,United Kingdom,South,England,London,Office Supplies,Binders,213.44,8,0,96.05
GB-2024-12019,3/7/2024,3/12/2024,Standard Class,Home Office,North America,Canada,West,British Columbia,Vancouver,Furniture,Furnishings,260.19,9,0,65.05
GB-2025-12020,6/8/2025,6/13/2025,Standard Class,Consumer,Oceania,Australia,East,New South Wales,Sydney,Office Supplies,Paper,32.82,3,0,13.13
GB-2024-12021,4/21/2024,4/26/2024,Standard Class,Home Office,Asia,India,South,Tamil Nadu,Chennai,Technology,Phones,2545.34,3,0.1,356.35
GB-2025-12022,7/6/2025,7/11/2025,Standard Class,Corporate,Asia,India,West,Maharashtra,Mumbai,Technology,Machines,1406.95,1,0,253.25
GB-2026-12023,2/17/2026,2/19/2026,First Class,Home Office,North America,United States,East,Pennsylvania,Philadelphia,Technology,Copiers,5093.88,4,0,1782.86
GB-2025-12024,7/22/2025,7/27/2025,Standard Class,Home Office,Asia,India,West,Maharashtra,Mumbai,Technology,Machines,5341.1,5,0,961.4
GB-2024-12025,2/17/2024,2/22/2024,Standard Class,Corporate,North America,Canada,West,British Columbia,Vancouver,Technology,Machines,9080.86,9,0.2,2724.26
GB-2024-12026,7/14/2024,7/19/2024,Standard Class,Home Office,Europe,Germany,South,Bavaria,Munich,Technology,Phones,2354.1,3,0.1,329.57
GB-2024-12027,8/11/2024,8/16/2024,Standard Class,Corporate,Europe,United Kingdom,North,Scotland,Edinburgh,Technology,Phones,1809.48,6,0,361.9
GB-2025-12028,5/4/2025,5/7/2025,Second Class,Home Office,South America,Brazil,South,Paraná,Curitiba,Office Supplies,Paper,70.95,5,0,28.38
GB-2024-12029,8/2/2024,8/7/2024,Standard Class,Consumer,Europe,Germany,South,Bavaria,Munich,Technology,Phones,1423.45,3,0.5,142.34
GB-2026-12030,3/23/2026,3/28/2026,Standard Class,Consumer,North America,Canada,East,Ontario,Toronto,Technology,Machines,8601.47,9,0.1,2064.35
GB-2025-12031,8/19/2025,8/22/2025,Second Class,Corporate,Asia,India,West,Maharashtra,Mumbai,Technology,Accessories,332.15,5,0,132.86
GB-2024-12032,9/26/2024,10/1/2024,Standard Class,Corporate,Oceania,Australia,East,New South Wales,Sydney,Office Supplies,Envelopes,86.1,5,0,30.13
GB-2024-12033,8/11/2024,8/13/2024,First Class,Home Office,Europe,United Kingdom,North,Scotland,Edinburgh,Furniture,Bookcases,1510.7,8,0.1,15.11
GB-2024-12034,6/13/2024,6/16/2024,Second Class,Home Office,Asia,Japan,Kanto,Tokyo,Tokyo,Technology,Machines,11262.87,9,0,2027.32
GB-2024-12035,2/8/2024,2/13/2024,Standard Class,Consumer,Europe,Germany,South,Bavaria,Munich,Furniture,Tables,1245.15,3,0,124.52
GB-2026-12036,1/24/2026,1/29/2026,Standard Class,Home Office,Europe,Germany,North,Berlin,Berlin,Office Supplies,Paper,222.08,8,0,88.83
GB-2026-12037,3/24/2026,3/29/2026,Standard Class,Corporate,Asia,Japan,Kanto,Tokyo,Tokyo,Office Supplies,Art,89.55,9,0,26.86
GB-2025-12038,10/4/2025,10/9/2025,Standard Class,Home Office,South America,Brazil,South,Paraná,Curitiba,Office Supplies,Paper,31.98,6,0,12.79
GB-2024-12039,6/18/2024,6/23/2024,Standard Class,Home Office,North America,United States,West,California,Los Angeles,Furniture,Bookcases,1501.45,5,0,75.07
GB-2024-12040,2/29/2024,3/3/2024,Second Class,Corporate,Asia,India,East,West Bengal,Kolkata,Office Supplies,Paper,53.43,3,0.1,18.17
GB-2024-12041,5/8/2024,5/13/2024,Standard Class,Corporate,Asia,India,West,Maharashtra,Mumbai,Furniture,Furnishings,525.04,6,0.1,99.76
GB-2025-12042,8/11/2025,8/14/2025,Second Class,Home Office,Europe,United Kingdom,South,England,London,Office Supplies,Envelopes,95.2,8,0,33.32
GB-2025-12043,1/21/2025,1/21/2025,Same Day,Corporate,Europe,United Kingdom,South,England,London,Office Supplies,Envelopes,29.34,4,0.2,6.75
GB-2024-12044,2/2/2024,2/7/2024,Standard Class,Consumer,North America,United States,West,California,Los Angeles,Furniture,Tables,6276.56,8,0,627.66
GB-2025-12045,3/7/2025,3/12/2025,Standard Class,Home Office,Asia,India,East,West Bengal,Kolkata,Technology,Phones,1918.68,6,0,383.74
GB-2026-12046,4/13/2026,4/18/2026,Standard Class,Corporate,North America,United States,East,New York,New York,Office Supplies,Paper,100.8,8,0,40.32
GB-2025-12047,1/4/2025,1/9/2025,Standard Class,Corporate,North America,Canada,East,Ontario,Toronto,Technology,Machines,3754.32,4,0,675.78
GB-2024-12048,8/11/2024,8/16/2024,Standard Class,Home Office,Asia,Japan,Kansai,Osaka,Osaka,Office Supplies,Binders,75.99,3,0,34.2
GB-2024-12049,9/26/2024,9/28/2024,First Class,Corporate,Asia,India,West,Maharashtra,Mumbai,Furniture,Tables,2369.52,6,0.1,379.12
GB-2024-12050,8/1/2024,8/3/2024,First Class,Corporate,Asia,Japan,Kansai,Osaka,Osaka,Furniture,Tables,6757.47,9,0,675.75
GB-2024-12051,1/1/2024,1/6/2024,Standard Class,Consumer,Africa,South Africa,Western Cape,Western Cape,Cape Town,Office Supplies,Envelopes,21.22,2,0,7.43
GB-2025-12052,8/17/2025,8/19/2025,First Class,Consumer,Europe,United Kingdom,North,Scotland,Edinburgh,Technology,Machines,3810.12,6,0,685.82
GB-2025-12053,12/5/2025,12/10/2025,Standard Class,Consumer,Oceania,Australia,East,New South Wales,Sydney,Office Supplies,Envelopes,44.94,7,0,15.73
GB-2025-12054,12/16/2025,12/21/2025,Standard Class,Corporate,Oceania,Australia,East,New South Wales,Sydney,Furniture,Chairs,1059.2,5,0,158.88
GB-2024-12055,4/4/2024,4/6/2024,First Class,Corporate,North America,Canada,West,British Columbia,Vancouver,Technology,Phones,588.71,1,0,117.74
GB-2025-12056,7/15/2025,7/20/2025,Standard Class,Consumer,Asia,Japan,Kansai,Osaka,Osaka,Office Supplies,Binders,184.94,6,0.2,61.03
GB-2025-12057,2/20/2025,2/23/2025,Second Class,Home Office,Asia,India,East,West Bengal,Kolkata,Furniture,Chairs,2595.72,6,0,389.36
GB-2026-12058,1/30/2026,2/4/2026,Standard Class,Corporate,North America,United States,East,New York,New York,Furniture,Furnishings,528.71,6,0.1,100.45
GB-2024-12059,12/9/2024,12/11/2024,First Class,Consumer,Asia,India,West,Maharashtra,Mumbai,Technology,Phones,862.84,2,0,172.57
GB-2025-12060,2/17/2025,2/22/2025,Standard Class,Consumer,North America,United States,West,Washington,Seattle,Technology,Copiers,586.9,1,0.2,134.99
GB-2025-12061,3/10/2025,3/12/2025,First Class,Consumer,Asia,India,West,Maharashtra,Mumbai,Furniture,Bookcases,109.45,1,0,5.47
GB-2025-12062,8/24/2025,8/29/2025,Standard Class,Home Office,North America,Canada,West,British Columbia,Vancouver,Technology,Phones,1743.66,2,0.1,244.11
GB-2026-12063,2/14/2026,2/19/2026,Standard Class,Consumer,North America,United States,West,Washington,Seattle,Furniture,Tables,640.51,2,0.1,102.48
GB-2025-12064,1/7/2025,1/12/2025,Standard Class,Corporate,Africa,South Africa,Gauteng,Gauteng,Johannesburg,Furniture,Bookcases,2098.32,6,0,104.92
GB-2024-12065,10/17/2024,10/22/2024,Standard Class,Consumer,Europe,Germany,South,Bavaria,Munich,Technology,Machines,8906.52,7,0,1603.17
GB-2025-12066,8/20/2025,8/25/2025,Standard Class,Corporate,North America,United States,East,Pennsylvania,Philadelphia,Furniture,Furnishings,538.4,8,0,134.6
GB-2026-12067,4/20/2026,4/25/2026,Standard Class,Home Office,Oceania,Australia,East,New South Wales,Sydney,Furniture,Bookcases,2453.15,7,0,122.66
GB-2025-12068,12/5/2025,12/10/2025,Standard Class,Corporate,Africa,South Africa,Western Cape,Western Cape,Cape Town,Technology,Phones,2361.36,5,0.2,188.91
GB-2024-12069,6/10/2024,6/15/2024,Standard Class,Consumer,South America,Brazil,South,Paraná,Curitiba,Office Supplies,Paper,42.05,5,0.5,4.21
GB-2024-12070,8/12/2024,8/17/2024,Standard Class,Home Office,Asia,India,South,Tamil Nadu,Chennai,Office Supplies,Envelopes,99.54,7,0.1,28.87
GB-2024-12071,12/12/2024,12/17/2024,Standard Class,Home Office,Asia,Japan,Kanto,Tokyo,Tokyo,Technology,Copiers,2413.18,3,0.2,555.03
GB-2025-12072,12/25/2025,12/28/2025,Second Class,Corporate,Europe,United Kingdom,North,Scotland,Edinburgh,Office Supplies,Envelopes,14.7,2,0,5.14
GB-2025-12073,10/22/2025,10/25/2025,Second Class,Corporate,Africa,South Africa,Western Cape,Western Cape,Cape Town,Furniture,Bookcases,1851.92,7,0,92.6
GB-2025-12074,3/15/2025,3/20/2025,Standard Class,Home Office,North America,United States,West,California,Los Angeles,Office Supplies,Envelopes,51.26,4,0.1,14.87
GB-2026-12075,2/16/2026,2/21/2026,Standard Class,Home Office,North America,United States,West,California,Los Angeles,Technology,Phones,926.86,2,0.1,129.76
GB-2025-12076,11/2/2025,11/7/2025,Standard Class,Corporate,North America,United States,East,Pennsylvania,Philadelphia,Furniture,Furnishings,132.48,3,0,33.12
GB-2024-12077,6/19/2024,6/22/2024,Second Class,Consumer,South America,Brazil,South,Paraná,Curitiba,Technology,Phones,8252.91,9,0,1650.58
GB-2024-12078,10/8/2024,10/13/2024,Standard Class,Consumer,North America,United States,West,Washington,Seattle,Furniture,Bookcases,1752.48,8,0,87.62
GB-2024-12079,10/11/2024,10/13/2024,First Class,Home Office,Oceania,Australia,West,Western Australia,Perth,Office Supplies,Envelopes,75.04,4,0,26.26
GB-2024-12080,4/21/2024,4/26/2024,Standard Class,Home Office,South America,Brazil,Southeast,São Paulo,São Paulo,Office Supplies,Art,196.02,9,0,58.81
GB-2025-12081,11/14/2025,11/19/2025,Standard Class,Home Office,Europe,Germany,South,Bavaria,Munich,Furniture,Furnishings,792.48,8,0,198.12
GB-2025-12082,11/29/2025,12/1/2025,First Class,Consumer,North America,United States,East,New York,New York,Furniture,Furnishings,45.5,2,0.1,8.64
GB-2025-12083,8/7/2025,8/12/2025,Standard Class,Corporate,Asia,India,South,Tamil Nadu,Chennai,Furniture,Tables,754.78,4,0.5,301.91
GB-2024-12084,8/8/2024,8/13/2024,Standard Class,Home Office,Europe,Germany,North,Berlin,Berlin,Technology,Phones,1182.35,5,0,236.47
GB-2026-12085,3/27/2026,3/30/2026,Second Class,Consumer,Asia,India,East,West Bengal,Kolkata,Technology,Copiers,703.48,1,0,246.22
GB-2025-12086,7/11/2025,7/16/2025,Standard Class,Corporate,North America,Canada,East,Ontario,Toronto,Furniture,Bookcases,1104.27,3,0,55.21
GB-2025-12087,6/26/2025,7/1/2025,Standard Class,Corporate,South America,Brazil,South,Paraná,Curitiba,Technology,Phones,397.16,1,0,79.43
GB-2026-12088,2/27/2026,3/4/2026,Standard Class,Home Office,South America,Brazil,South,Paraná,Curitiba,Furniture,Chairs,983.12,4,0,147.47
GB-2024-12089,3/3/2024,3/6/2024,Second Class,Home Office,Africa,South Africa,Western Cape,Western Cape,Cape Town,Furniture,Furnishings,15.47,1,0.1,2.94
GB-2024-12090,4/11/2024,4/13/2024,First Class,Consumer,Asia,India,West,Maharashtra,Mumbai,Technology,Phones,3763.92,5,0.2,301.11
GB-2024-12091,5/18/2024,5/23/2024,Standard Class,Corporate,Asia,India,West,Maharashtra,Mumbai,Office Supplies,Paper,16.62,2,0,6.65
GB-2025-12092,10/9/2025,10/14/2025,Standard Class,Consumer,South America,Brazil,Southeast,Rio de Janeiro,Rio de Janeiro,Office Supplies,Art,76.74,8,0.2,13.81
GB-2024-12093,7/11/2024,7/14/2024,Second Class,Consumer,Oceania,Australia,East,New South Wales,Sydney,Office Supplies,Paper,56.35,7,0,22.54
GB-2024-12094,10/20/2024,10/25/2024,Standard Class,Home Office,North America,Canada,West,British Columbia,Vancouver,Furniture,Tables,1512.08,2,0,151.21
GB-2024-12095,2/22/2024,2/27/2024,Standard Class,Home Office,Europe,United Kingdom,North,Scotland,Edinburgh,Office Supplies,Art,33.24,6,0.5,0
GB-2024-12096,6/28/2024,7/1/2024,Second Class,Corporate,Asia,India,North,Delhi,New Delhi,Technology,Accessories,333,5,0.2,93.24
GB-2025-12097,12/25/2025,12/30/2025,Standard Class,Home Office,Oceania,Australia,West,Western Australia,Perth,Office Supplies,Art,71.87,9,0.5,0
GB-2024-12098,8/14/2024,8/14/2024,Same Day,Consumer,Europe,Germany,South,Bavaria,Munich,Office Supplies,Envelopes,37.73,4,0.1,10.94
GB-2024-12099,10/30/2024,11/1/2024,First Class,Consumer,Europe,United Kingdom,North,Scotland,Edinburgh,Office Supplies,Envelopes,49.23,3,0,17.23
GB-2025-12100,1/10/2025,1/15/2025,Standard Class,Corporate,South America,Brazil,Southeast,São Paulo,São Paulo,Furniture,Bookcases,666.85,5,0,33.34
GB-2026-12101,4/18/2026,4/23/2026,Standard Class,Home Office,Africa,South Africa,Gauteng,Gauteng,Johannesburg,Furniture,Furnishings,177.86,2,0,44.47
GB-2025-12102,10/15/2025,10/15/2025,Same Day,Corporate,Europe,United Kingdom,North,Scotland,Edinburgh,Office Supplies,Binders,78.75,9,0,35.44
GB-2024-12103,6/21/2024,6/26/2024,Standard Class,Home Office,North America,Canada,East,Ontario,Toronto,Furniture,Tables,2983.05,9,0,298.31
GB-2024-12104,6/7/2024,6/12/2024,Standard Class,Home Office,North America,Canada,East,Ontario,Toronto,Office Supplies,Art,4.03,1,0,1.21
GB-2026-12105,1/13/2026,1/16/2026,Second Class,Corporate,Europe,United Kingdom,South,England,London,Furniture,Chairs,1016.44,4,0,152.47
GB-2026-12106,3/3/2026,3/8/2026,Standard Class,Corporate,Africa,South Africa,Gauteng,Gauteng,Johannesburg,Technology,Copiers,1708.16,1,0,597.86
GB-2024-12107,4/30/2024,5/3/2024,Second Class,Home Office,Europe,Germany,North,Berlin,Berlin,Technology,Copiers,778.68,1,0,272.54
GB-2024-12108,3/15/2024,3/20/2024,Standard Class,Corporate,North America,Canada,West,British Columbia,Vancouver,Office Supplies,Paper,160.74,6,0,64.3
GB-2026-12109,2/19/2026,2/24/2026,Standard Class,Consumer,South America,Brazil,South,Paraná,Curitiba,Technology,Machines,4586.37,8,0.2,1375.91
GB-2024-12110,5/11/2024,5/16/2024,Standard Class,Consumer,North America,United States,East,Pennsylvania,Philadelphia,Furniture,Bookcases,3155.2,8,0,157.76
GB-2025-12111,12/28/2025,12/28/2025,Same Day,Home Office,Africa,South Africa,Gauteng,Gauteng,Johannesburg,Furniture,Tables,1551.28,8,0.5,620.51
GB-2024-12112,9/2/2024,9/4/2024,First Class,Corporate,Oceania,Australia,West,Western Australia,Perth,Technology,Accessories,750.33,6,0.1,255.11
GB-2025-12113,8/29/2025,9/3/2025,Standard Class,Home Office,Asia,Japan,Kanto,Tokyo,Tokyo,Office Supplies,Envelopes,15.34,1,0,5.37
GB-2024-12114,6/5/2024,6/10/2024,Standard Class,Home Office,Europe,Germany,North,Berlin,Berlin,Office Supplies,Art,95.55,7,0,28.66
GB-2026-12115,2/13/2026,2/18/2026,Standard Class,Corporate,South America,Brazil,South,Paraná,Curitiba,Furniture,Furnishings,128.73,7,0,32.18
GB-2025-12116,11/10/2025,11/15/2025,Standard Class,Corporate,Oceania,Australia,East,New South Wales,Sydney,Furniture,Chairs,2106.99,9,0,316.05
GB-2025-12117,2/12/2025,2/15/2025,Second Class,Consumer,Asia,Japan,Kansai,Osaka,Osaka,Office Supplies,Envelopes,143.2,8,0,50.12
GB-2026-12118,4/1/2026,4/3/2026,First Class,Consumer,Oceania,Australia,East,New South Wales,Sydney,Office Supplies,Binders,65.88,4,0,29.65
GB-2024-12119,2/2/2024,2/7/2024,Standard Class,Corporate,Asia,Japan,Kanto,Tokyo,Tokyo,Office Supplies,Binders,215.74,7,0,97.08
GB-2024-12120,12/12/2024,12/17/2024,Standard Class,Corporate,Asia,India,East,West Bengal,Kolkata,Office Supplies,Envelopes,7.43,1,0,2.6
GB-2025-12121,4/8/2025,4/13/2025,Standard Class,Consumer,North America,United States,West,Washington,Seattle,Office Supplies,Binders,170.88,4,0,76.9
GB-2025-12122,7/4/2025,7/6/2025,First Class,Consumer,Oceania,Australia,East,New South Wales,Sydney,Furniture,Tables,1630.19,7,0.5,652.08
GB-2025-12123,12/7/2025,12/10/2025,Second Class,Consumer,Europe,United Kingdom,North,Scotland,Edinburgh,Furniture,Tables,793.62,3,0,79.36
GB-2025-12124,4/20/2025,4/25/2025,Standard Class,Consumer,South America,Brazil,Southeast,São Paulo,São Paulo,Office Supplies,Envelopes,24.24,4,0.5,1.21
GB-2024-12125,1/6/2024,1/11/2024,Standard Class,Consumer,Asia,India,West,Maharashtra,Mumbai,Furniture,Tables,2473.56,9,0,247.36
GB-2026-12126,4/21/2026,4/26/2026,Standard Class,Consumer,North America,Canada,East,Ontario,Toronto,Furniture,Tables,1319.08,4,0.1,211.05
GB-2025-12127,5/16/2025,5/19/2025,Second Class,Consumer,Asia,India,North,Delhi,New Delhi,Furniture,Bookcases,908.88,7,0,45.44
GB-2024-12128,12/14/2024,12/19/2024,Standard Class,Home Office,Asia,Japan,Kanto,Tokyo,Tokyo,Office Supplies,Art,19.27,1,0,5.78
GB-2025-12129,9/28/2025,9/30/2025,First Class,Consumer,North America,Canada,West,British Columbia,Vancouver,Furniture,Tables,1402.76,2,0.1,224.44
GB-2025-12130,4/24/2025,4/29/2025,Standard Class,Home Office,Asia,Japan,Kansai,Osaka,Osaka,Office Supplies,Envelopes,87.85,5,0,30.75
GB-2026-12131,3/12/2026,3/15/2026,Second Class,Home Office,North America,Canada,East,Ontario,Toronto,Furniture,Furnishings,388.08,8,0,97.02
GB-2025-12132,3/14/2025,3/19/2025,Standard Class,Corporate,North America,Canada,West,British Columbia,Vancouver,Furniture,Chairs,758.71,3,0.2,22.76
GB-2025-12133,10/25/2025,10/30/2025,Standard Class,Home Office,North America,United States,East,New York,New York,Furniture,Tables,1242.68,2,0,124.27
GB-2025-12134,10/3/2025,10/8/2025,Standard Class,Corporate,North America,Canada,West,British Columbia,Vancouver,Office Supplies,Binders,25,3,0.1,9.75
GB-2024-12135,5/6/2024,5/11/2024,Standard Class,Home Office,North America,United States,West,Washington,Seattle,Technology,Accessories,340.83,7,0,136.33
GB-2024-12136,3/26/2024,3/31/2024,Standard Class,Consumer,Asia,India,North,Delhi,New Delhi,Furniture,Tables,5087.52,8,0.1,814
GB-2024-12137,9/8/2024,9/13/2024,Standard Class,Home Office,Oceania,Australia,East,New South Wales,Sydney,Furniture,Tables,2452.7,5,0,245.27
GB-2025-12138,10/3/2025,10/8/2025,Standard Class,Corporate,Europe,United Kingdom,South,England,London,Technology,Accessories,167.64,2,0,67.06
GB-2026-12139,3/31/2026,4/3/2026,Second Class,Corporate,Europe,United Kingdom,North,Scotland,Edinburgh,Technology,Copiers,658.76,1,0.1,191.04
GB-2025-12140,11/14/2025,11/16/2025,First Class,Corporate,Asia,India,East,West Bengal,Kolkata,Office Supplies,Binders,147.23,7,0.1,57.42
GB-2024-12141,8/13/2024,8/15/2024,First Class,Corporate,North America,United States,West,California,Los Angeles,Office Supplies,Art,41.42,6,0.2,7.46
GB-2024-12142,9/11/2024,9/16/2024,Standard Class,Corporate,Asia,Japan,Kansai,Osaka,Osaka,Office Supplies,Art,119.43,9,0,35.83
GB-2025-12143,3/12/2025,3/17/2025,Standard Class,Corporate,Asia,Japan,Kansai,Osaka,Osaka,Furniture,Bookcases,2013.48,7,0,100.67
GB-2025-12144,2/27/2025,3/4/2025,Standard Class,Home Office,Europe,Germany,South,Bavaria,Munich,Furniture,Chairs,2392.55,7,0.1,215.33
GB-2025-12145,3/3/2025,3/6/2025,Second Class,Consumer,Oceania,Australia,West,Western Australia,Perth,Technology,Machines,2186.05,4,0.2,655.82
GB-2024-12146,5/21/2024,5/26/2024,Standard Class,Home Office,North America,Canada,West,British Columbia,Vancouver,Furniture,Tables,1643.96,4,0,164.4
GB-2025-12147,7/17/2025,7/17/2025,Same Day,Home Office,South America,Brazil,South,Paraná,Curitiba,Office Supplies,Envelopes,25.44,3,0.2,5.85
GB-2024-12148,10/25/2024,10/28/2024,Second Class,Consumer,Europe,United Kingdom,South,England,London,Furniture,Bookcases,1706.56,8,0.2,119.46
GB-2024-12149,5/27/2024,5/30/2024,Second Class,Consumer,Europe,United Kingdom,South,England,London,Office Supplies,Paper,108.42,7,0.1,36.86
GB-2025-12150,3/31/2025,4/5/2025,Standard Class,Consumer,Europe,United Kingdom,South,England,London,Furniture,Chairs,340.42,2,0,51.06
GB-2026-12151,3/23/2026,3/25/2026,First Class,Consumer,Asia,India,South,Tamil Nadu,Chennai,Furniture,Furnishings,318.36,5,0.2,41.39
GB-2024-12152,7/27/2024,8/1/2024,Standard Class,Consumer,Europe,Germany,South,Bavaria,Munich,Technology,Copiers,13026.15,9,0,4559.15
GB-2026-12153,1/27/2026,1/30/2026,Second Class,Home Office,North America,United States,West,Washington,Seattle,Technology,Accessories,937.79,7,0,375.12
GB-2024-12154,1/25/2024,1/30/2024,Standard Class,Corporate,South America,Brazil,Southeast,São Paulo,São Paulo,Furniture,Tables,2663.55,5,0.1,426.17
GB-2024-12155,4/5/2024,4/7/2024,First Class,Consumer,Europe,United Kingdom,South,England,London,Office Supplies,Art,44.1,7,0,13.23
GB-2025-12156,6/27/2025,6/30/2025,Second Class,Home Office,Asia,India,West,Maharashtra,Mumbai,Office Supplies,Art,10.58,2,0,3.17
GB-2024-12157,9/4/2024,9/9/2024,Standard Class,Corporate,Europe,Germany,North,Berlin,Berlin,Office Supplies,Binders,292.05,9,0,131.42
GB-2025-12158,6/11/2025,6/14/2025,Second Class,Corporate,Europe,Germany,South,Bavaria,Munich,Furniture,Chairs,180.93,1,0,27.14
GB-2024-12159,11/21/2024,11/26/2024,Standard Class,Corporate,North America,Canada,West,British Columbia,Vancouver,Furniture,Chairs,1124.74,3,0.1,101.23
GB-2025-12160,11/3/2025,11/8/2025,Standard Class,Home Office,Oceania,Australia,West,Western Australia,Perth,Office Supplies,Paper,14.15,2,0.5,1.42
GB-2025-12161,3/10/2025,3/10/2025,Same Day,Home Office,Africa,South Africa,Gauteng,Gauteng,Johannesburg,Office Supplies,Envelopes,73.93,6,0.1,21.44
GB-2024-12162,7/25/2024,7/28/2024,Second Class,Consumer,Europe,Germany,North,Berlin,Berlin,Furniture,Bookcases,1459.89,9,0,72.99
GB-2024-12163,12/31/2024,1/3/2025,Second Class,Consumer,Oceania,Australia,West,Western Australia,Perth,Technology,Copiers,10057.14,9,0,3520
GB-2024-12164,9/2/2024,9/2/2024,Same Day,Home Office,Asia,India,South,Tamil Nadu,Chennai,Office Supplies,Envelopes,9.62,3,0.5,0.48
GB-2025-12165,12/18/2025,12/23/2025,Standard Class,Home Office,North America,Canada,West,British Columbia,Vancouver,Office Supplies,Envelopes,16.19,4,0.2,3.72
GB-2024-12166,7/26/2024,7/31/2024,Standard Class,Home Office,Europe,United Kingdom,North,Scotland,Edinburgh,Office Supplies,Envelopes,77.78,7,0.2,17.89
GB-2024-12167,8/15/2024,8/20/2024,Standard Class,Consumer,Asia,India,West,Maharashtra,Mumbai,Furniture,Bookcases,569.85,5,0.5,142.46
GB-2024-12168,1/5/2024,1/7/2024,First Class,Corporate,Asia,India,East,West Bengal,Kolkata,Technology,Phones,6499.36,8,0,1299.87
GB-2026-12169,1/2/2026,1/4/2026,First Class,Corporate,Asia,Japan,Kansai,Osaka,Osaka,Furniture,Bookcases,528.42,3,0.1,5.28
GB-2025-12170,5/7/2025,5/10/2025,Second Class,Corporate,North America,United States,East,Pennsylvania,Philadelphia,Furniture,Tables,552.86,2,0,55.29
GB-2024-12171,10/12/2024,10/17/2024,Standard Class,Corporate,Asia,Japan,Kanto,Tokyo,Tokyo,Office Supplies,Envelopes,158.24,8,0,55.38
GB-2025-12172,9/25/2025,9/27/2025,First Class,Home Office,South America,Brazil,South,Paraná,Curitiba,Office Supplies,Art,79.45,7,0,23.84
GB-2026-12173,2/27/2026,3/4/2026,Standard Class,Corporate,North America,Canada,East,Ontario,Toronto,Office Supplies,Art,3.93,1,0.1,0.94
GB-2024-12174,6/4/2024,6/9/2024,Standard Class,Corporate,South America,Brazil,South,Paraná,Curitiba,Office Supplies,Binders,24.3,3,0,10.94
GB-2024-12175,3/18/2024,3/21/2024,Second Class,Consumer,Africa,South Africa,Western Cape,Western Cape,Cape Town,Office Supplies,Art,144.88,8,0,43.46
GB-2026-12176,2/19/2026,2/24/2026,Standard Class,Corporate,Asia,India,North,Delhi,New Delhi,Furniture,Chairs,153.69,1,0.1,13.83
GB-2024-12177,6/4/2024,6/9/2024,Standard Class,Consumer,Oceania,Australia,West,Western Australia,Perth,Technology,Copiers,4456.43,5,0.5,222.82
GB-2025-12178,9/4/2025,9/9/2025,Standard Class,Home Office,South America,Brazil,Southeast,Rio de Janeiro,Rio de Janeiro,Office Supplies,Binders,153.72,6,0,69.17
GB-2024-12179,7/10/2024,7/15/2024,Standard Class,Home Office,Europe,United Kingdom,North,Scotland,Edinburgh,Furniture,Furnishings,546.71,7,0.1,103.87
GB-2024-12180,9/2/2024,9/4/2024,First Class,Consumer,South America,Brazil,South,Paraná,Curitiba,Technology,Machines,5048.51,7,0.1,1211.64
GB-2024-12181,5/25/2024,5/30/2024,Standard Class,Home Office,Europe,United Kingdom,North,Scotland,Edinburgh,Office Supplies,Paper,22.74,1,0.1,7.73
GB-2026-12182,1/22/2026,1/25/2026,Second Class,Consumer,North America,Canada,East,Ontario,Toronto,Office Supplies,Envelopes,9.79,1,0,3.43
GB-2025-12183,7/26/2025,7/29/2025,Second Class,Corporate,North America,United States,West,California,Los Angeles,Office Supplies,Binders,39.78,1,0.1,15.51
GB-2024-12184,7/21/2024,7/21/2024,Same Day,Corporate,South America,Brazil,South,Paraná,Curitiba,Furniture,Chairs,167.06,1,0,25.06
GB-2024-12185,2/23/2024,2/28/2024,Standard Class,Home Office,Oceania,Australia,West,Western Australia,Perth,Technology,Phones,4414.45,5,0,882.89
GB-2024-12186,2/15/2024,2/20/2024,Standard Class,Home Office,Africa,South Africa,Western Cape,Western Cape,Cape Town,Furniture,Bookcases,2950.26,9,0.1,29.5
GB-2024-12187,7/3/2024,7/6/2024,Second Class,Consumer,Asia,India,North,Delhi,New Delhi,Technology,Copiers,9472.16,8,0,3315.26
GB-2026-12188,2/27/2026,3/4/2026,Standard Class,Consumer,Oceania,Australia,East,New South Wales,Sydney,Furniture,Furnishings,115.27,9,0.2,14.99
GB-2026-12189,2/18/2026,2/23/2026,Standard Class,Corporate,South America,Brazil,South,Paraná,Curitiba,Office Supplies,Binders,79.5,2,0.2,26.24
GB-2024-12190,3/31/2024,4/5/2024,Standard Class,Corporate,Asia,India,West,Maharashtra,Mumbai,Technology,Machines,10244.59,8,0.1,2458.7
GB-2025-12191,9/25/2025,9/30/2025,Standard Class,Consumer,North America,United States,West,California,Los Angeles,Technology,Machines,3687.24,4,0,663.7
GB-2024-12192,12/30/2024,1/2/2025,Second Class,Home Office,North America,Canada,West,British Columbia,Vancouver,Technology,Phones,5365.71,9,0,1073.14
GB-2024-12193,5/8/2024,5/11/2024,Second Class,Home Office,Asia,India,East,West Bengal,Kolkata,Office Supplies,Art,5.26,1,0.1,1.26
GB-2026-12194,3/5/2026,3/8/2026,Second Class,Consumer,Europe,Germany,North,Berlin,Berlin,Furniture,Furnishings,344.05,7,0,86.01
GB-2025-12195,12/8/2025,12/13/2025,Standard Class,Home Office,Asia,India,East,West Bengal,Kolkata,Furniture,Furnishings,151.26,6,0,37.81
GB-2025-12196,10/18/2025,10/21/2025,Second Class,Home Office,Oceania,Australia,West,Western Australia,Perth,Technology,Copiers,8351.04,6,0,2922.86
GB-2024-12197,11/27/2024,12/2/2024,Standard Class,Corporate,Europe,United Kingdom,North,Scotland,Edinburgh,Technology,Machines,5082.14,7,0,914.79
GB-2024-12198,7/11/2024,7/13/2024,First Class,Corporate,Africa,South Africa,Western Cape,Western Cape,Cape Town,Furniture,Bookcases,663.92,2,0,33.2
GB-2026-12199,3/10/2026,3/15/2026,Standard Class,Corporate,Oceania,Australia,East,New South Wales,Sydney,Technology,Accessories,459.34,7,0,183.74
GB-2025-12200,6/29/2025,7/4/2025,Standard Class,Home Office,North America,Canada,West,British Columbia,Vancouver,Furniture,Bookcases,91.18,1,0.1,0.91
GB-2024-12201,9/25/2024,9/30/2024,Standard Class,Home Office,Asia,Japan,Kansai,Osaka,Osaka,Technology,Machines,980.2,1,0.1,235.25
GB-2026-12202,3/3/2026,3/8/2026,Standard Class,Consumer,North America,United States,East,Pennsylvania,Philadelphia,Technology,Phones,1430,2,0,286
GB-2025-12203,10/2/2025,10/7/2025,Standard Class,Corporate,North America,United States,West,Washington,Seattle,Furniture,Tables,1124.64,3,0,112.46
GB-2025-12204,9/11/2025,9/16/2025,Standard Class,Consumer,Asia,India,East,West Bengal,Kolkata,Furniture,Chairs,2733.44,8,0,410.02
GB-2024-12205,5/19/2024,5/21/2024,First Class,Consumer,South America,Brazil,Southeast,Rio de Janeiro,Rio de Janeiro,Technology,Machines,1989.42,6,0.5,954.92
GB-2026-12206,1/22/2026,1/25/2026,Second Class,Consumer,Asia,Japan,Kansai,Osaka,Osaka,Technology,Accessories,318.74,5,0.1,108.37
GB-2025-12207,9/3/2025,9/8/2025,Standard Class,Corporate,Asia,Japan,Kansai,Osaka,Osaka,Technology,Machines,11287.67,9,0.1,2709.04
GB-2025-12208,1/5/2025,1/8/2025,Second Class,Corporate,South America,Brazil,South,Paraná,Curitiba,Technology,Phones,2523.25,5,0,504.65
GB-2025-12209,7/16/2025,7/16/2025,Same Day,Home Office,Asia,Japan,Kanto,Tokyo,Tokyo,Technology,Copiers,5544.76,5,0.2,1275.29
GB-2025-12210,11/8/2025,11/10/2025,First Class,Corporate,Asia,Japan,Kanto,Tokyo,Tokyo,Office Supplies,Binders,274.23,7,0.2,90.5
GB-2025-12211,6/14/2025,6/19/2025,Standard Class,Consumer,North America,Canada,West,British Columbia,Vancouver,Technology,Machines,708.37,1,0.5,340.02
GB-2024-12212,10/24/2024,10/29/2024,Standard Class,Home Office,Europe,United Kingdom,North,Scotland,Edinburgh,Furniture,Furnishings,527.94,6,0,131.99
GB-2024-12213,1/25/2024,1/28/2024,Second Class,Corporate,Europe,United Kingdom,North,Scotland,Edinburgh,Technology,Copiers,8791.2,9,0,3076.92
GB-2026-12214,1/20/2026,1/22/2026,First Class,Consumer,Europe,Germany,North,Berlin,Berlin,Technology,Phones,2229.88,8,0.5,222.99
GB-2025-12215,5/16/2025,5/18/2025,First Class,Home Office,Europe,Germany,North,Berlin,Berlin,Technology,Phones,1074.74,2,0,214.95
GB-2024-12216,12/25/2024,12/30/2024,Standard Class,Consumer,Asia,India,South,Tamil Nadu,Chennai,Furniture,Tables,2716.38,9,0,271.64
GB-2024-12217,8/20/2024,8/22/2024,First Class,Consumer,South America,Brazil,Southeast,São Paulo,São Paulo,Office Supplies,Art,20.34,4,0.1,4.88
GB-2024-12218,4/12/2024,4/17/2024,Standard Class,Consumer,Asia,India,South,Tamil Nadu,Chennai,Office Supplies,Art,54.19,3,0.2,9.75
GB-2024-12219,6/1/2024,6/6/2024,Standard Class,Home Office,Europe,United Kingdom,North,Scotland,Edinburgh,Technology,Phones,4417.02,9,0,883.4
GB-2024-12220,7/16/2024,7/21/2024,Standard Class,Home Office,Europe,Germany,South,Bavaria,Munich,Office Supplies,Envelopes,13.58,1,0.2,3.12
GB-2025-12221,10/2/2025,10/7/2025,Standard Class,Consumer,Europe,United Kingdom,North,Scotland,Edinburgh,Office Supplies,Art,119.22,6,0,35.77
GB-2025-12222,4/9/2025,4/12/2025,Second Class,Corporate,North America,United States,East,Pennsylvania,Philadelphia,Office Supplies,Binders,92.92,4,0,41.81
GB-2024-12223,5/23/2024,5/25/2024,First Class,Home Office,Europe,Germany,South,Bavaria,Munich,Technology,Copiers,6721.82,7,0,2352.64
GB-2026-12224,2/10/2026,2/15/2026,Standard Class,Home Office,North America,United States,West,Washington,Seattle,Furniture,Chairs,277.17,1,0,41.58
GB-2025-12225,9/9/2025,9/11/2025,First Class,Consumer,North America,United States,West,California,Los Angeles,Office Supplies,Envelopes,9.66,1,0,3.38
GB-2024-12226,12/3/2024,12/6/2024,Second Class,Home Office,Oceania,Australia,West,Western Australia,Perth,Furniture,Chairs,1307.04,3,0,196.06
GB-2026-12227,3/11/2026,3/16/2026,Standard Class,Home Office,South America,Brazil,South,Paraná,Curitiba,Furniture,Bookcases,351.48,3,0,17.57
GB-2026-12228,4/15/2026,4/20/2026,Standard Class,Corporate,Europe,United Kingdom,South,England,London,Furniture,Tables,1614.4,5,0,161.44
GB-2025-12229,1/14/2025,1/19/2025,Standard Class,Corporate,North America,United States,East,Pennsylvania,Philadelphia,Office Supplies,Paper,103.6,5,0,41.44
GB-2024-12230,3/28/2024,4/2/2024,Standard Class,Home Office,North America,Canada,East,Ontario,Toronto,Technology,Accessories,556,4,0,222.4
GB-2024-12231,2/9/2024,2/12/2024,Second Class,Consumer,Asia,Japan,Kansai,Osaka,Osaka,Technology,Phones,1275.84,6,0,255.17
GB-2025-12232,8/21/2025,8/26/2025,Standard Class,Home Office,South America,Brazil,South,Paraná,Curitiba,Furniture,Furnishings,348.6,4,0,87.15
GB-2025-12233,3/13/2025,3/18/2025,Standard Class,Home Office,North America,United States,West,California,Los Angeles,Technology,Copiers,2211.39,3,0,773.99
GB-2025-12234,2/10/2025,2/15/2025,Standard Class,Consumer,Asia,Japan,Kanto,Tokyo,Tokyo,Office Supplies,Envelopes,33.18,2,0,11.61
GB-2025-12235,8/1/2025,8/6/2025,Standard Class,Corporate,Europe,Germany,South,Bavaria,Munich,Technology,Phones,5344.26,6,0,1068.85
GB-2024-12236,10/7/2024,10/12/2024,Standard Class,Consumer,Asia,India,North,Delhi,New Delhi,Technology,Machines,6015.96,9,0,1082.87
GB-2025-12237,9/19/2025,9/24/2025,Standard Class,Consumer,Asia,Japan,Kansai,Osaka,Osaka,Furniture,Bookcases,1781.43,9,0.1,17.81
GB-2024-12238,2/18/2024,2/23/2024,Standard Class,Consumer,North America,United States,West,Washington,Seattle,Technology,Machines,4364.16,6,0,785.55
GB-2025-12239,12/29/2025,1/1/2026,Second Class,Consumer,Asia,India,North,Delhi,New Delhi,Furniture,Tables,2759.12,8,0,275.91
GB-2026-12240,2/7/2026,2/12/2026,Standard Class,Consumer,North America,Canada,East,Ontario,Toronto,Technology,Accessories,118.08,3,0,47.23
GB-2025-12241,7/2/2025,7/5/2025,Second Class,Consumer,Europe,United Kingdom,South,England,London,Technology,Copiers,3301.34,2,0.1,957.39
GB-2025-12242,6/19/2025,6/24/2025,Standard Class,Home Office,Europe,Germany,North,Berlin,Berlin,Technology,Phones,7144.49,8,0.1,1000.23
GB-2025-12243,9/6/2025,9/11/2025,Standard Class,Home Office,Oceania,Australia,West,Western Australia,Perth,Office Supplies,Binders,4.05,1,0,1.82
GB-2024-12244,3/23/2024,3/28/2024,Standard Class,Home Office,North America,United States,West,California,Los Angeles,Office Supplies,Paper,77.28,7,0,30.91
GB-2026-12245,3/24/2026,3/29/2026,Standard Class,Home Office,Asia,Japan,Kanto,Tokyo,Tokyo,Furniture,Furnishings,57.62,1,0,14.4
GB-2024-12246,4/22/2024,4/24/2024,First Class,Home Office,Asia,Japan,Kansai,Osaka,Osaka,Office Supplies,Art,117.04,7,0,35.11
GB-2025-12247,2/8/2025,2/13/2025,Standard Class,Corporate,Asia,India,East,West Bengal,Kolkata,Office Supplies,Paper,57.53,4,0.1,19.56
GB-2026-12248,4/10/2026,4/15/2026,Standard Class,Home Office,Oceania,Australia,East,New South Wales,Sydney,Furniture,Bookcases,831.41,7,0.1,8.31
GB-2026-12249,2/22/2026,2/24/2026,First Class,Corporate,Oceania,Australia,West,Western Australia,Perth,Office Supplies,Binders,53.84,8,0,24.23
GB-2025-12250,6/21/2025,6/26/2025,Standard Class,Corporate,Asia,India,West,Maharashtra,Mumbai,Furniture,Bookcases,2718.94,7,0,135.95
GB-2026-12251,3/17/2026,3/22/2026,Standard Class,Corporate,North America,Canada,East,Ontario,Toronto,Furniture,Bookcases,242.98,2,0,12.15
GB-2026-12252,3/8/2026,3/13/2026,Standard Class,Corporate,North America,United States,West,California,Los Angeles,Office Supplies,Binders,30.85,2,0.5,4.63
GB-2026-12253,1/24/2026,1/29/2026,Standard Class,Corporate,North America,United States,West,Washington,Seattle,Office Supplies,Envelopes,176.85,9,0,61.9
GB-2025-12254,6/6/2025,6/8/2025,First Class,Consumer,North America,United States,East,New York,New York,Office Supplies,Binders,139.12,8,0.5,20.87
GB-2024-12255,8/21/2024,8/26/2024,Standard Class,Consumer,Asia,India,South,Tamil Nadu,Chennai,Technology,Copiers,3051.7,2,0,1068.09
GB-2024-12256,2/29/2024,3/5/2024,Standard Class,Home Office,North America,United States,East,Pennsylvania,Philadelphia,Furniture,Furnishings,186.33,3,0,46.58
GB-2025-12257,4/7/2025,4/12/2025,Standard Class,Home Office,North America,Canada,East,Ontario,Toronto,Furniture,Chairs,1492.51,9,0.1,134.33
GB-2026-12258,3/2/2026,3/2/2026,Same Day,Corporate,Asia,Japan,Kansai,Osaka,Osaka,Technology,Accessories,1090.16,8,0,436.06
GB-2025-12259,4/4/2025,4/7/2025,Second Class,Consumer,Europe,United Kingdom,South,England,London,Furniture,Chairs,1569.45,5,0,235.42
GB-2024-12260,12/9/2024,12/9/2024,Same Day,Corporate,Oceania,Australia,East,New South Wales,Sydney,Office Supplies,Paper,65.79,8,0.2,18.42
GB-2025-12261,12/24/2025,12/29/2025,Standard Class,Consumer,North America,Canada,East,Ontario,Toronto,Furniture,Furnishings,509.7,6,0,127.42
GB-2024-12262,7/1/2024,7/4/2024,Second Class,Corporate,North America,Canada,West,British Columbia,Vancouver,Office Supplies,Paper,30.96,2,0.2,8.67
GB-2025-12263,6/22/2025,6/24/2025,First Class,Home Office,Oceania,Australia,West,Western Australia,Perth,Technology,Phones,1459.6,2,0.1,204.34
GB-2024-12264,1/14/2024,1/19/2024,Standard Class,Corporate,Africa,South Africa,Gauteng,Gauteng,Johannesburg,Furniture,Furnishings,295.99,4,0.1,56.24
GB-2025-12265,3/7/2025,3/9/2025,First Class,Consumer,North America,Canada,West,British Columbia,Vancouver,Furniture,Bookcases,155.52,1,0.1,1.56
GB-2025-12266,9/7/2025,9/12/2025,Standard Class,Corporate,Europe,Germany,North,Berlin,Berlin,Technology,Machines,2296.18,4,0.5,1102.17
GB-2025-12267,7/15/2025,7/18/2025,Second Class,Consumer,North America,Canada,East,Ontario,Toronto,Furniture,Bookcases,632.4,6,0.2,44.27
GB-2024-12268,3/12/2024,3/14/2024,First Class,Home Office,Asia,Japan,Kanto,Tokyo,Tokyo,Office Supplies,Envelopes,55.71,3,0,19.5
GB-2025-12269,12/21/2025,12/21/2025,Same Day,Home Office,North America,United States,East,Pennsylvania,Philadelphia,Furniture,Bookcases,851.81,6,0.2,59.63
GB-2026-12270,1/10/2026,1/13/2026,Second Class,Corporate,Europe,United Kingdom,North,Scotland,Edinburgh,Furniture,Chairs,549.36,4,0.1,49.44
GB-2025-12271,4/26/2025,5/1/2025,Standard Class,Home Office,Asia,Japan,Kanto,Tokyo,Tokyo,Technology,Accessories,807.9,6,0,323.16
GB-2025-12272,4/20/2025,4/25/2025,Standard Class,Corporate,South America,Brazil,Southeast,São Paulo,São Paulo,Office Supplies,Envelopes,19.86,4,0.5,0.99
GB-2024-12273,4/5/2024,4/10/2024,Standard Class,Home Office,North America,United States,East,Pennsylvania,Philadelphia,Furniture,Furnishings,90.65,8,0.1,17.22
GB-2024-12274,5/3/2024,5/8/2024,Standard Class,Consumer,Asia,India,West,Maharashtra,Mumbai,Furniture,Tables,981.36,3,0.5,392.54
GB-2024-12275,4/6/2024,4/9/2024,Second Class,Home Office,South America,Brazil,Southeast,Rio de Janeiro,Rio de Janeiro,Technology,Copiers,4880.79,3,0,1708.28
GB-2024-12276,11/11/2024,11/13/2024,First Class,Consumer,South America,Brazil,South,Paraná,Curitiba,Office Supplies,Binders,192.6,5,0,86.67
GB-2024-12277,10/4/2024,10/9/2024,Standard Class,Home Office,North America,Canada,East,Ontario,Toronto,Furniture,Bookcases,1608.55,8,0.1,16.09
GB-2024-12278,4/3/2024,4/8/2024,Standard Class,Home Office,Oceania,Australia,West,Western Australia,Perth,Office Supplies,Paper,37.9,5,0,15.16
GB-2024-12279,7/16/2024,7/19/2024,Second Class,Home Office,Asia,India,East,West Bengal,Kolkata,Office Supplies,Art,30.9,3,0,9.27
GB-2024-12280,4/5/2024,4/8/2024,Second Class,Home Office,North America,United States,West,California,Los Angeles,Technology,Phones,714.4,1,0,142.88
GB-2024-12281,11/23/2024,11/26/2024,Second Class,Consumer,Asia,India,North,Delhi,New Delhi,Furniture,Furnishings,518,7,0,129.5
GB-2025-12282,11/10/2025,11/12/2025,First Class,Corporate,Oceania,Australia,West,Western Australia,Perth,Furniture,Furnishings,122.36,2,0,30.59
GB-2024-12283,3/7/2024,3/10/2024,Second Class,Home Office,Asia,India,North,Delhi,New Delhi,Office Supplies,Binders,133.52,5,0.2,44.06
GB-2024-12284,10/28/2024,11/2/2024,Standard Class,Corporate,Asia,India,South,Tamil Nadu,Chennai,Furniture,Tables,3105,5,0,310.5
GB-2024-12285,8/23/2024,8/23/2024,Same Day,Corporate,North America,Canada,East,Ontario,Toronto,Office Supplies,Art,13.19,1,0.1,3.17
GB-2025-12286,1/5/2025,1/7/2025,First Class,Consumer,North America,United States,West,California,Los Angeles,Technology,Accessories,136.26,6,0,54.5
GB-2024-12287,12/14/2024,12/16/2024,First Class,Consumer,Oceania,Australia,East,New South Wales,Sydney,Technology,Accessories,829.82,8,0.2,232.35
GB-2024-12288,9/11/2024,9/16/2024,Standard Class,Home Office,South America,Brazil,South,Paraná,Curitiba,Furniture,Bookcases,703.7,2,0,35.19
GB-2024-12289,12/2/2024,12/7/2024,Standard Class,Corporate,North America,United States,East,New York,New York,Technology,Accessories,188.65,5,0,75.46
GB-2025-12290,4/11/2025,4/16/2025,Standard Class,Corporate,Africa,South Africa,Western Cape,Western Cape,Cape Town,Office Supplies,Envelopes,127.53,9,0,44.64
GB-2024-12291,1/17/2024,1/22/2024,Standard Class,Consumer,Europe,United Kingdom,North,Scotland,Edinburgh,Furniture,Bookcases,2979.68,8,0,148.98
GB-2026-12292,2/15/2026,2/20/2026,Standard Class,Home Office,North America,Canada,East,Ontario,Toronto,Office Supplies,Envelopes,60.91,6,0.1,17.66
GB-2024-12293,1/1/2024,1/4/2024,Second Class,Consumer,Oceania,Australia,East,New South Wales,Sydney,Office Supplies,Envelopes,35.64,5,0.2,8.2
GB-2025-12294,11/30/2025,12/5/2025,Standard Class,Corporate,Asia,Japan,Kansai,Osaka,Osaka,Furniture,Bookcases,1967.04,6,0,98.35
GB-2024-12295,12/9/2024,12/12/2024,Second Class,Corporate,South America,Brazil,South,Paraná,Curitiba,Office Supplies,Paper,69.17,3,0.1,23.52
GB-2024-12296,9/27/2024,9/29/2024,First Class,Home Office,Europe,Germany,North,Berlin,Berlin,Office Supplies,Paper,115.88,5,0.2,32.45
GB-2024-12297,12/4/2024,12/9/2024,Standard Class,Home Office,South America,Brazil,South,Paraná,Curitiba,Technology,Copiers,12770.52,7,0,4469.68
GB-2026-12298,3/19/2026,3/24/2026,Standard Class,Corporate,Asia,India,South,Tamil Nadu,Chennai,Technology,Machines,10975.42,9,0.1,2634.1
GB-2024-12299,7/19/2024,7/24/2024,Standard Class,Corporate,North America,United States,East,New York,New York,Furniture,Furnishings,502.44,9,0.1,95.46
GB-2024-12300,3/27/2024,3/27/2024,Same Day,Home Office,Asia,India,South,Tamil Nadu,Chennai,Furniture,Furnishings,332.24,8,0,83.06
GB-2025-12301,5/1/2025,5/6/2025,Standard Class,Consumer,Europe,Germany,North,Berlin,Berlin,Furniture,Furnishings,118.22,4,0.1,22.46
GB-2024-12302,8/4/2024,8/7/2024,Second Class,Corporate,Europe,Germany,North,Berlin,Berlin,Furniture,Chairs,626.55,3,0,93.98
GB-2025-12303,11/26/2025,12/1/2025,Standard Class,Corporate,Asia,India,East,West Bengal,Kolkata,Furniture,Furnishings,175.95,5,0,43.99
GB-2025-12304,4/17/2025,4/19/2025,First Class,Consumer,Asia,India,East,West Bengal,Kolkata,Office Supplies,Envelopes,87.3,9,0,30.55
GB-2025-12305,9/20/2025,9/22/2025,First Class,Home Office,South America,Brazil,South,Paraná,Curitiba,Office Supplies,Art,82.67,5,0.1,19.84
GB-2024-12306,10/19/2024,10/21/2024,First Class,Home Office,Europe,Germany,North,Berlin,Berlin,Technology,Machines,5464,5,0.2,1639.2
GB-2026-12307,2/10/2026,2/13/2026,Second Class,Corporate,Europe,Germany,South,Bavaria,Munich,Furniture,Bookcases,256.22,3,0.2,17.94
GB-2025-12308,3/7/2025,3/12/2025,Standard Class,Consumer,Europe,Germany,South,Bavaria,Munich,Office Supplies,Paper,25.86,2,0,10.34
GB-2024-12309,7/31/2024,8/3/2024,Second Class,Consumer,North America,United States,East,New York,New York,Technology,Accessories,123.52,1,0,49.41
GB-2024-12310,12/31/2024,1/3/2025,Second Class,Consumer,North America,Canada,West,British Columbia,Vancouver,Furniture,Bookcases,1467.48,7,0,73.37
GB-2024-12311,7/3/2024,7/5/2024,First Class,Home Office,North America,Canada,West,British Columbia,Vancouver,Technology,Phones,408.18,1,0,81.64
GB-2025-12312,8/7/2025,8/10/2025,Second Class,Consumer,North America,United States,West,Washington,Seattle,Office Supplies,Paper,36,2,0.1,12.24
GB-2025-12313,5/28/2025,6/2/2025,Standard Class,Home Office,Europe,Germany,North,Berlin,Berlin,Technology,Phones,3250.31,6,0.1,455.04
GB-2025-12314,4/3/2025,4/6/2025,Second Class,Corporate,Europe,United Kingdom,North,Scotland,Edinburgh,Office Supplies,Envelopes,131.95,7,0,46.18
GB-2026-12315,2/21/2026,2/24/2026,Second Class,Home Office,Europe,United Kingdom,North,Scotland,Edinburgh,Technology,Machines,6374.7,7,0.2,1912.41
GB-2025-12316,1/27/2025,2/1/2025,Standard Class,Consumer,Asia,India,South,Tamil Nadu,Chennai,Office Supplies,Envelopes,118.02,6,0,41.31
GB-2024-12317,1/18/2024,1/23/2024,Standard Class,Home Office,North America,United States,East,New York,New York,Furniture,Tables,784.51,3,0.5,313.8
GB-2024-12318,1/18/2024,1/23/2024,Standard Class,Corporate,Asia,Japan,Kanto,Tokyo,Tokyo,Furniture,Bookcases,206.37,1,0,10.32
GB-2024-12319,3/31/2024,4/5/2024,Standard Class,Corporate,North America,Canada,West,British Columbia,Vancouver,Furniture,Tables,5174.37,9,0,517.44
GB-2025-12320,4/9/2025,4/12/2025,Second Class,Home Office,Europe,Germany,South,Bavaria,Munich,Office Supplies,Binders,9.92,1,0.1,3.87
GB-2024-12321,10/15/2024,10/20/2024,Standard Class,Home Office,South America,Brazil,Southeast,Rio de Janeiro,Rio de Janeiro,Technology,Copiers,11933.76,6,0,4176.82
GB-2026-12322,2/4/2026,2/7/2026,Second Class,Corporate,Europe,Germany,South,Bavaria,Munich,Furniture,Tables,783.16,2,0.5,313.26
GB-2024-12323,3/19/2024,3/24/2024,Standard Class,Consumer,North America,Canada,West,British Columbia,Vancouver,Office Supplies,Envelopes,78.12,6,0,27.34
GB-2024-12324,8/3/2024,8/3/2024,Same Day,Home Office,Asia,Japan,Kanto,Tokyo,Tokyo,Office Supplies,Art,107.57,6,0.2,19.36
GB-2024-12325,2/29/2024,3/2/2024,First Class,Home Office,Europe,United Kingdom,South,England,London,Office Supplies,Art,97.33,9,0.5,0
GB-2024-12326,4/23/2024,4/28/2024,Standard Class,Corporate,Asia,India,West,Maharashtra,Mumbai,Furniture,Tables,1357.17,5,0.5,542.87
GB-2024-12327,4/3/2024,4/8/2024,Standard Class,Home Office,Asia,India,West,Maharashtra,Mumbai,Office Supplies,Envelopes,32,4,0.1,9.28
GB-2026-12328,4/16/2026,4/21/2026,Standard Class,Consumer,North America,Canada,West,British Columbia,Vancouver,Furniture,Chairs,506.97,3,0,76.05
GB-2025-12329,4/28/2025,4/30/2025,First Class,Corporate,North America,United States,West,Washington,Seattle,Furniture,Tables,947.58,4,0.2,208.47
GB-2024-12330,12/30/2024,1/4/2025,Standard Class,Consumer,Africa,South Africa,Gauteng,Gauteng,Johannesburg,Furniture,Chairs,1195.25,5,0,179.29
GB-2025-12331,6/29/2025,7/4/2025,Standard Class,Home Office,North America,United States,West,Washington,Seattle,Technology,Accessories,369.42,6,0,147.77
GB-2025-12332,12/25/2025,12/30/2025,Standard Class,Home Office,Asia,Japan,Kansai,Osaka,Osaka,Technology,Copiers,797.9,2,0.5,39.89
GB-2025-12333,9/4/2025,9/9/2025,Standard Class,Consumer,North America,Canada,East,Ontario,Toronto,Furniture,Furnishings,166.66,2,0.1,31.67
GB-2025-12334,10/18/2025,10/23/2025,Standard Class,Home Office,North America,United States,East,New York,New York,Technology,Accessories,372.03,3,0,148.81
GB-2025-12335,7/2/2025,7/7/2025,Standard Class,Home Office,South America,Brazil,Southeast,Rio de Janeiro,Rio de Janeiro,Office Supplies,Envelopes,44.28,3,0,15.5
GB-2025-12336,9/25/2025,9/30/2025,Standard Class,Corporate,Africa,South Africa,Gauteng,Gauteng,Johannesburg,Office Supplies,Paper,5.28,1,0,2.11
GB-2024-12337,5/22/2024,5/25/2024,Second Class,Home Office,Asia,Japan,Kansai,Osaka,Osaka,Furniture,Furnishings,73.31,1,0,18.33
GB-2024-12338,2/1/2024,2/6/2024,Standard Class,Home Office,Asia,Japan,Kansai,Osaka,Osaka,Technology,Copiers,8635.45,5,0,3022.41
GB-2024-12339,5/5/2024,5/10/2024,Standard Class,Corporate,North America,Canada,East,Ontario,Toronto,Office Supplies,Paper,41.76,3,0.5,4.18
GB-2025-12340,2/13/2025,2/18/2025,Standard Class,Corporate,North America,United States,East,New York,New York,Office Supplies,Paper,137.65,7,0.2,38.54
GB-2025-12341,5/3/2025,5/8/2025,Standard Class,Corporate,Asia,Japan,Kanto,Tokyo,Tokyo,Office Supplies,Paper,263.7,9,0,105.48
GB-2024-12342,12/4/2024,12/9/2024,Standard Class,Home Office,North America,United States,East,Pennsylvania,Philadelphia,Office Supplies,Art,146.37,7,0,43.91
GB-2025-12343,7/26/2025,7/31/2025,Standard Class,Home Office,South America,Brazil,South,Paraná,Curitiba,Office Supplies,Binders,21.4,2,0.1,8.35
GB-2024-12344,2/23/2024,2/28/2024,Standard Class,Consumer,South America,Brazil,Southeast,São Paulo,São Paulo,Furniture,Tables,2070.9,9,0.5,828.36
GB-2025-12345,5/8/2025,5/10/2025,First Class,Corporate,Asia,Japan,Kanto,Tokyo,Tokyo,Furniture,Chairs,895.61,4,0.1,80.6
GB-2026-12346,1/17/2026,1/22/2026,Standard Class,Home Office,Oceania,Australia,East,New South Wales,Sydney,Technology,Accessories,132.93,5,0.1,45.2
GB-2024-12347,5/4/2024,5/9/2024,Standard Class,Home Office,Asia,Japan,Kanto,Tokyo,Tokyo,Office Supplies,Binders,121.41,9,0,54.63
GB-2024-12348,4/5/2024,4/5/2024,Same Day,Corporate,Europe,United Kingdom,North,Scotland,Edinburgh,Furniture,Furnishings,85.6,8,0,21.4
GB-2025-12349,6/6/2025,6/9/2025,Second Class,Corporate,Asia,Japan,Kansai,Osaka,Osaka,Technology,Copiers,3009.37,3,0.1,872.72
GB-2025-12350,11/9/2025,11/14/2025,Standard Class,Consumer,South America,Brazil,Southeast,São Paulo,São Paulo,Furniture,Tables,1155.03,3,0,115.5
GB-2025-12351,3/23/2025,3/25/2025,First Class,Home Office,Europe,Germany,South,Bavaria,Munich,Office Supplies,Envelopes,23.76,9,0.5,1.19
GB-2024-12352,10/12/2024,10/17/2024,Standard Class,Home Office,North America,Canada,West,British Columbia,Vancouver,Technology,Machines,3367.32,6,0,606.12
GB-2025-12353,10/13/2025,10/18/2025,Standard Class,Corporate,Europe,Germany,South,Bavaria,Munich,Technology,Machines,4955.95,5,0,892.07
GB-2024-12354,10/10/2024,10/15/2024,Standard Class,Home Office,North America,Canada,West,British Columbia,Vancouver,Office Supplies,Envelopes,78.77,6,0.2,18.12
GB-2025-12355,10/29/2025,11/3/2025,Standard Class,Home Office,Asia,Japan,Kansai,Osaka,Osaka,Furniture,Bookcases,1446.76,7,0,72.34
GB-2026-12356,2/24/2026,3/1/2026,Standard Class,Home Office,Europe,United Kingdom,North,Scotland,Edinburgh,Technology,Machines,5715.6,4,0,1028.81
GB-2026-12357,4/8/2026,4/13/2026,Standard Class,Consumer,Europe,United Kingdom,South,England,London,Office Supplies,Binders,5.51,1,0.1,2.15
GB-2025-12358,8/12/2025,8/17/2025,Standard Class,Home Office,North America,Canada,East,Ontario,Toronto,Technology,Accessories,1106.46,9,0,442.58
GB-2026-12359,3/1/2026,3/4/2026,Second Class,Consumer,Europe,Germany,North,Berlin,Berlin,Office Supplies,Paper,40.18,2,0.2,11.25
GB-2024-12360,2/4/2024,2/9/2024,Standard Class,Consumer,North America,Canada,East,Ontario,Toronto,Office Supplies,Binders,303.12,8,0,136.4
GB-2025-12361,6/23/2025,6/28/2025,Standard Class,Home Office,Europe,Germany,South,Bavaria,Munich,Office Supplies,Envelopes,10.18,1,0,3.56
GB-2025-12362,2/6/2025,2/11/2025,Standard Class,Corporate,Europe,Germany,South,Bavaria,Munich,Office Supplies,Binders,28.98,1,0.1,11.3
GB-2025-12363,2/8/2025,2/10/2025,First Class,Corporate,Asia,India,North,Delhi,New Delhi,Technology,Accessories,490.01,7,0.1,166.6
GB-2025-12364,11/30/2025,12/5/2025,Standard Class,Home Office,Europe,United Kingdom,South,England,London,Office Supplies,Art,50.24,4,0.2,9.04
GB-2025-12365,11/20/2025,11/25/2025,Standard Class,Corporate,South America,Brazil,Southeast,São Paulo,São Paulo,Office Supplies,Binders,50.65,7,0.5,7.6
GB-2025-12366,1/14/2025,1/19/2025,Standard Class,Home Office,Oceania,Australia,West,Western Australia,Perth,Office Supplies,Paper,206,8,0,82.4
GB-2026-12367,3/11/2026,3/13/2026,First Class,Home Office,Oceania,Australia,East,New South Wales,Sydney,Office Supplies,Art,32.64,6,0,9.79
GB-2025-12368,12/5/2025,12/10/2025,Standard Class,Consumer,Asia,India,South,Tamil Nadu,Chennai,Technology,Phones,5884.96,7,0.1,823.89
GB-2024-12369,7/1/2024,7/6/2024,Standard Class,Home Office,Asia,Japan,Kansai,Osaka,Osaka,Office Supplies,Envelopes,64.64,7,0.1,18.75
GB-2025-12370,8/19/2025,8/21/2025,First Class,Corporate,North America,Canada,West,British Columbia,Vancouver,Technology,Copiers,4102.74,5,0.1,1189.79
GB-2025-12371,7/3/2025,7/8/2025,Standard Class,Corporate,North America,Canada,East,Ontario,Toronto,Technology,Phones,3256.6,5,0.2,260.53
GB-2024-12372,2/25/2024,3/1/2024,Standard Class,Home Office,North America,United States,West,California,Los Angeles,Office Supplies,Envelopes,54.96,8,0,19.24
GB-2024-12373,2/18/2024,2/23/2024,Standard Class,Corporate,Asia,Japan,Kansai,Osaka,Osaka,Office Supplies,Art,57.38,4,0.2,10.33
GB-2025-12374,11/6/2025,11/11/2025,Standard Class,Home Office,Europe,United Kingdom,North,Scotland,Edinburgh,Office Supplies,Art,65.45,7,0,19.64
GB-2024-12375,10/3/2024,10/6/2024,Second Class,Home Office,Asia,Japan,Kanto,Tokyo,Tokyo,Technology,Accessories,436.27,6,0.1,148.33
GB-2024-12376,11/17/2024,11/22/2024,Standard Class,Consumer,Oceania,Australia,West,Western Australia,Perth,Technology,Accessories,936.72,8,0,374.69
GB-2025-12377,5/14/2025,5/19/2025,Standard Class,Home Office,North America,Canada,West,British Columbia,Vancouver,Furniture,Bookcases,666.02,2,0,33.3
GB-2024-12378,9/1/2024,9/6/2024,Standard Class,Home Office,Asia,Japan,Kansai,Osaka,Osaka,Office Supplies,Paper,60.32,8,0,24.13
GB-2025-12379,8/30/2025,8/30/2025,Same Day,Corporate,Asia,India,South,Tamil Nadu,Chennai,Technology,Machines,5886.44,4,0,1059.56
GB-2024-12380,12/23/2024,12/26/2024,Second Class,Home Office,Europe,United Kingdom,South,England,London,Office Supplies,Art,33.46,7,0,10.04
GB-2024-12381,7/14/2024,7/17/2024,Second Class,Corporate,North America,United States,West,Washington,Seattle,Technology,Phones,806.38,1,0,161.28
GB-2024-12382,2/6/2024,2/8/2024,First Class,Corporate,Oceania,Australia,East,New South Wales,Sydney,Technology,Machines,4315.74,3,0,776.83
GB-2025-12383,11/27/2025,12/2/2025,Standard Class,Home Office,North America,Canada,East,Ontario,Toronto,Office Supplies,Envelopes,41.16,4,0,14.41
GB-2025-12384,3/14/2025,3/19/2025,Standard Class,Consumer,Europe,Germany,South,Bavaria,Munich,Office Supplies,Paper,65.6,8,0,26.24
GB-2024-12385,8/7/2024,8/12/2024,Standard Class,Consumer,Africa,South Africa,Western Cape,Western Cape,Cape Town,Furniture,Chairs,463.26,2,0,69.49
GB-2025-12386,4/24/2025,4/26/2025,First Class,Corporate,North America,Canada,East,Ontario,Toronto,Office Supplies,Binders,135.16,6,0.1,52.71
GB-2025-12387,8/4/2025,8/9/2025,Standard Class,Consumer,Africa,South Africa,Gauteng,Gauteng,Johannesburg,Technology,Phones,838.21,1,0.1,117.35
GB-2024-12388,8/21/2024,8/23/2024,First Class,Home Office,Europe,Germany,North,Berlin,Berlin,Furniture,Tables,1049.43,6,0.5,419.77
GB-2025-12389,3/1/2025,3/6/2025,Standard Class,Home Office,Europe,Germany,North,Berlin,Berlin,Technology,Machines,10030.09,7,0,1805.42
GB-2026-12390,4/9/2026,4/14/2026,Standard Class,Consumer,Africa,South Africa,Gauteng,Gauteng,Johannesburg,Technology,Copiers,8704.46,6,0.2,2002.03
GB-2024-12391,3/25/2024,3/27/2024,First Class,Home Office,Europe,United Kingdom,North,Scotland,Edinburgh,Office Supplies,Art,174.53,8,0.1,41.89
GB-2024-12392,10/6/2024,10/11/2024,Standard Class,Corporate,Asia,India,South,Tamil Nadu,Chennai,Office Supplies,Art,12.6,2,0,3.78
GB-2026-12393,3/2/2026,3/5/2026,Second Class,Home Office,South America,Brazil,Southeast,São Paulo,São Paulo,Office Supplies,Envelopes,50.68,4,0,17.74
GB-2024-12394,12/12/2024,12/17/2024,Standard Class,Consumer,Oceania,Australia,East,New South Wales,Sydney,Technology,Machines,6579,9,0,1184.22
GB-2026-12395,3/8/2026,3/10/2026,First Class,Corporate,South America,Brazil,South,Paraná,Curitiba,Furniture,Chairs,456.62,2,0,68.49
GB-2024-12396,7/22/2024,7/27/2024,Standard Class,Corporate,Africa,South Africa,Gauteng,Gauteng,Johannesburg,Office Supplies,Binders,107.46,9,0,48.36
GB-2024-12397,7/19/2024,7/24/2024,Standard Class,Corporate,South America,Brazil,South,Paraná,Curitiba,Office Supplies,Paper,26.8,1,0.1,9.11
GB-2025-12398,5/9/2025,5/14/2025,Standard Class,Home Office,North America,Canada,West,British Columbia,Vancouver,Technology,Accessories,74.53,1,0.1,25.34
GB-2025-12399,12/6/2025,12/8/2025,First Class,Home Office,Europe,United Kingdom,North,Scotland,Edinburgh,Furniture,Bookcases,2313.63,9,0,115.68
GB-2025-12400,7/28/2025,8/2/2025,Standard Class,Corporate,North America,Canada,East,Ontario,Toronto,Furniture,Tables,4502.74,7,0.1,720.44
GB-2026-12401,3/25/2026,3/30/2026,Standard Class,Home Office,Europe,Germany,North,Berlin,Berlin,Office Supplies,Paper,123.93,6,0.1,42.14
GB-2024-12402,8/24/2024,8/27/2024,Second Class,Consumer,Europe,Germany,North,Berlin,Berlin,Technology,Phones,1754.76,4,0,350.95
GB-2025-12403,11/8/2025,11/8/2025,Same Day,Home Office,Africa,South Africa,Gauteng,Gauteng,Johannesburg,Technology,Phones,3881.52,6,0,776.3
GB-2025-12404,2/10/2025,2/10/2025,Same Day,Consumer,Oceania,Australia,East,New South Wales,Sydney,Office Supplies,Binders,48.11,2,0.5,7.22
GB-2024-12405,3/9/2024,3/14/2024,Standard Class,Home Office,South America,Brazil,South,Paraná,Curitiba,Office Supplies,Paper,28.08,3,0,11.23
GB-2026-12406,1/22/2026,1/24/2026,First Class,Consumer,Oceania,Australia,West,Western Australia,Perth,Technology,Phones,1337.81,3,0.5,133.78
GB-2024-12407,8/25/2024,8/30/2024,Standard Class,Corporate,Oceania,Australia,East,New South Wales,Sydney,Furniture,Furnishings,241.82,6,0.2,31.44
GB-2024-12408,11/30/2024,12/2/2024,First Class,Corporate,Europe,Germany,South,Bavaria,Munich,Technology,Accessories,46.76,2,0,18.7
GB-2024-12409,3/24/2024,3/29/2024,Standard Class,Consumer,North America,United States,East,New York,New York,Technology,Accessories,468.29,6,0.1,159.22
GB-2025-12410,12/24/2025,12/29/2025,Standard Class,Home Office,North America,United States,West,Washington,Seattle,Furniture,Furnishings,138.64,8,0,34.66
GB-2024-12411,1/28/2024,2/2/2024,Standard Class,Corporate,Europe,Germany,North,Berlin,Berlin,Furniture,Tables,3377.43,5,0.1,540.39
GB-2024-12412,1/5/2024,1/10/2024,Standard Class,Corporate,North America,United States,West,California,Los Angeles,Furniture,Furnishings,421.96,7,0,105.49
GB-2025-12413,7/24/2025,7/29/2025,Standard Class,Corporate,Europe,Germany,North,Berlin,Berlin,Office Supplies,Art,21.02,4,0.5,0
GB-2025-12414,11/2/2025,11/4/2025,First Class,Home Office,Asia,Japan,Kanto,Tokyo,Tokyo,Technology,Machines,1796.28,4,0,323.33
GB-2024-12415,9/27/2024,10/2/2024,Standard Class,Corporate,Asia,Japan,Kansai,Osaka,Osaka,Office Supplies,Art,40.74,2,0,12.22
GB-2024-12416,10/14/2024,10/16/2024,First Class,Consumer,Oceania,Australia,East,New South Wales,Sydney,Technology,Phones,2446.13,6,0.2,195.69
GB-2024-12417,10/23/2024,10/28/2024,Standard Class,Consumer,Europe,Germany,South,Bavaria,Munich,Office Supplies,Paper,15.38,2,0,6.15
GB-2025-12418,8/12/2025,8/17/2025,Standard Class,Corporate,South America,Brazil,South,Paraná,Curitiba,Office Supplies,Art,57.2,8,0,17.16
GB-2025-12419,4/11/2025,4/16/2025,Standard Class,Corporate,Asia,India,South,Tamil Nadu,Chennai,Office Supplies,Paper,70.2,4,0.1,23.87
GB-2024-12420,9/21/2024,9/21/2024,Same Day,Corporate,Oceania,Australia,West,Western Australia,Perth,Office Supplies,Envelopes,28.24,3,0.5,1.41
GB-2026-12421,1/5/2026,1/7/2026,First Class,Consumer,North America,United States,West,Washington,Seattle,Furniture,Furnishings,721.04,8,0,180.26
GB-2025-12422,1/18/2025,1/23/2025,Standard Class,Home Office,North America,Canada,East,Ontario,Toronto,Furniture,Furnishings,403.39,8,0.2,52.44
GB-2026-12423,4/7/2026,4/10/2026,Second Class,Corporate,North America,United States,East,Pennsylvania,Philadelphia,Furniture,Bookcases,278,2,0,13.9
GB-2024-12424,6/25/2024,6/30/2024,Standard Class,Consumer,Europe,United Kingdom,North,Scotland,Edinburgh,Furniture,Tables,2255.15,4,0.1,360.82
GB-2024-12425,2/23/2024,2/26/2024,Second Class,Consumer,Asia,India,South,Tamil Nadu,Chennai,Office Supplies,Paper,142.02,7,0.2,39.77
GB-2025-12426,1/21/2025,1/26/2025,Standard Class,Corporate,Asia,India,East,West Bengal,Kolkata,Technology,Copiers,4309.72,4,0,1508.4
GB-2025-12427,2/5/2025,2/10/2025,Standard Class,Consumer,Oceania,Australia,East,New South Wales,Sydney,Furniture,Furnishings,12.97,1,0,3.24
GB-2024-12428,9/28/2024,10/3/2024,Standard Class,Home Office,Europe,Germany,South,Bavaria,Munich,Furniture,Chairs,3464.91,9,0,519.74
GB-2025-12429,1/5/2025,1/10/2025,Standard Class,Corporate,South America,Brazil,South,Paraná,Curitiba,Office Supplies,Envelopes,97.8,5,0,34.23
GB-2026-12430,3/30/2026,4/4/2026,Standard Class,Home Office,South America,Brazil,South,Paraná,Curitiba,Furniture,Tables,375.78,1,0,37.58
GB-2024-12431,5/13/2024,5/18/2024,Standard Class,Consumer,South America,Brazil,Southeast,São Paulo,São Paulo,Technology,Accessories,649.53,9,0,259.81
GB-2024-12432,8/1/2024,8/1/2024,Same Day,Home Office,Asia,Japan,Kansai,Osaka,Osaka,Technology,Machines,4712.4,4,0.1,1130.98
GB-2024-12433,9/14/2024,9/16/2024,First Class,Corporate,Oceania,Australia,East,New South Wales,Sydney,Office Supplies,Envelopes,47.55,5,0,16.64
GB-2024-12434,8/28/2024,9/2/2024,Standard Class,Consumer,Oceania,Australia,West,Western Australia,Perth,Furniture,Bookcases,620.96,2,0,31.05
GB-2025-12435,5/14/2025,5/19/2025,Standard Class,Home Office,North America,United States,East,New York,New York,Technology,Phones,1557.06,2,0,311.41
GB-2024-12436,10/31/2024,11/5/2024,Standard Class,Corporate,North America,Canada,West,British Columbia,Vancouver,Technology,Phones,894.75,1,0,178.95
GB-2025-12437,3/1/2025,3/6/2025,Standard Class,Corporate,Europe,United Kingdom,South,England,London,Furniture,Furnishings,262.08,8,0,65.52
GB-2024-12438,2/22/2024,2/27/2024,Standard Class,Home Office,Europe,Germany,South,Bavaria,Munich,Technology,Copiers,1237.52,4,0.5,
GB-2025-12439,6/3/2025,6/3/2025,Same Day,Consumer,South America,Brazil,South,Paraná,Curitiba,Office Supplies,Paper,53.22,2,0,
GB-2025-12440,8/31/2025,9/5/2025,Standard Class,Consumer,Europe,United Kingdom,North,Scotland,Edinburgh,Technology,Phones,1644.56,8,0,
GB-2026-12441,1/9/2026,1/14/2026,Standard Class,Corporate,Europe,Germany,North,Berlin,Berlin,Technology,Copiers,4218.36,6,0,
GB-2024-12442,5/2/2024,5/4/2024,First Class,Consumer,Oceania,Australia,East,New South Wales,Sydney,Furniture,Tables,4563.07,8,0.2,
GB-2025-12443,8/12/2025,8/15/2025,Second Class,Consumer,Asia,Japan,Kanto,Tokyo,Tokyo,Office Supplies,Art,126.12,6,0,
GB-2024-12444,8/4/2024,8/6/2024,First Class,Home Office,Europe,Germany,North,Berlin,Berlin,Office Supplies,Art,66.3,8,0.2,
GB-2026-12445,3/21/2026,3/21/2026,Same Day,Consumer,North America,Canada,East,Ontario,Toronto,Furniture,Furnishings,123.36,3,0,
GB-2025-12446,7/12/2025,7/17/2025,Standard Class,Consumer,North America,Canada,West,British Columbia,Vancouver,Technology,Machines,5939.33,8,0.2,
GB-2024-12447,9/21/2024,9/26/2024,Standard Class,Home Office,Europe,Germany,South,Bavaria,Munich,Technology,Machines,2553.5,3,0.2,
GB-2025-12448,1/5/2025,1/10/2025,Standard Class,Corporate,South America,Brazil,Southeast,São Paulo,São Paulo,Furniture,Chairs,924.24,4,0,
GB-2024-12449,1/20/2024,1/23/2024,Second Class,Consumer,North America,Canada,East,Ontario,Toronto,Technology,Phones,1037.95,5,0,
GB-2025-12450,12/16/2025,12/21/2025,Standard Class,Consumer,Europe,United Kingdom,North,Scotland,Edinburgh,Office Supplies,Envelopes,20.67,3,0,
GB-2024-12451,6/6/2024,6/8/2024,First Class,Consumer,Europe,United Kingdom,South,England,London,Technology,Accessories,124.75,1,0.1,
GB-2024-12452,5/31/2024,6/5/2024,Standard Class,Consumer,South America,Brazil,South,Paraná,Curitiba,Furniture,Furnishings,460.15,5,0,
GB-2024-12453,12/2/2024,12/7/2024,Standard Class,Consumer,South America,Brazil,South,Paraná,Curitiba,Technology,Copiers,7093.62,4,0.1,
GB-2026-12454,1/24/2026,1/29/2026,Standard Class,Corporate,North America,United States,West,Washington,Seattle,Technology,Machines,9117.14,8,0.1,
GB-2024-12455,3/25/2024,3/25/2024,Same Day,Consumer,South America,Brazil,Southeast,São Paulo,São Paulo,Office Supplies,Binders,109.44,5,0.1,
GB-2025-12456,2/16/2025,2/21/2025,Standard Class,Consumer,Asia,India,North,Delhi,New Delhi,Technology,Phones,3083.43,7,0,
GB-2024-12457,3/10/2024,3/12/2024,First Class,Home Office,Europe,United Kingdom,North,Scotland,Edinburgh,Furniture,Bookcases,533.82,6,0.5,
GB-2026-12458,1/1/2026,1/3/2026,First Class,Consumer,Asia,India,East,West Bengal,Kolkata,Technology,Copiers,1628.59,1,0,
GB-2025-12459,1/7/2025,1/9/2025,First Class,Corporate,South America,Brazil,Southeast,Rio de Janeiro,Rio de Janeiro,Furniture,Furnishings,27.96,1,0.2,
GB-2026-12460,1/27/2026,1/30/2026,Second Class,Home Office,South America,Brazil,Southeast,Rio de Janeiro,Rio de Janeiro,Technology,Copiers,7436.04,6,0,
GB-2026-12461,3/28/2026,3/30/2026,First Class,Consumer,South America,Brazil,Southeast,Rio de Janeiro,Rio de Janeiro,Furniture,Bookcases,837.94,6,0.2,
GB-2025-12462,11/26/2025,12/1/2025,Standard Class,Consumer,Africa,South Africa,Western Cape,Western Cape,Cape Town,Furniture,Tables,1667.45,5,0.5,
GB-2024-12463,1/23/2024,1/26/2024,Second Class,Home Office,Europe,Germany,North,Berlin,Berlin,Furniture,Tables,823.95,6,0.5,
GB-2025-12464,2/13/2025,2/18/2025,Standard Class,Consumer,Asia,Japan,Kanto,Tokyo,Tokyo,Office Supplies,Paper,172.08,6,0,
GB-2025-12465,5/25/2025,5/30/2025,Standard Class,Home Office,Africa,South Africa,Gauteng,Gauteng,Johannesburg,Furniture,Tables,3852.35,5,0,
GB-2024-12466,3/13/2024,3/18/2024,Standard Class,Home Office,North America,Canada,East,Ontario,Toronto,Office Supplies,Binders,363.96,9,0,
GB-2025-12467,5/12/2025,5/15/2025,Second Class,Consumer,Oceania,Australia,West,Western Australia,Perth,Office Supplies,Binders,156.7,5,0,
GB-2026-12468,2/19/2026,2/19/2026,Same Day,Home Office,Asia,Japan,Kanto,Tokyo,Tokyo,Technology,Machines,2381.22,6,0.5,
GB-2025-12469,2/5/2025,2/10/2025,Standard Class,Consumer,North America,United States,West,Washington,Seattle,Furniture,Chairs,1302.7,7,0,
GB-2024-12470,3/17/2024,3/20/2024,Second Class,Home Office,Asia,Japan,Kanto,Tokyo,Tokyo,Furniture,Chairs,143.73,1,0.5,
GB-2024-12471,11/16/2024,11/21/2024,Standard Class,Consumer,North America,Canada,West,British Columbia,Vancouver,Technology,Machines,10919.92,8,0,
GB-2025-12472,12/3/2025,12/8/2025,Standard Class,Corporate,North America,United States,East,New York,New York,Furniture,Chairs,1897.95,5,0,
GB-2024-12473,4/8/2024,4/10/2024,First Class,Home Office,North America,United States,West,California,Los Angeles,Technology,Copiers,496.74,1,0.5,
GB-2025-12474,2/4/2025,2/7/2025,Second Class,Corporate,South America,Brazil,South,Paraná,Curitiba,Technology,Accessories,159.43,2,0.1,
GB-2025-12475,3/6/2025,3/8/2025,First Class,Consumer,Africa,South Africa,Western Cape,Western Cape,Cape Town,Office Supplies,Binders,174.79,7,0,
GB-2024-12476,1/13/2024,1/18/2024,Standard Class,Consumer,Asia,India,North,Delhi,New Delhi,Technology,Accessories,320.48,8,0,
GB-2024-12477,8/3/2024,8/8/2024,Standard Class,Corporate,North America,United States,East,New York,New York,Furniture,Furnishings,765.68,8,0,
GB-2025-12478,9/4/2025,9/9/2025,Standard Class,Home Office,Europe,Germany,South,Bavaria,Munich,Technology,Copiers,8722.21,7,0,
GB-2025-12479,1/31/2025,2/5/2025,Standard Class,Home Office,North America,Canada,West,British Columbia,Vancouver,Office Supplies,Art,44.48,2,0,
GB-2025-12480,5/18/2025,5/20/2025,First Class,Consumer,Europe,Germany,South,Bavaria,Munich,Office Supplies,Art,58.45,7,0,
GB-2026-12481,2/7/2026,2/12/2026,Standard Class,Consumer,South America,Brazil,Southeast,São Paulo,São Paulo,Furniture,Chairs,611.64,3,0.2,
GB-2024-12482,12/20/2024,12/25/2024,Standard Class,Consumer,North America,Canada,West,British Columbia,Vancouver,Furniture,Chairs,719.32,4,0,
GB-2025-12483,7/24/2025,7/29/2025,Standard Class,Home Office,Asia,Japan,Kanto,Tokyo,Tokyo,Office Supplies,Envelopes,15.57,3,0,
GB-2024-12484,9/25/2024,9/28/2024,Second Class,Consumer,Africa,South Africa,Western Cape,Western Cape,Cape Town,Furniture,Chairs,716.22,6,0.5,
GB-2025-12485,6/3/2025,6/3/2025,Same Day,Home Office,North America,United States,West,Washington,Seattle,Technology,Machines,3889.88,4,0,
GB-2024-12486,11/13/2024,11/18/2024,Standard Class,Corporate,North America,United States,West,California,Los Angeles,Technology,Copiers,638.5,1,0,
GB-2024-12487,10/25/2024,10/30/2024,Standard Class,Consumer,Asia,India,North,Delhi,New Delhi,Technology,Accessories,153.8,2,0,
GB-2025-12488,10/21/2025,10/26/2025,Standard Class,Corporate,Europe,Germany,North,Berlin,Berlin,Technology,Copiers,3994.33,6,0.1,
GB-2025-12489,1/21/2025,1/26/2025,Standard Class,Corporate,North America,Canada,West,British Columbia,Vancouver,Furniture,Tables,1162.2,3,0,
GB-2024-12490,10/20/2024,10/25/2024,Standard Class,Corporate,Asia,Japan,Kanto,Tokyo,Tokyo,Office Supplies,Paper,97.04,6,0.1,
GB-2026-12491,4/25/2026,4/30/2026,Standard Class,Home Office,South America,Brazil,Southeast,Rio de Janeiro,Rio de Janeiro,Furniture,Furnishings,307.57,7,0.1,
GB-2026-12492,3/31/2026,4/5/2026,Standard Class,Consumer,North America,United States,West,Washington,Seattle,Office Supplies,Envelopes,13.76,1,0,
GB-2024-12493,7/17/2024,7/22/2024,Standard Class,Corporate,North America,Canada,West,British Columbia,Vancouver,Office Supplies,Art,12.93,3,0,
GB-2024-12494,9/22/2024,9/25/2024,Second Class,Consumer,North America,Canada,East,Ontario,Toronto,Furniture,Furnishings,206.32,4,0,
GB-2024-12495,2/12/2024,2/17/2024,Standard Class,Consumer,Asia,India,North,Delhi,New Delhi,Office Supplies,Envelopes,33.84,2,0.1,
GB-2025-12496,9/10/2025,9/13/2025,Second Class,Home Office,Oceania,Australia,West,Western Australia,Perth,Furniture,Bookcases,2730.24,8,0.1,
GB-2025-12497,5/28/2025,6/2/2025,Standard Class,Home Office,North America,United States,East,Pennsylvania,Philadelphia,Office Supplies,Binders,184.3,5,0,
GB-2025-12498,7/19/2025,7/22/2025,Second Class,Consumer,North America,United States,East,Pennsylvania,Philadelphia,Furniture,Bookcases,318.8,2,0,
GB-2024-12499,4/16/2024,4/21/2024,Standard Class,Home Office,Asia,Japan,Kanto,Tokyo,Tokyo,Furniture,Tables,1269.51,3,0,
GB-2025-12500,8/24/2025,8/27/2025,Second Class,Corporate,Europe,United Kingdom,North,Scotland,Edinburgh,Furniture,Bookcases,171,1,0.5,
